Date,Durable goods,Equipment,Exports,Federal,Fixed investment,Goods,Government consumption expenditures and gross investment,Gross domestic product,Gross private domestic investment,Imports,Intellectual property products,National defense,Nondefense,Nondurable goods,Nonresidential,Personal consumption expenditures,Residential,Services,State and local,Structures
1947-01-01,2.821,3.641,3.926,22.03,6.947,5.320333333333333,16.5,11.129,6.553,1.837,0.991,31.676,8.754,17.937,4.863,10.168,19.04,4.832333333333334,12.054,25.32
1947-04-01,2.88,3.563,3.877,21.851,6.767,5.353333333333333,16.487,11.1,6.051,1.873,0.979,29.468,11.749,18.244,4.787,10.337,18.088,4.955,12.221,25.185
1947-07-01,2.921,3.443,3.68,21.576,6.985,5.222333333333333,16.485,11.077,5.873,1.661,0.978,30.266,9.954,18.328,4.699,10.371,20.854,4.8950000000000005,12.499,25.357
1947-10-01,3.11,3.642,3.263,21.101,7.561,5.079999999999999,16.354,11.25,7.01,1.75,0.958,30.928,7.989,18.088,4.83,10.374,24.873,4.991333333333333,12.694,24.992
1948-01-01,3.095,3.95,3.114,21.635,7.802,5.122,16.599,11.42,7.729,1.974,0.966,30.582,9.654,18.148,5.11,10.426,24.549,4.979666666666667,12.665,25.511
1948-04-01,3.116,3.688,2.823,22.5,7.791,5.066333333333334,17.186,11.609,8.207,2.052,0.951,29.904,12.711,18.325,4.94,10.547,25.97,5.032,13.012,26.221
1948-07-01,3.168,3.641,2.889,23.021,7.711,5.101333333333334,17.547,11.675,8.291,2.159,0.952,29.683,14.324,18.214,4.952,10.563,25.146,5.208666666666667,13.234,27.005
1948-10-01,3.123,3.758,2.788,24.06,7.623,5.082,18.195,11.689,7.895,2.124,0.945,30.807,15.289,18.452,5.067,10.647,23.303,5.172666666666666,13.548,27.391
1949-01-01,3.066,3.519,3.121,24.491,7.202,5.188666666666667,18.679,11.528,6.716,2.06,0.924,31.465,15.411,18.524,4.834,10.664,21.585,5.189,14.103,26.876
1949-04-01,3.332,3.346,3.094,25.371,6.983,5.229666666666667,19.492,11.488,5.823,2.03,0.921,31.968,16.867,18.575,4.655,10.828,21.223,5.264666666666667,14.893,26.247
1949-07-01,3.491,3.168,2.836,24.948,6.971,5.144333333333333,19.597,11.607,6.306,1.948,0.928,31.855,16.004,18.413,4.442,10.852,23.038,5.092666666666666,15.505,25.086
1949-10-01,3.63,3.133,2.455,23.925,7.224,5.1066666666666665,19.255,11.51,5.996,1.977,0.969,30.024,16.111,18.714,4.387,11.011,25.846,4.979666666666667,15.8,24.398
1950-01-01,3.769,3.188,2.415,22.789,7.668,5.163333333333333,18.899,11.963,7.419,2.032,1.002,28.936,14.895,18.954,4.514,11.195,28.731,5.107,16.187,25.56
1950-04-01,3.801,3.547,2.444,23.361,8.348,5.249333333333333,19.246,12.327,8.213,2.144,1.018,29.179,15.951,19.174,4.89,11.379,31.485,5.242,16.324,26.849
1950-07-01,4.702,3.927,2.507,22.693,8.941,5.7443333333333335,18.936,12.804,8.919,2.646,1.022,30.939,11.717,19.505,5.296,11.963,33.204,5.343666666666667,16.338,28.404
1950-10-01,4.12,3.867,2.71,25.508,8.763,5.588666666666666,20.274,13.049,10.052,2.651,1.012,35.4,12.218,19.072,5.288,11.603,31.657,5.504333333333332,16.344,29.132
1951-01-01,4.25,3.703,2.846,30.232,8.445,5.697,22.431,13.226,9.025,2.651,0.984,44.321,11.051,19.422,5.15,11.883,30.019,5.754666666666666,16.184,29.226
1951-04-01,3.64,3.709,3.126,36.268,8.069,5.561,25.42,13.455,9.234,2.563,0.974,54.132,11.979,19.138,5.212,11.548,26.008,5.855666666666667,16.457,30.219
1951-07-01,3.574,3.789,3.203,42.139,7.95,5.524,28.213,13.733,8.555,2.346,0.993,64.513,11.714,19.54,5.273,11.682,24.367,6.070666666666667,16.539,30.035
1951-10-01,3.563,3.752,3.172,45.356,7.889,5.485666666666667,29.703,13.763,7.873,2.285,1.034,69.908,11.978,19.769,5.186,11.75,24.601,6.280333333333334,16.515,28.881
1952-01-01,3.583,3.773,3.341,47.218,8.01,5.609333333333333,30.585,13.91,8.078,2.55,1.122,72.115,13.356,19.606,5.236,11.777,25.246,6.4816666666666665,16.559,28.916
1952-04-01,3.653,3.825,2.974,49.077,8.145,5.561,31.626,13.939,7.469,2.537,1.2,75.863,12.647,20.062,5.319,12.008,25.714,6.410333333333334,16.911,29.124
1952-07-01,3.436,3.259,2.739,50.293,7.702,5.509,31.945,14.04,7.87,2.692,1.279,77.528,13.238,20.415,4.905,12.066,25.465,6.576666666666667,16.454,29.367
1952-10-01,4.029,3.668,2.758,51.017,8.288,5.766666666666667,32.477,14.501,8.437,2.933,1.374,78.775,13.251,20.714,5.34,12.491,26.84,6.878666666666667,16.832,30.492
1953-01-01,4.164,3.929,2.711,52.828,8.625,5.772333333333333,33.506,14.771,8.618,2.861,1.435,81.011,14.471,20.843,5.629,12.638,27.273,6.885333333333333,17.193,31.41
1953-04-01,4.14,3.923,2.728,54.347,8.691,5.84,34.194,14.885,8.667,3.01,1.501,81.644,17.104,20.938,5.685,12.714,27.363,6.977,17.162,32.013
1953-07-01,4.114,4.055,2.838,53.037,8.707,5.828333333333333,33.831,14.801,8.486,2.998,1.529,80.781,15.266,20.746,5.812,12.684,26.339,7.1193333333333335,17.616,32.191
1953-10-01,3.999,3.938,2.744,52.368,8.631,5.703,33.747,14.577,7.873,2.851,1.547,79.359,15.589,20.777,5.759,12.599,26.125,7.133333333333333,18.037,32.759
1954-01-01,3.875,3.718,2.621,49.747,8.51,5.619666666666667,32.87,14.507,7.816,2.686,1.562,74.45,16.029,20.978,5.607,12.645,26.411,6.955666666666667,18.68,33.092
1954-04-01,4.062,3.635,2.998,47.264,8.646,5.8870000000000005,31.758,14.523,7.798,2.928,1.571,71.457,14.284,20.922,5.557,12.809,28.133,7.170333333333333,18.752,33.322
1954-07-01,4.08,3.807,2.901,45.192,8.975,5.814,31.071,14.687,8.174,2.751,1.586,68.247,13.76,21.186,5.699,12.983,29.846,7.265333333333333,19.27,33.249
1954-10-01,4.331,3.798,3.035,44.693,9.171,5.979333333333333,30.885,14.975,8.533,2.777,1.61,66.067,15.494,21.543,5.691,13.255,31.714,7.418333333333333,19.358,33.108
1955-01-01,4.72,3.833,3.148,43.833,9.523,6.224333333333333,30.903,15.402,9.385,2.941,1.626,65.92,13.716,21.766,5.789,13.553,34.045,7.413333333333334,20.165,34.134
1955-04-01,4.976,4.173,3.074,42.902,9.922,6.320666666666667,30.601,15.653,9.956,3.108,1.677,63.715,14.477,22.168,6.134,13.812,34.535,7.8116666666666665,20.426,34.981
1955-07-01,5.137,4.434,3.276,43.355,10.147,6.4543333333333335,30.797,15.865,10.109,3.16,1.737,64.409,14.607,22.317,6.438,13.983,33.799,8.029,20.397,36.141
1955-10-01,5.001,4.563,3.291,41.913,10.188,6.567333333333333,30.186,15.96,10.343,3.275,1.826,62.522,13.78,22.77,6.63,14.158,32.381,7.904,20.519,37.035
1956-01-01,4.773,4.337,3.447,41.655,10.018,6.641666666666667,30.179,15.898,10.048,3.412,1.911,62.294,13.488,23.027,6.549,14.181,31.553,8.077666666666666,20.734,38.184
1956-04-01,4.779,4.346,3.679,42.671,10.121,6.6883333333333335,30.789,16.029,9.969,3.394,1.985,63.838,13.79,22.97,6.666,14.229,31.39,8.325333333333333,20.994,39.545
1956-07-01,4.695,4.39,3.802,41.975,10.126,6.7076666666666656,30.518,16.015,9.879,3.424,2.031,63.657,12.373,22.985,6.733,14.261,30.797,8.523,21.096,39.795
1956-10-01,4.846,4.379,3.972,43.407,10.079,6.840333333333334,31.295,16.279,9.788,3.267,2.076,65.594,13.118,23.169,6.734,14.457,30.338,8.195,21.31,39.701
1957-01-01,4.935,4.458,4.231,44.259,10.072,6.998,31.966,16.383,9.636,3.527,2.055,66.188,14.346,23.309,6.769,14.558,29.922,8.772333333333334,21.837,39.359
1957-04-01,4.818,4.441,4.105,43.704,9.985,6.9446666666666665,31.8,16.347,9.626,3.554,2.059,66.729,12.243,23.397,6.756,14.583,29.214,8.785666666666666,22.014,39.332
1957-07-01,4.785,4.598,3.991,43.934,10.087,6.919999999999999,32.071,16.507,9.847,3.486,2.084,67.343,11.949,23.722,6.892,14.699,28.829,8.748666666666667,22.327,39.338
1957-10-01,4.729,4.416,3.872,44.452,9.919,6.835999999999999,32.598,16.336,9.09,3.497,2.094,66.566,14.281,23.567,6.733,14.705,28.791,8.695666666666666,22.878,39.114
1958-01-01,4.415,3.947,3.488,43.134,9.361,6.587666666666666,32.316,15.912,8.476,3.549,2.1,66.064,11.833,23.355,6.305,14.501,27.659,8.831666666666667,23.526,38.381
1958-04-01,4.347,3.745,3.504,44.491,9.13,6.607333333333333,33.122,16.017,8.306,3.701,2.13,66.799,14.047,23.566,6.073,14.621,27.758,9.218333333333334,23.857,37.108
1958-07-01,4.437,3.706,3.515,44.34,9.267,6.711333333333333,33.312,16.387,8.943,3.645,2.185,66.792,13.688,23.997,6.009,14.864,29.759,9.081333333333333,24.365,36.261
1958-10-01,4.6,3.906,3.502,45.307,9.816,6.856000000000001,33.983,16.77,9.706,3.837,2.261,67.28,15.306,24.327,6.234,15.066,32.856,9.173333333333334,24.789,36.821
1959-01-01,4.85,4.121,3.756,44.404,10.394,6.955333333333333,33.636,17.092,10.234,3.938,2.33,65.18,16.011,24.643,6.429,15.342,36.565,9.776333333333334,24.934,36.691
1959-04-01,5.032,4.245,3.726,45.227,10.715,7.127,34.05,17.477,11.03,4.129,2.371,64.31,19.099,24.848,6.614,15.579,37.842,9.732,24.991,37.827
1959-07-01,5.13,4.383,4.085,45.832,10.829,7.289000000000001,34.34,17.489,10.318,4.169,2.359,65.357,19.108,24.943,6.792,15.741,37.134,9.967333333333334,25.005,38.952
1959-10-01,4.884,4.374,3.883,45.376,10.703,7.151,34.06,17.539,10.654,4.063,2.377,64.826,18.759,25.097,6.773,15.759,36.082,9.927666666666667,24.876,38.656
1960-01-01,5.041,4.526,4.383,43.671,11.06,7.412333333333333,33.48,17.934,11.725,4.216,2.415,63.921,15.971,25.16,7.008,15.91,37.19,10.282333333333334,25.293,40.269
1960-04-01,5.156,4.602,4.509,43.775,10.859,7.564333333333334,33.857,17.837,10.632,4.248,2.446,63.492,16.811,25.435,7.111,16.111,34.145,10.270999999999999,25.924,40.746
1960-07-01,5.115,4.403,4.607,45.125,10.626,7.498666666666668,34.686,17.925,10.605,4.123,2.548,65.481,17.29,25.286,6.986,16.046,33.125,10.391333333333334,26.31,40.824
1960-10-01,4.987,4.248,4.632,45.303,10.605,7.421666666666667,34.927,17.695,9.43,3.928,2.605,64.827,18.584,25.304,6.97,16.067,33.09,10.317333333333334,26.614,42.378
1961-01-01,4.713,4.11,4.6,45.456,10.516,7.374333333333333,35.446,17.814,9.675,3.909,2.68,66.554,16.622,25.454,6.87,16.061,33.225,10.302666666666667,27.473,42.185
1961-04-01,4.81,4.307,4.386,45.858,10.688,7.363333333333333,35.535,18.116,10.353,3.957,2.766,66.305,17.883,25.794,7.024,16.3,33.357,10.436,27.285,41.482
1961-07-01,4.928,4.365,4.584,47.239,10.944,7.572333333333333,36.295,18.464,11.158,4.219,2.818,68.356,18.349,25.814,7.092,16.379,35.177,10.468666666666666,27.514,41.506
1961-10-01,5.167,4.628,4.659,48.119,11.29,7.7363333333333335,37.092,18.827,11.342,4.319,2.85,69.643,18.672,26.165,7.308,16.709,36.374,10.661,28.255,41.288
1962-01-01,5.279,4.748,4.632,49.907,11.507,7.819,37.808,19.162,11.954,4.451,2.854,72.154,19.468,26.382,7.454,16.886,37.008,10.799000000000001,28.049,42.063
1962-04-01,5.42,4.868,4.898,50.108,11.833,8.002333333333334,38.0,19.336,11.86,4.548,2.885,71.465,20.839,26.488,7.656,17.093,38.154,10.954333333333333,28.239,43.596
1962-07-01,5.46,4.885,4.889,51.612,11.928,8.066666666666666,38.879,19.574,12.061,4.605,2.918,72.685,22.691,26.694,7.751,17.231,38.124,10.986666666666666,28.589,44.745
1962-10-01,5.7,4.9,4.731,51.854,11.892,8.065666666666667,39.149,19.638,11.708,4.662,2.984,72.739,23.173,26.843,7.722,17.475,38.064,11.248333333333335,28.886,43.662
1963-01-01,5.814,4.99,4.803,50.099,12.047,8.105333333333332,38.618,19.852,12.324,4.554,3.081,70.118,22.598,26.99,7.74,17.597,39.407,11.213333333333333,29.418,42.143
1963-04-01,5.939,5.09,5.187,49.876,12.584,8.345666666666666,38.647,20.075,12.52,4.661,3.187,69.703,22.632,27.082,7.981,17.763,42.233,11.312666666666667,29.667,44.14
1963-07-01,6.012,5.31,5.161,52.697,12.894,8.461666666666668,40.363,20.517,12.906,4.779,3.244,72.497,25.425,27.33,8.2,18.004,43.041,11.354999999999999,30.453,44.446
1963-10-01,6.107,5.518,5.362,51.326,13.28,8.557,39.946,20.651,13.063,4.764,3.283,70.521,24.879,27.295,8.44,18.154,44.392,11.444666666666668,30.859,45.354
1964-01-01,6.345,5.653,5.634,51.077,13.739,8.755,40.071,21.087,13.551,4.759,3.27,69.455,25.717,27.763,8.617,18.511,47.12,11.716666666666669,31.316,46.529
1964-04-01,6.51,5.77,5.611,51.049,13.714,8.916333333333334,40.431,21.316,13.503,4.866,3.302,68.599,26.776,28.292,8.818,18.838,44.775,11.765333333333333,32.029,48.104
1964-07-01,6.725,5.974,5.786,50.764,13.937,9.152000000000001,40.48,21.649,13.818,4.997,3.363,68.45,26.321,28.845,9.102,19.186,44.059,11.942666666666668,32.374,49.683
1964-10-01,6.519,6.151,5.903,50.346,14.059,9.193666666666667,40.463,21.716,13.949,5.132,3.435,67.481,26.634,28.901,9.296,19.241,43.277,12.110333333333335,32.712,50.077
1965-01-01,7.125,6.619,5.216,49.914,14.694,9.040666666666667,40.417,22.242,15.279,4.947,3.586,66.308,27.179,29.177,9.888,19.67,43.489,12.095999999999998,33.005,52.646
1965-04-01,7.137,6.738,6.089,49.996,15.11,9.603333333333333,40.895,22.523,15.319,5.531,3.704,66.005,27.766,29.456,10.252,19.887,43.869,12.525,33.841,56.315
1965-07-01,7.381,7.099,5.954,51.849,15.519,9.683666666666667,42.252,23.024,15.853,5.554,3.827,68.016,29.369,29.897,10.624,20.229,44.077,12.592333333333334,34.794,56.907
1965-10-01,7.692,7.374,6.317,53.008,15.878,10.161333333333333,43.052,23.554,15.957,5.825,3.957,69.959,29.471,31.006,11.056,20.797,43.213,12.855666666666666,35.297,59.526
1966-01-01,8.058,7.78,6.162,54.266,16.47,10.306333333333333,43.854,24.127,17.232,5.975,4.093,72.383,29.165,31.231,11.52,21.104,44.297,12.852666666666666,35.715,60.939
1966-04-01,7.736,8.054,6.347,55.754,16.309,10.267333333333333,44.682,24.21,16.977,6.124,4.214,73.96,30.504,31.527,11.709,21.158,40.851,13.505333333333333,35.986,59.763
1966-07-01,7.99,8.09,6.271,57.925,16.327,10.480333333333334,45.9,24.415,16.852,6.467,4.328,78.386,29.651,31.754,11.864,21.4,39.494,13.558666666666667,36.403,61.095
1966-10-01,7.987,8.206,6.427,58.577,15.893,10.532,46.692,24.615,16.951,6.54,4.437,80.404,28.478,31.666,11.863,21.489,35.351,13.755,37.333,59.017
1967-01-01,7.836,7.88,6.506,62.369,15.593,10.547666666666666,48.665,24.833,16.535,6.642,4.515,84.971,31.158,32.021,11.671,21.613,34.378,14.164000000000001,37.789,59.63
1967-04-01,8.172,7.965,6.42,61.687,15.978,10.604666666666667,48.464,24.848,15.937,6.589,4.547,85.101,29.417,32.26,11.643,21.908,38.341,14.301333333333334,37.99,57.936
1967-07-01,8.107,7.856,6.368,62.707,16.17,10.563666666666666,49.002,25.083,16.404,6.676,4.625,87.063,29.162,32.23,11.623,22.021,40.38,14.558,38.131,58.548
1967-10-01,8.128,8.106,6.488,62.742,16.656,10.797000000000002,49.374,25.273,16.758,7.028,4.706,86.272,30.3,32.376,11.857,22.155,42.719,14.507,38.793,58.642
1968-01-01,8.633,8.415,6.67,63.842,17.028,11.239333333333333,50.256,25.788,17.094,7.442,4.793,88.197,30.281,33.013,12.206,22.686,42.845,14.687333333333333,39.504,59.786
1968-04-01,8.817,8.212,6.782,63.493,16.986,11.429,50.516,26.219,17.748,7.555,4.915,88.112,29.587,33.419,12.056,23.032,43.891,14.819,40.278,59.276
1968-07-01,9.213,8.415,7.264,63.13,17.25,11.902,50.667,26.422,17.264,8.01,4.998,86.61,30.741,33.951,12.222,23.463,44.778,15.278666666666666,40.862,58.891
1968-10-01,9.159,8.707,7.103,62.823,17.657,11.798333333333334,50.711,26.526,17.451,7.942,5.07,85.878,31.004,33.958,12.555,23.569,45.398,15.376333333333333,41.202,60.093
1969-01-01,9.332,9.024,6.277,62.62,18.148,11.298,50.825,26.94,18.479,7.193,5.105,85.159,31.49,34.335,12.876,23.831,46.923,15.267000000000001,41.58,61.022
1969-04-01,9.306,9.118,7.653,61.836,18.244,12.349000000000002,50.665,27.022,18.37,8.612,5.204,83.546,31.82,34.411,13.017,23.984,46.483,15.778,41.932,61.507
1969-07-01,9.28,9.237,7.525,61.949,18.505,12.247666666666667,50.767,27.201,18.743,8.5,5.242,83.536,32.095,34.54,13.313,24.101,46.115,15.912,42.024,64.407
1969-10-01,9.244,9.159,7.721,60.539,18.093,12.295000000000002,50.083,27.068,17.838,8.407,5.298,81.944,30.955,34.771,13.243,24.294,42.944,16.158666666666665,41.933,63.956
1970-01-01,9.102,9.094,7.823,59.516,18.003,12.348666666666666,49.841,27.027,17.306,8.38,5.272,79.889,31.319,35.069,13.15,24.445,42.969,16.182333333333332,42.334,63.453
1970-04-01,9.208,9.055,8.126,57.947,17.633,12.458666666666668,49.261,27.066,17.344,8.545,5.236,76.506,32.164,35.047,13.064,24.555,40.339,16.704666666666665,42.565,62.804
1970-07-01,9.241,9.111,8.159,57.233,17.931,12.501666666666665,49.469,27.315,17.626,8.526,5.2,75.429,31.945,35.299,13.109,24.771,42.666,16.832,43.535,63.033
1970-10-01,8.627,8.63,8.176,57.018,17.927,12.521,49.492,27.022,16.69,8.658,5.116,74.899,32.147,35.711,12.66,24.703,46.965,16.692333333333334,43.755,62.295
1971-01-01,9.553,8.776,8.251,55.185,18.295,12.705333333333334,48.769,27.756,18.636,8.556,5.121,71.806,32.013,35.857,12.764,25.178,49.403,16.855999999999998,43.938,62.14
1971-04-01,9.77,8.989,8.19,54.54,18.982,13.003,48.656,27.907,19.165,9.201,5.179,69.362,33.736,35.939,12.938,25.409,54.143,16.951,44.265,61.98
1971-07-01,10.031,9.052,8.599,54.303,19.309,13.325000000000001,48.629,28.136,19.397,9.404,5.246,68.036,34.928,35.866,12.995,25.612,56.632,16.942666666666668,44.414,61.757
1971-10-01,10.459,9.364,7.805,52.869,19.816,12.850999999999999,48.286,28.202,18.875,8.767,5.361,66.291,33.939,36.11,13.26,26.037,58.813,17.134666666666664,44.972,61.595
1972-01-01,10.698,9.719,8.692,53.302,20.66,13.758000000000001,48.549,28.72,20.119,10.048,5.48,65.624,35.852,36.229,13.683,26.38,62.651,17.591666666666665,45.096,63.204
1972-04-01,10.967,9.94,8.439,53.82,21.016,13.766333333333334,48.743,29.372,21.261,9.691,5.573,66.181,36.313,37.208,13.906,26.882,63.838,17.547,45.019,63.558
1972-07-01,11.249,10.178,8.947,51.352,21.254,14.182,47.814,29.649,21.563,9.893,5.619,62.111,36.083,37.721,14.11,27.297,64.12,17.650666666666666,45.381,63.698
1972-10-01,11.845,10.957,9.326,51.485,22.185,14.766333333333334,48.21,30.146,21.699,10.339,5.693,62.395,36.007,38.433,14.786,27.937,66.386,17.893333333333334,46.005,64.712
1973-01-01,12.599,11.561,10.008,52.151,23.055,15.406333333333334,48.625,30.892,22.97,10.816,5.759,63.261,36.39,38.665,15.406,28.447,68.603,18.226666666666667,46.215,66.826
1973-04-01,12.45,12.095,10.49,51.312,23.231,15.436666666666667,48.283,31.228,23.949,10.505,5.842,61.981,36.169,38.338,15.979,28.435,65.048,18.115333333333336,46.289,68.914
1973-07-01,12.34,12.244,10.526,49.497,23.162,15.385666666666665,47.715,31.064,23.081,10.214,5.907,58.852,36.207,38.518,16.225,28.535,62.259,17.87966666666667,46.774,70.473
1973-10-01,12.051,12.441,11.043,49.609,22.963,15.597666666666667,48.073,31.359,23.903,10.291,5.982,59.269,35.889,38.366,16.347,28.449,59.436,17.740666666666666,47.343,69.826
1974-01-01,11.769,12.451,11.187,50.804,22.506,15.319333333333333,48.941,31.089,22.538,9.942,5.995,60.257,37.375,37.851,16.33,28.195,55.571,18.007666666666665,47.941,69.435
1974-04-01,11.832,12.428,11.732,50.63,22.224,15.653333333333334,49.186,31.163,22.448,10.468,6.02,60.895,36.053,37.6,16.302,28.296,53.328,18.419999999999998,48.534,69.152
1974-07-01,11.901,12.488,11.1,50.955,21.859,15.389333333333333,49.284,30.869,21.285,10.285,6.078,59.77,38.422,37.681,16.136,28.418,51.542,18.259333333333334,48.445,66.155
1974-10-01,10.768,11.98,11.39,51.459,20.684,15.055333333333332,49.52,30.749,21.414,10.183,6.077,60.002,39.31,37.009,15.712,28.003,44.831,18.71466666666667,48.462,65.357
1975-01-01,10.998,11.109,11.469,50.917,19.51,14.746,50.059,30.374,17.965,9.162,6.041,59.45,38.779,37.08,14.815,28.238,42.301,18.835666666666665,49.896,62.0
1975-04-01,11.212,10.878,11.135,50.412,19.288,14.499,49.636,30.591,17.43,8.429,6.006,58.283,39.197,37.901,14.459,28.702,43.493,18.877666666666666,49.537,59.669
1975-07-01,11.912,11.014,10.947,51.712,19.76,15.034333333333334,50.564,31.115,18.781,9.129,6.093,60.444,39.292,38.272,14.613,29.11,46.36,18.31833333333333,50.17,60.01
1975-10-01,12.258,11.178,11.566,51.884,20.154,15.466333333333333,51.007,31.534,19.305,9.616,6.246,60.324,39.868,38.179,14.788,29.423,48.346,18.813666666666666,50.841,60.054
1976-01-01,12.871,11.323,11.486,51.369,20.977,15.883333333333333,51.087,32.244,21.168,10.217,6.509,59.501,39.79,38.952,15.104,30.011,52.93,19.101666666666667,51.413,61.676
1976-04-01,12.929,11.536,11.602,51.193,21.323,16.172,50.518,32.48,22.006,10.66,6.683,59.225,39.756,39.551,15.305,30.287,54.235,19.329,50.513,61.491
1976-07-01,13.076,11.851,11.939,51.271,21.563,16.499666666666666,50.37,32.658,22.082,11.096,6.854,59.298,39.84,39.854,15.64,30.606,53.388,19.736,50.177,62.115
1976-10-01,13.283,12.185,12.06,51.382,22.587,16.802333333333333,50.339,32.894,22.248,11.466,6.984,59.087,40.404,40.273,15.942,31.003,59.85,19.915333333333333,50.027,62.309
1977-01-01,13.785,12.968,11.866,51.734,23.366,17.018666666666665,50.767,33.284,23.278,12.003,7.062,59.628,40.485,40.247,16.523,31.369,61.63,20.104,50.523,62.095
1977-04-01,14.111,13.299,12.186,52.391,24.583,17.219333333333335,51.232,33.93,24.947,12.117,7.179,60.145,41.342,40.244,16.979,31.539,68.392,20.362333333333336,50.832,64.417
1977-07-01,14.319,13.63,12.28,52.914,24.897,17.268666666666665,51.438,34.542,26.21,11.95,7.252,60.469,42.147,40.443,17.318,31.837,68.189,20.434,50.779,65.392
1977-10-01,14.62,14.276,11.887,52.548,25.325,17.352,51.315,34.543,25.552,12.12,7.32,59.138,43.155,41.312,17.845,32.316,67.381,20.637,50.856,65.863
1978-01-01,14.232,14.48,12.167,52.585,25.554,17.624,51.328,34.653,26.05,12.932,7.378,59.29,43.03,41.488,18.001,32.497,68.009,21.317333333333334,50.849,65.737
1978-04-01,15.293,15.616,13.436,53.602,27.3,18.441333333333333,52.615,35.993,27.742,12.972,7.601,60.218,44.18,41.808,19.396,33.192,71.263,21.495666666666665,52.375,72.166
1978-07-01,15.087,15.918,13.583,53.952,28.039,18.519666666666666,53.101,36.355,28.55,13.141,7.806,60.52,44.603,42.132,20.054,33.331,72.085,21.845,52.979,76.925
1978-10-01,15.206,16.344,14.122,54.408,28.653,18.862,53.579,36.843,29.211,13.321,8.074,60.862,45.227,42.675,20.702,33.6,71.949,22.195333333333334,53.481,80.143
1979-01-01,15.026,16.931,14.134,54.328,28.906,18.836000000000002,53.049,36.909,29.259,13.285,8.36,60.923,44.943,42.864,21.178,33.774,70.202,22.340999999999998,52.572,79.695
1979-04-01,14.686,16.687,14.17,54.879,28.738,18.791666666666668,53.566,36.949,29.233,13.357,8.546,61.831,44.977,42.781,21.158,33.752,68.964,22.427000000000003,53.067,80.849
1979-07-01,15.096,17.054,14.68,55.005,29.241,19.100333333333335,53.722,37.223,28.74,13.153,8.725,61.865,45.239,43.282,21.783,34.081,68.123,22.415000000000003,53.25,84.618
1979-10-01,14.707,16.789,15.604,55.066,28.97,19.517333333333333,54.076,37.316,28.231,13.44,8.832,62.318,44.72,43.511,21.843,34.166,65.4,22.64233333333333,53.847,87.209
1980-01-01,14.476,16.913,16.039,56.536,28.59,19.674333333333333,54.87,37.434,28.038,13.449,8.958,63.791,46.193,43.489,22.081,34.117,60.367,22.560000000000002,54.099,88.557
1980-04-01,12.914,15.703,16.342,57.653,26.246,19.004,54.978,36.663,25.654,12.473,8.951,63.634,49.205,42.901,21.06,33.349,49.174,22.50866666666667,53.382,86.614
1980-07-01,13.487,15.82,16.307,56.989,26.564,18.733999999999998,54.229,36.619,23.96,11.575,9.019,63.765,47.357,42.795,21.198,33.714,50.684,22.71366666666667,52.555,87.045
1980-10-01,13.898,16.049,16.208,57.277,27.568,19.011333333333333,54.217,37.302,26.194,12.196,9.249,64.652,46.758,42.963,21.641,34.17,55.412,23.081,52.297,89.606
1981-01-01,14.293,16.48,16.513,58.401,27.824,19.352333333333334,54.942,38.033,28.618,12.716,9.704,66.098,47.411,43.342,22.081,34.284,54.057,23.608666666666664,52.707,89.552
1981-04-01,13.736,16.618,16.602,59.898,28.046,19.299666666666667,55.048,37.751,27.432,12.735,9.928,67.709,48.752,43.535,22.53,34.287,52.335,23.784333333333336,51.699,92.926
1981-07-01,14.154,16.997,16.249,59.653,28.058,19.211666666666666,54.859,38.203,28.978,12.589,10.118,68.012,47.687,43.631,23.053,34.445,48.273,23.66433333333333,51.551,95.27
1981-10-01,13.138,16.788,16.323,60.723,27.968,19.192666666666668,55.556,37.787,27.958,12.95,10.367,69.784,47.713,43.798,23.59,34.21,43.233,23.744,51.954,102.279
1982-01-01,13.558,16.405,15.615,60.764,27.194,18.872666666666667,55.493,37.2,25.313,12.58,10.53,70.501,46.734,43.879,23.097,34.462,40.739,23.805666666666667,51.808,99.028
1982-04-01,13.608,15.714,15.708,61.015,26.341,18.822,55.704,37.369,25.294,12.374,10.633,71.812,45.383,43.804,22.377,34.567,39.422,24.052333333333333,51.989,95.801
1982-07-01,13.718,15.407,15.011,62.019,25.715,18.811666666666667,56.151,37.226,25.062,12.948,10.711,73.318,45.641,43.991,21.734,34.799,39.384,24.058666666666664,51.99,90.52
1982-10-01,14.344,15.116,14.324,63.482,25.73,18.552666666666667,57.017,37.241,23.125,12.44,10.718,74.883,46.968,44.442,21.359,35.408,42.503,24.268,52.384,88.465
1983-01-01,14.489,15.011,14.555,64.482,26.31,18.80966666666667,57.565,37.732,23.926,12.725,10.915,75.603,48.412,44.586,21.04,35.758,49.811,24.404666666666667,52.573,84.855
1983-04-01,15.546,15.766,14.598,65.685,27.302,19.398333333333333,58.039,38.591,26.045,13.703,11.271,77.222,48.997,45.111,21.332,36.486,55.611,25.064999999999998,52.469,80.827
1983-07-01,16.143,16.656,14.818,67.38,28.833,20.07766666666667,59.04,39.362,27.675,14.771,11.662,78.002,52.116,45.797,22.23,37.141,61.041,25.552666666666667,52.927,82.717
1983-10-01,16.939,18.118,15.116,65.202,30.441,20.718666666666667,58.095,40.183,30.368,15.495,12.108,79.753,43.862,46.355,23.574,37.732,63.618,25.766333333333332,52.958,85.02
1984-01-01,17.578,18.434,15.431,65.755,31.397,21.226333333333333,58.711,40.969,33.303,16.741,12.489,80.033,44.845,46.473,24.324,38.046,65.524,27.114333333333335,53.63,89.853
1984-04-01,17.986,19.344,15.815,67.747,32.624,21.782666666666668,59.986,41.677,34.386,17.442,12.883,80.997,48.449,47.489,25.458,38.579,66.669,27.823666666666668,54.345,94.364
1984-07-01,17.992,19.95,16.164,67.685,33.272,22.086000000000002,60.472,42.078,35.13,17.894,13.231,80.899,48.44,47.525,26.239,38.865,65.889,28.291666666666668,55.273,97.341
1984-10-01,18.576,20.538,16.493,69.854,33.867,22.544333333333338,61.741,42.424,34.674,18.418,13.632,84.205,48.886,47.891,26.856,39.368,65.954,28.847666666666665,55.833,98.348
1985-01-01,19.221,20.356,16.537,70.493,34.172,22.535666666666668,62.414,42.835,33.723,18.012,13.832,84.758,49.666,48.183,27.157,40.037,66.111,29.395333333333337,56.538,102.515
1985-04-01,19.45,20.8,16.501,72.35,34.611,22.926333333333332,63.799,43.212,34.298,18.897,14.116,87.317,50.478,48.559,27.546,40.405,66.67,29.64633333333333,57.562,102.458
1985-07-01,20.695,20.513,16.261,74.504,34.47,23.143333333333334,65.253,43.872,34.064,18.714,14.305,90.532,51.047,48.958,27.233,41.172,67.912,29.39233333333333,58.478,100.336
1985-10-01,19.982,20.896,16.746,74.547,35.125,23.497,65.522,44.198,35.32,19.447,14.684,91.123,50.257,49.395,27.726,41.261,69.393,29.709666666666667,58.924,101.586
1986-01-01,20.39,20.688,17.27,74.337,35.225,23.635666666666665,66.04,44.611,35.309,19.427,14.936,90.646,50.451,50.021,27.451,41.622,72.211,30.756333333333334,60.008,99.046
1986-04-01,21.11,20.944,17.456,76.744,35.233,24.356333333333335,67.416,44.812,34.693,20.254,15.171,94.252,51.077,50.466,26.894,42.075,76.359,30.28933333333333,60.595,89.714
1986-07-01,22.911,20.822,17.856,79.403,35.077,24.974999999999998,68.885,45.24,33.76,20.815,15.32,97.812,52.41,50.571,26.585,42.819,77.403,31.171000000000003,61.156,86.514
1986-10-01,22.548,21.058,18.523,78.474,35.349,25.30366666666667,68.6,45.483,33.861,20.977,15.477,95.393,53.696,50.983,26.842,43.082,77.613,31.468,61.362,87.042
1987-01-01,21.211,20.331,18.539,78.983,34.738,24.900000000000002,69.003,45.821,34.774,20.854,15.577,96.974,52.608,51.049,26.208,43.122,77.48,32.232,61.687,85.006
1987-04-01,22.08,20.925,19.303,80.058,35.27,25.555333333333333,69.538,46.315,34.792,21.376,15.701,99.081,52.143,51.439,26.736,43.71,77.746,33.01166666666666,61.824,86.005
1987-07-01,22.993,21.478,20.141,79.948,35.88,26.219666666666665,69.611,46.716,34.798,21.792,15.883,100.2,50.19,51.481,27.479,44.209,77.104,33.32033333333333,62.034,89.588
1987-10-01,22.372,21.079,20.892,81.296,35.865,26.469333333333335,70.654,47.518,37.169,22.293,16.134,100.486,53.138,51.544,27.445,44.302,77.23,34.225,62.854,91.29
1988-01-01,23.43,21.738,22.053,78.966,35.886,27.189999999999998,70.065,47.764,35.384,22.188,16.373,98.98,49.564,52.1,27.664,45.085,75.855,34.541333333333334,63.546,87.846
1988-04-01,23.439,22.279,22.671,78.376,36.588,27.397666666666666,70.274,48.392,36.227,21.933,16.667,98.43,48.912,52.514,28.283,45.418,76.794,34.688,64.346,89.67
1988-07-01,23.133,22.519,23.117,78.001,36.759,27.677333333333333,70.282,48.675,36.429,22.45,17.038,97.662,49.119,52.876,28.46,45.822,76.839,35.37866666666667,64.637,88.46
1988-10-01,23.732,22.806,23.823,80.161,37.194,28.399,71.646,49.324,36.985,23.134,17.714,99.659,51.536,53.428,28.856,46.343,77.336,35.800666666666665,65.415,88.238
1989-01-01,23.627,23.078,24.534,78.695,37.526,28.600666666666665,71.33,49.825,38.24,23.242,18.182,96.935,51.942,53.669,29.318,46.558,76.588,36.51833333333334,65.941,89.658
1989-04-01,23.942,23.575,25.609,80.297,37.574,29.137333333333334,72.427,50.205,37.87,23.352,18.658,98.617,53.427,53.751,29.715,46.775,74.187,36.798,66.669,88.645
1989-07-01,24.484,24.038,25.87,80.958,38.231,29.355666666666664,73.078,50.577,37.53,23.32,19.176,99.605,53.603,54.29,30.47,47.228,73.844,37.28666666666667,67.312,91.75
1989-10-01,23.74,23.381,26.262,80.582,37.734,29.53933333333333,73.444,50.677,37.252,23.742,19.713,98.337,54.549,54.905,30.163,47.433,72.275,37.80466666666667,68.213,91.185
1990-01-01,24.742,23.489,27.402,81.922,38.18,30.346,74.619,51.231,37.621,24.495,20.122,99.495,56.171,54.834,30.55,47.832,72.915,38.66433333333333,69.267,93.189
1990-04-01,23.924,22.774,27.743,82.028,37.424,30.259,74.737,51.416,37.633,24.454,20.472,98.906,57.315,54.894,30.152,47.978,70.04,39.14566666666666,69.394,92.733
1990-07-01,23.682,23.1,27.953,81.668,37.117,30.26,74.856,51.451,36.904,24.355,20.559,97.782,58.093,54.983,30.365,48.168,66.274,39.414,69.854,92.396
1990-10-01,23.03,22.758,28.199,81.767,36.161,29.820333333333334,75.356,50.982,34.839,23.702,20.94,98.368,57.469,54.431,29.888,47.802,62.45,39.522666666666666,70.637,88.236
1991-01-01,22.395,21.94,28.371,82.701,35.165,29.892,75.806,50.744,33.68,23.432,21.284,99.825,57.633,54.457,29.289,47.622,59.159,38.68266666666667,70.743,86.344
1991-04-01,22.508,21.799,29.406,83.04,35.27,30.287333333333333,76.114,51.139,33.68,23.848,21.764,99.869,58.411,54.777,29.141,48.017,60.98,39.864,71.028,83.988
1991-07-01,22.854,22.131,30.102,81.942,35.313,30.877666666666666,75.901,51.398,34.347,24.519,21.841,97.765,58.79,54.869,28.89,48.256,63.042,40.00033333333334,71.441,78.526
1991-10-01,22.481,22.027,30.78,79.893,35.466,31.127333333333336,75.345,51.577,35.565,25.061,22.441,93.566,59.914,54.397,28.874,48.232,64.289,40.522666666666666,71.945,76.911
1992-01-01,23.363,21.853,31.336,80.188,35.854,31.777,76.013,52.194,34.908,25.243,22.724,93.053,61.412,55.207,28.761,49.135,67.966,40.59766666666667,72.872,75.915
1992-04-01,23.526,23.115,31.351,79.98,37.032,32.035666666666664,75.866,52.76,36.882,25.658,23.011,92.603,61.564,55.439,29.691,49.468,70.292,40.55266666666666,72.766,75.928
1992-07-01,24.028,23.639,32.016,81.105,37.457,32.661,76.35,53.282,37.175,26.063,23.149,94.181,62.017,55.77,30.145,49.999,70.321,40.67633333333333,72.797,76.629
1992-10-01,24.505,24.509,32.176,81.164,38.552,33.135333333333335,76.341,53.837,38.309,26.687,23.528,93.188,63.639,56.329,30.935,50.595,73.006,41.04233333333334,72.742,77.649
1993-01-01,24.743,24.974,32.248,78.509,38.841,33.372,75.393,53.927,39.212,27.264,23.824,89.526,62.459,56.385,31.242,50.789,73.056,41.29333333333333,72.996,76.617
1993-04-01,25.546,25.974,32.633,77.685,39.539,33.931000000000004,75.4,54.241,39.438,27.828,24.064,88.343,62.158,56.833,31.856,51.251,74.031,41.626,73.586,75.336
1993-07-01,25.831,26.273,32.546,77.393,40.161,34.107,75.508,54.5,39.17,28.194,24.199,87.924,62.051,57.396,32.113,51.821,76.801,42.136,73.973,75.52
1993-10-01,26.452,27.72,33.595,77.525,41.773,35.113,75.774,55.241,41.228,29.327,24.205,88.165,62.024,57.795,33.271,52.276,80.739,42.752,74.333,77.819
1994-01-01,27.082,28.506,33.924,74.817,42.267,35.59766666666667,74.837,55.777,42.799,30.01,24.432,83.887,61.603,58.569,33.623,52.874,81.945,43.49699999999999,74.641,75.368
1994-04-01,27.374,28.678,35.07,74.5,43.121,36.589666666666666,75.208,56.533,44.904,31.128,24.782,83.856,60.873,59.032,34.147,53.285,84.596,43.933,75.493,78.508
1994-07-01,27.662,29.422,36.382,76.304,43.478,37.67933333333333,76.476,56.864,44.17,32.004,25.254,86.523,61.417,59.541,34.73,53.691,83.35,44.02433333333334,76.381,77.966
1994-10-01,28.634,31.193,37.222,74.295,44.528,38.614,75.811,57.515,45.987,32.904,25.6,82.264,62.681,60.173,36.085,54.272,82.067,44.32966666666667,76.66,79.045
1995-01-01,28.041,32.787,37.939,74.086,45.47,39.059,76.076,57.719,46.47,33.626,25.916,82.1,62.406,60.389,37.419,54.407,80.203,44.94899999999999,77.259,81.248
1995-04-01,28.326,32.736,38.471,73.839,45.439,39.482,76.332,57.891,45.505,33.945,26.515,81.955,62.008,60.686,37.777,54.884,77.731,45.185,77.868,83.208
1995-07-01,29.125,32.795,40.136,73.247,46.073,40.241,76.132,58.384,45.234,34.062,27.046,80.794,62.238,60.901,38.018,55.381,80.609,46.03766666666667,77.944,83.475
1995-10-01,29.63,33.723,40.709,70.752,46.968,40.678333333333335,75.335,58.78,46.357,34.497,27.717,78.13,59.992,61.215,38.755,55.768,82.175,46.67166666666666,78.351,82.761
1996-01-01,29.952,34.569,41.199,72.148,48.168,41.461666666666666,75.833,59.221,47.102,35.619,28.603,79.645,61.215,61.612,39.737,56.282,84.313,47.00733333333333,78.211,84.295
1996-04-01,30.905,35.581,41.868,72.831,49.662,42.236,76.777,60.208,49.365,36.416,29.315,80.581,61.531,62.403,40.796,56.887,87.989,47.58766666666667,79.338,86.136
1996-07-01,31.126,37.008,42.207,71.867,50.79,43.05466666666666,76.777,60.749,51.607,37.596,30.17,79.196,61.176,62.847,42.079,57.232,87.805,47.669000000000004,80.012,87.182
1996-10-01,31.732,37.459,44.839,71.519,51.6,44.353,77.307,61.379,51.539,38.338,31.083,78.337,61.564,63.356,43.147,57.688,86.807,48.806333333333335,81.154,91.821
1997-01-01,32.591,38.192,45.691,70.509,52.565,45.588666666666676,76.905,61.775,52.579,39.975,32.539,75.897,62.616,63.737,44.149,58.296,87.251,49.37199999999999,81.176,92.356
1997-04-01,32.487,39.458,47.518,72.07,53.567,46.87233333333333,77.901,62.804,55.806,41.317,33.213,78.065,63.3,63.765,45.066,58.558,88.472,49.833666666666666,81.777,91.504
1997-07-01,33.935,41.574,48.617,71.765,55.466,48.25966666666667,78.262,63.588,56.581,42.84,34.054,77.312,63.64,64.785,47.048,59.556,89.329,50.80466666666666,82.6,95.348
1997-10-01,34.801,41.476,48.547,71.652,55.876,48.799,78.655,64.131,57.412,43.764,34.94,77.737,62.754,65.238,47.349,60.268,90.272,51.24733333333334,83.343,95.868
1998-01-01,35.082,43.646,48.771,69.87,57.525,49.565666666666665,78.373,64.775,59.931,45.406,35.865,73.695,64.226,65.706,48.886,60.877,92.143,52.12533333333334,84.104,95.131
1998-04-01,36.855,44.916,48.234,71.231,59.481,49.913333333333334,79.745,65.375,59.56,46.446,36.794,75.836,64.462,66.505,50.538,61.949,95.336,53.215666666666664,85.48,100.303
1998-07-01,37.902,45.599,48.014,70.959,60.621,50.37166666666667,80.346,66.198,61.107,47.073,37.986,77.137,61.928,66.987,51.337,62.757,98.124,53.577333333333335,86.683,100.159
1998-10-01,40.14,47.626,49.8,71.404,62.302,52.232,80.82,67.263,62.964,48.597,38.942,75.88,64.817,67.903,52.834,63.664,100.428,54.13833333333333,87.177,99.969
1999-01-01,40.227,49.03,49.633,71.291,63.394,52.69533333333333,81.393,67.895,64.699,49.97,40.016,75.475,65.124,69.163,54.005,64.318,100.815,54.99133333333333,88.219,99.773
1999-04-01,42.151,50.773,50.25,71.185,64.903,53.952,81.687,68.462,64.732,51.405,41.554,75.311,65.103,69.819,55.438,65.303,102.385,55.40433333333334,88.786,98.795
1999-07-01,43.161,52.492,51.766,72.3,66.415,55.309,82.671,69.369,66.514,53.263,43.252,77.112,65.23,70.14,57.026,66.037,103.154,56.663999999999994,89.678,98.809
1999-10-01,43.678,52.152,52.872,73.766,66.761,56.65133333333333,83.957,70.507,68.288,54.626,44.139,78.789,66.393,71.57,57.279,67.003,103.907,57.32566666666667,90.84,99.909
2000-01-01,46.115,54.507,53.633,71.325,68.672,58.0,83.361,70.763,67.804,56.688,45.553,74.717,66.299,70.942,59.378,68.016,104.422,58.34766666666667,91.499,102.114
2000-04-01,45.263,56.521,55.268,73.55,70.19,59.18833333333333,84.183,72.052,71.821,58.494,46.109,77.476,67.753,72.35,61.232,68.651,103.886,60.068000000000005,91.371,106.461
2000-07-01,46.032,56.716,56.594,72.158,70.496,60.79833333333334,83.828,72.125,71.125,60.598,46.375,75.483,67.228,72.828,61.898,69.309,102.271,60.894000000000005,91.714,110.257
2000-10-01,46.351,56.61,56.028,72.358,70.71,60.70433333333333,84.341,72.556,71.274,60.687,47.037,76.205,66.679,73.527,62.131,69.914,102.376,61.183,92.436,110.676
2001-01-01,47.113,56.178,55.323,73.945,70.297,60.138,85.66,72.318,68.028,59.904,47.197,77.255,69.036,73.09,61.575,70.168,102.818,61.297,93.578,107.648
2001-04-01,47.072,53.845,53.702,75.02,69.472,58.6,87.145,72.77,68.134,57.987,46.956,78.134,70.39,73.434,60.301,70.309,104.412,61.59233333333333,95.338,108.313
2001-07-01,47.612,52.445,50.952,75.465,68.974,57.34033333333334,87.061,72.478,66.656,56.671,46.767,78.662,70.713,73.772,59.588,70.554,105.063,60.211666666666666,94.902,109.18
2001-10-01,51.58,52.231,49.181,76.367,67.4,57.571,88.505,72.677,63.344,56.084,46.068,79.822,71.24,74.395,57.876,71.692,104.388,58.800999999999995,96.71,98.892
2002-01-01,51.017,51.015,50.255,78.877,66.818,57.879999999999995,90.056,73.285,65.233,57.678,45.908,82.571,73.401,74.708,56.488,71.852,107.811,61.62233333333333,97.625,93.742
2002-04-01,51.337,50.767,51.751,80.409,66.745,59.33533333333333,90.746,73.734,66.296,59.611,46.383,83.955,75.144,74.759,55.851,72.215,110.485,61.821,97.754,88.658
2002-07-01,52.877,51.253,51.915,81.2,66.648,60.09,91.212,74.034,66.211,60.369,46.711,84.575,76.182,74.884,55.669,72.72,110.809,61.486,98.005,84.498
2002-10-01,52.394,50.277,51.15,82.587,66.368,60.00899999999999,91.882,74.126,66.147,61.453,46.497,86.288,77.098,75.781,54.92,73.125,112.802,62.669333333333334,98.196,83.381
2003-01-01,52.443,50.46,50.993,83.54,66.97,60.318999999999996,91.961,74.516,66.687,61.185,47.19,87.75,77.31,76.394,55.192,73.485,114.88,61.72,97.685,82.862
2003-04-01,54.824,52.448,51.083,86.426,68.58,61.35666666666666,92.805,75.176,67.12,62.077,47.652,91.866,78.397,77.006,56.719,74.326,116.71,61.080000000000005,97.152,85.102
2003-07-01,57.25,54.161,52.478,86.404,70.807,62.556999999999995,93.015,76.426,69.546,63.049,48.611,91.417,79.002,78.428,57.921,75.377,123.399,63.01166666666666,97.521,84.802
2003-10-01,58.077,55.114,54.838,88.011,72.093,64.263,93.576,77.313,71.92,65.052,49.182,94.047,79.106,78.878,58.65,75.896,127.072,64.476,97.375,84.978
2004-01-01,59.092,54.408,56.078,88.967,71.896,65.49066666666666,94.0,77.751,72.041,66.874,49.273,95.403,79.474,79.483,58.07,76.604,128.549,65.786,97.44,83.278
2004-04-01,59.246,56.73,57.253,89.491,73.86,66.86666666666667,94.251,78.354,74.907,69.508,49.745,95.819,80.154,79.802,59.522,77.022,132.624,67.02133333333335,97.51,83.819
2004-07-01,60.775,58.698,57.445,90.477,75.431,67.74533333333333,94.427,79.097,76.094,70.471,51.089,97.885,79.558,80.374,61.223,77.927,133.57,67.355,97.145,85.2
2004-10-01,61.924,60.498,58.809,90.311,76.806,69.01266666666668,94.369,79.904,77.677,72.113,52.005,96.671,80.929,81.193,62.48,78.808,135.413,68.637,97.16,85.26
2005-01-01,62.219,61.051,59.911,91.314,78.153,69.85533333333333,94.836,80.791,79.86,72.734,53.265,98.374,80.899,81.957,63.387,79.309,138.61,68.99966666666667,97.271,86.416
2005-04-01,63.875,62.572,61.25,91.221,79.478,71.21566666666666,94.78,81.189,78.82,73.708,54.152,98.663,80.24,82.604,64.412,80.188,141.169,69.45666666666666,97.24,86.062
2005-07-01,65.125,64.846,61.239,91.922,80.868,71.589,95.091,81.825,79.855,74.122,54.912,99.145,81.267,82.912,65.755,80.853,142.716,69.88866666666667,97.295,85.688
2005-10-01,63.175,65.745,63.135,91.956,81.231,73.015,95.165,82.279,82.4,76.511,54.679,98.398,82.464,84.074,66.263,81.002,142.436,71.14233333333333,97.396,86.573
2006-01-01,65.684,68.667,65.696,94.347,82.757,74.898,96.372,83.386,83.608,78.085,55.358,100.585,85.161,84.935,68.485,81.885,141.101,73.10266666666666,97.834,89.81
2006-04-01,65.711,69.455,66.914,93.703,82.31,75.62733333333334,96.338,83.602,83.127,78.863,56.313,100.442,83.77,85.108,69.683,82.31,134.041,73.79966666666667,98.196,92.588
2006-07-01,66.652,70.016,66.828,92.856,81.782,76.29066666666667,96.19,83.728,82.81,79.651,58.094,98.417,84.684,85.595,70.878,82.838,126.62,73.49066666666666,98.501,94.335
2006-10-01,67.592,70.39,69.363,94.203,81.201,77.14333333333333,96.983,84.447,81.272,79.548,59.753,101.419,83.553,86.785,71.629,83.629,120.729,75.70433333333334,98.936,94.37
2007-01-01,68.501,71.37,70.737,93.639,81.135,77.91866666666667,97.114,84.701,80.747,80.706,60.26,100.581,83.397,87.08,72.919,84.144,115.289,77.384,99.51,97.895
2007-04-01,69.22,72.362,71.809,95.174,81.517,78.435,97.998,85.219,81.525,81.135,60.666,102.847,83.841,86.896,74.537,84.365,110.746,78.14333333333333,99.979,103.334
2007-07-01,70.067,72.731,74.053,96.006,81.052,79.36933333333333,98.442,85.71,80.588,81.59,60.875,103.496,84.948,87.169,75.706,84.928,103.707,79.67833333333333,100.177,108.292
2007-10-01,70.591,73.162,75.753,97.611,80.274,79.69099999999999,99.229,86.249,79.665,80.819,62.162,105.355,86.175,87.098,76.874,85.263,95.083,80.25366666666667,100.448,111.064
2008-01-01,68.309,72.757,76.961,99.092,79.03,79.70833333333333,99.456,85.881,77.487,81.122,63.322,107.082,87.29,86.423,77.179,85.146,87.519,81.37566666666667,99.891,111.562
2008-04-01,67.823,71.881,79.221,101.21,78.383,80.33233333333334,100.312,86.392,76.185,80.355,63.94,109.016,89.692,86.556,77.335,85.38,83.555,81.55,99.965,113.409
2008-07-01,65.535,69.622,78.868,102.521,76.401,79.29433333333333,101.117,85.938,74.669,79.341,63.195,111.496,89.241,85.294,75.892,84.722,79.316,81.64066666666668,100.457,112.72
2008-10-01,60.711,61.521,74.23,103.858,71.357,75.07866666666666,101.816,84.057,67.45,76.472,62.747,113.169,90.074,84.48,71.472,83.96,71.596,82.24000000000001,100.763,110.118
2009-01-01,60.818,54.664,68.303,105.232,65.683,69.72066666666667,102.972,83.103,59.785,69.203,61.033,113.516,92.996,84.448,66.087,83.747,64.654,80.771,101.786,101.939
2009-04-01,60.376,52.502,68.753,107.731,63.302,68.30499999999999,104.471,82.955,56.31,66.392,62.563,116.443,94.863,83.942,64.077,83.335,60.679,81.37866666666666,102.665,94.112
2009-07-01,63.309,53.834,71.294,108.714,63.537,70.875,104.751,83.246,56.143,69.132,63.204,117.332,95.988,84.209,63.704,83.895,63.498,82.05833333333334,102.509,87.713
2009-10-01,61.816,56.325,75.221,110.337,63.857,73.601,104.947,84.146,61.382,72.496,65.125,118.659,98.054,84.478,64.13,83.803,63.367,83.21733333333333,101.818,80.29
2010-01-01,62.572,60.307,76.914,111.571,63.834,75.23566666666666,104.493,84.553,62.703,74.32,64.026,119.32,100.137,84.928,64.587,84.289,61.323,83.64933333333333,100.315,74.965
2010-04-01,64.544,64.236,78.607,113.03,66.163,77.647,104.811,85.372,65.995,77.71,63.707,120.167,102.501,85.394,66.714,85.045,64.509,84.19933333333334,99.925,77.162
2010-07-01,65.558,67.695,80.852,112.518,66.527,79.42133333333334,104.069,86.03,68.925,80.426,64.943,119.93,101.581,85.713,68.53,85.651,58.793,86.08233333333334,99.039,76.087
2010-10-01,67.393,69.068,83.066,112.338,67.797,80.70666666666666,103.408,86.482,68.729,80.722,66.159,120.236,100.683,86.351,69.874,86.176,59.766,86.69433333333332,98.079,77.6
2011-01-01,67.983,70.778,83.778,110.751,67.693,81.38966666666666,102.139,86.276,67.449,81.116,66.832,118.033,100.009,86.638,69.795,86.505,59.563,86.39333333333333,97.006,71.978
2011-04-01,67.503,71.757,85.197,110.324,69.288,81.70466666666665,101.441,86.86,70.207,81.419,67.926,118.529,98.211,86.455,71.614,86.594,60.238,87.74399999999999,96.139,77.054
2011-07-01,68.102,76.073,86.37,107.925,72.21,82.25233333333334,99.993,86.841,70.517,82.322,69.303,116.91,94.651,86.16,74.982,86.858,61.324,89.002,95.276,81.707
2011-10-01,69.734,77.829,87.024,108.327,74.068,83.52466666666668,99.926,87.816,75.954,83.403,70.89,115.9,97.156,86.14,76.91,87.008,62.915,88.12266666666666,94.919,84.586
2012-01-01,71.439,80.253,88.087,108.323,76.391,84.155,99.5,88.553,77.637,83.814,71.037,115.15,98.262,86.769,78.887,87.635,66.721,89.177,94.234,88.654
2012-04-01,71.574,82.517,88.954,107.46,77.94,84.60233333333333,98.975,88.948,79.379,84.125,71.946,113.741,98.21,86.67,80.67,87.789,67.293,89.55499999999999,93.916,90.816
2012-07-01,72.502,82.276,89.499,107.685,78.058,85.07366666666667,98.824,89.076,79.588,84.577,72.085,114.031,98.337,86.713,80.404,87.967,69.021,89.80566666666665,93.537,89.806
2012-10-01,74.146,83.914,89.585,105.537,79.459,84.69133333333333,97.851,89.179,78.913,83.78,73.499,110.475,98.288,86.715,81.279,88.318,72.617,90.40333333333332,93.277,88.076
2013-01-01,76.008,85.664,90.05,103.151,81.009,85.527,96.937,90.059,82.055,83.708,75.94,107.805,96.321,88.027,82.532,88.892,75.378,89.64833333333333,93.248,86.24
2013-04-01,76.379,85.812,90.867,102.356,81.855,86.50833333333333,96.813,90.3,83.125,84.924,75.638,107.214,95.22,88.106,82.958,89.146,77.923,89.74333333333334,93.524,88.512
2013-07-01,77.076,86.041,91.645,100.928,83.359,87.14133333333332,96.341,91.069,86.484,85.534,77.216,105.107,94.796,88.783,84.484,89.509,79.335,90.28566666666666,93.62,92.795
2013-10-01,77.866,89.564,94.285,99.208,84.723,88.793,95.597,91.862,87.315,86.21,77.948,103.437,93.002,89.643,86.512,90.297,78.075,91.14333333333333,93.457,93.704
2014-01-01,79.17,90.467,93.382,99.122,85.765,88.80966666666666,95.187,91.545,86.46,87.323,78.711,102.152,94.68,89.93,87.911,90.622,77.74,91.88333333333333,92.854,97.169
2014-04-01,82.126,92.907,95.399,98.551,88.287,90.97800000000001,95.316,92.728,90.012,89.312,80.71,101.524,94.195,90.847,90.429,91.492,80.291,92.34833333333334,93.396,100.665
2014-07-01,83.55,95.801,95.793,99.684,90.087,91.70066666666666,95.96,93.855,92.084,89.48,82.455,102.863,95.029,91.615,92.385,92.397,81.51,92.35166666666667,93.75,100.994
2014-10-01,85.164,95.331,96.587,98.184,91.333,93.15366666666667,95.889,94.33,92.378,91.829,84.327,99.932,95.624,92.707,93.192,93.461,84.432,93.83266666666667,94.522,102.733
2015-01-01,86.792,96.333,95.823,98.578,91.713,93.60000000000001,96.468,95.179,95.594,93.196,83.819,99.641,97.022,93.63,93.236,94.178,86.096,93.94033333333334,95.212,101.687
2015-04-01,88.542,96.742,96.079,98.884,92.707,94.36666666666667,97.414,95.769,95.974,93.926,84.279,99.9,97.396,94.195,93.884,94.827,88.394,94.234,96.539,103.115
2015-07-01,89.7,98.353,95.304,98.794,93.749,94.553,97.928,96.152,96.182,94.567,85.615,98.936,98.585,95.182,94.457,95.494,91.181,94.71733333333333,97.411,100.382
2015-10-01,90.279,97.281,95.174,99.536,93.726,94.448,98.349,96.329,95.607,94.834,87.93,99.695,99.303,95.543,94.039,95.883,92.602,95.82833333333333,97.64,97.014
2016-01-01,91.481,97.025,94.902,99.611,94.415,94.938,99.25,96.888,95.196,94.721,90.627,99.326,100.025,96.436,94.118,96.607,95.497,95.27133333333332,99.033,93.699
2016-04-01,92.257,96.021,95.637,99.112,95.113,95.235,99.173,97.199,94.791,94.842,92.904,98.334,100.24,97.285,94.921,97.086,95.795,96.178,99.21,95.85
2016-07-01,94.621,95.916,97.189,99.635,96.176,96.31200000000001,99.604,97.888,95.196,95.534,94.774,99.331,100.075,97.595,96.351,97.761,95.536,97.27866666666667,99.586,99.663
2016-10-01,96.106,96.39,96.464,99.719,97.052,97.20433333333334,99.779,98.431,97.811,96.91,95.83,99.189,100.487,97.756,97.125,98.265,96.774,96.30566666666668,99.815,100.586
2017-01-01,96.878,97.02,98.813,99.298,98.309,98.60533333333332,99.503,98.91,97.55,98.411,97.921,98.765,100.068,98.683,98.096,99.021,99.039,98.38,99.625,100.482
2017-04-01,98.112,98.866,99.146,99.83,99.288,99.11899999999999,99.784,99.464,99.085,99.346,98.614,100.207,99.285,99.625,99.199,99.512,99.594,99.49033333333334,99.757,100.74
2017-07-01,100.638,100.515,99.729,99.768,100.046,99.56400000000001,99.908,100.248,100.735,99.727,100.737,99.799,99.723,100.197,100.156,100.186,99.668,101.02566666666667,99.991,98.563
2017-10-01,104.372,103.6,102.312,101.104,102.357,102.71166666666666,100.805,101.378,102.63,102.516,102.728,101.229,100.923,101.496,102.549,101.281,101.698,101.10333333333334,100.628,100.215
2018-01-01,105.722,105.433,102.975,102.131,104.128,103.53666666666668,101.018,102.203,104.189,102.941,104.917,101.595,102.905,102.237,105.418,102.015,99.773,100.89999999999999,100.359,106.126
2018-04-01,106.332,105.615,103.534,102.864,105.205,104.44766666666668,101.742,102.745,104.174,103.073,107.901,102.521,103.359,102.306,106.612,102.561,100.456,100.18266666666666,101.077,106.556
2018-07-01,107.1,105.618,102.241,104.188,105.487,104.515,102.546,103.386,107.342,104.523,109.738,104.139,104.257,102.634,107.27,103.033,99.504,100.34633333333333,101.577,106.708
2018-10-01,107.277,107.001,102.666,104.683,105.759,105.26100000000001,102.685,103.532,107.414,105.615,112.857,105.807,103.062,103.341,108.241,103.355,97.506,101.10766666666666,101.508,103.704
2019-01-01,106.321,107.593,103.629,105.824,106.059,105.47333333333334,104.105,104.179,108.301,105.55,114.036,108.288,102.3,104.242,108.971,103.519,96.407,102.18566666666668,103.093,104.079
2019-04-01,109.417,108.687,103.104,106.9,108.028,105.58,105.518,105.049,109.297,106.134,116.492,108.047,105.247,105.423,111.043,104.402,98.042,103.34566666666666,104.704,107.434
2019-07-01,111.992,107.068,103.126,108.23,109.175,106.22933333333333,106.722,106.278,110.159,105.673,118.781,109.675,106.146,106.441,112.115,105.587,99.448,102.971,105.832,111.691
2019-10-01,112.902,104.645,103.754,108.823,108.865,105.729,107.585,107.003,108.731,103.692,121.66,110.346,106.624,106.536,111.619,106.28,99.764,103.334,106.849,109.8
2020-01-01,107.702,98.928,99.312,109.96,108.043,104.147,108.756,105.513,105.946,99.934,123.453,111.042,108.4,108.105,109.498,104.479,103.111,96.61466666666666,108.031,108.52
2020-04-01,107.265,87.667,78.341,118.056,99.58,89.86266666666666,111.104,97.168,91.213,82.853,120.401,111.632,127.317,104.563,100.696,95.344,95.747,80.055,107.058,95.868
2020-07-01,127.692,97.085,88.138,114.325,106.064,104.31933333333332,109.391,104.776,108.076,96.723,122.644,111.598,118.255,111.872,105.1,103.93,108.706,83.89999999999999,106.51,94.267
2020-10-01,129.12,101.029,93.523,114.367,110.07,109.039,108.971,105.913,111.425,103.731,125.7,115.025,113.409,112.504,107.912,105.398,116.304,87.93033333333334,105.831,94.682
2021-01-01,138.148,102.348,93.6,119.007,112.581,111.28966666666668,110.37,107.374,110.744,105.819,129.984,112.693,128.141,115.464,110.401,107.81,118.761,89.24300000000001,105.398,96.699
2021-04-01,142.976,104.496,94.345,116.563,114.106,113.27300000000001,109.186,109.06,108.941,107.95,134.255,111.896,123.303,119.364,112.789,111.425,117.656,92.48866666666667,104.929,96.835
2021-07-01,133.127,101.613,94.557,114.305,113.494,112.073,108.764,109.99,113.136,110.187,137.052,110.58,119.676,119.472,112.291,112.292,116.628,97.408,105.535,95.905
2021-10-01,135.898,102.002,100.084,115.193,114.305,116.51366666666667,108.687,111.974,120.417,115.51,141.127,109.531,123.386,120.204,113.237,113.516,116.977,100.48566666666666,104.925,93.549
2022-01-01,135.928,105.942,98.908,112.654,116.648,116.75366666666666,107.763,111.685,122.581,119.193,145.361,106.329,121.826,119.397,116.897,113.79,115.64,102.21966666666667,104.892,95.998
2022-04-01,135.19,106.23,101.903,111.72,117.218,117.80799999999999,107.36,111.764,119.873,120.923,149.759,106.844,118.754,119.042,118.968,114.516,112.137,105.53266666666666,104.776,98.051
2022-07-01,134.549,107.948,105.41,111.595,116.689,118.36966666666667,107.777,112.516,118.12,119.243,152.669,106.056,119.613,118.303,121.194,114.95,104.286,106.77499999999999,105.485,100.231
2022-10-01,133.865,108.237,105.108,114.023,116.119,117.39033333333333,109.212,113.448,119.787,117.872,155.613,108.013,122.731,118.327,122.881,115.299,97.756,106.97666666666667,106.371,102.604
2023-01-01,139.261,108.473,105.619,115.321,116.997,118.61633333333333,110.575,114.233,117.027,117.632,157.33,109.313,124.024,119.058,124.491,116.7,96.676,106.49333333333334,107.765,106.219
2023-04-01,139.149,111.705,104.328,115.002,119.446,117.02166666666666,111.378,114.926,119.292,116.703,158.857,109.534,122.909,118.951,127.45,116.989,97.742,107.77733333333333,109.196,110.327
2023-07-01,140.579,111.408,105.578,116.49,120.201,118.53000000000002,112.927,116.158,122.195,118.038,159.964,111.32,123.951,119.858,127.799,117.727,99.578,108.217,110.779,110.805
2023-10-01,141.573,111.61,107.174,116.389,121.25,119.52433333333333,113.941,117.074,122.412,119.263,162.02,110.96,124.235,120.934,129.003,118.741,100.206,110.50133333333333,112.427,112.567
2024-01-01,140.946,111.705,107.684,116.282,123.186,120.01066666666667,114.441,117.548,123.499,121.052,164.966,110.251,125.025,120.678,130.434,119.309,103.473,111.78133333333334,113.276,114.293
2024-04-01,142.83,114.355,107.961,117.513,123.894,121.234,115.304,118.416,125.998,123.279,165.264,111.985,125.503,121.18,131.68,120.139,102.752,112.56566666666667,113.927,114.336
2024-07-01,145.473,117.329,110.465,120.055,124.534,123.805,116.753,119.316,126.245,126.465,166.538,115.694,126.305,122.553,132.983,121.236,101.632,114.57966666666668,114.744,112.887
2024-10-01,149.779,114.692,110.422,121.237,124.189,123.48766666666666,117.636,120.04,124.438,125.865,166.313,117.06,127.211,123.487,131.991,122.441,103.0,116.65366666666667,115.455,113.697
