Date,Change in private inventories,Durable goods,Equipment,Exports,Federal,Fixed investment,Goods,Government consumption expenditures and gross investment,Gross domestic product,Gross private domestic investment,Imports,Intellectual property products,National defense,Net exports of goods and services,Nondefense,Nondurable goods,Nonresidential,Personal consumption expenditures,Residential,Residual,Services,State and local,Structures
1947-01-01,6238.0,,,93767.0,,,,560515.0,2182681.0,227242.0,53861.0,,,,,,,1351397.0,,3621.0,,,
1947-04-01,-4326.0,,,92584.0,,,,560091.0,2176892.0,209836.0,54898.0,,,,,,,1373880.0,,-4601.0,,,
1947-07-01,-16874.0,,,87885.0,,,,560034.0,2172432.0,203662.0,48687.0,,,,,,,1378358.0,,-8820.0,,,
1947-10-01,-2822.0,,,77928.0,,,,555556.0,2206452.0,243072.0,51312.0,,,,,,,1378796.0,,2412.0,,,
1948-01-01,14095.0,,,74373.0,,,,563895.0,2239682.0,268012.0,57862.0,,,,,,,1385667.0,,5598.0,,,
1948-04-01,26813.0,,,67420.0,,,,583846.0,2276690.0,284598.0,60156.0,,,,,,,1401789.0,,-807.0,,,
1948-07-01,31333.0,,,69005.0,,,,596087.0,2289770.0,287514.0,63297.0,,,,,,,1403859.0,,-3397.0,,,
1948-10-01,24243.0,,,66573.0,,,,618100.0,2292364.0,273765.0,62270.0,,,,,,,1415063.0,,-18867.0,,,
1949-01-01,-2474.0,,,74540.0,,,,634547.0,2260807.0,232885.0,60402.0,,,,,,,1417353.0,,-38115.0,,,
1949-04-01,-21832.0,,,73902.0,,,,662174.0,2253128.0,201926.0,59521.0,,,,,,,1439077.0,,-64430.0,,,
1949-07-01,-4783.0,,,67729.0,,,,665721.0,2276424.0,218667.0,57095.0,,,,,,,1442341.0,,-60939.0,,,
1949-10-01,-21818.0,,,58631.0,,,,654121.0,2257352.0,207912.0,57955.0,,,,,,,1463488.0,,-68844.0,,,
1950-01-01,9151.0,,,57665.0,,,,642039.0,2346104.0,257271.0,59575.0,,,,,,,1487854.0,,-39150.0,,,
1950-04-01,13359.0,,,58361.0,,,,653806.0,2417682.0,284803.0,62863.0,,,,,,,1512357.0,,-28782.0,,,
1950-07-01,17541.0,,,59875.0,,,,643275.0,2511127.0,309285.0,77573.0,,,,,,,1590019.0,,-13755.0,,,
1950-10-01,56183.0,,,64728.0,,,,688730.0,2559214.0,348585.0,77719.0,,,,,,,1542087.0,,-7196.0,,,
1951-01-01,34908.0,,,67963.0,,,,762013.0,2593967.0,312966.0,77724.0,,,,,,,1579375.0,,-50626.0,,,
1951-04-01,50756.0,,,74651.0,,,,863552.0,2638898.0,320221.0,75148.0,,,,,,,1534744.0,,-79122.0,,,
1951-07-01,33468.0,,,76485.0,,,,958430.0,2693259.0,296643.0,68784.0,,,,,,,1552624.0,,-122138.0,,,
1951-10-01,14383.0,,,75767.0,,,,1009059.0,2699156.0,273007.0,66985.0,,,,,,,1561670.0,,-153362.0,,,
1952-01-01,18048.0,,,79800.0,,,,1039017.0,2727954.0,280130.0,74757.0,,,,,,,1565288.0,,-161523.0,,,
1952-04-01,-4389.0,,,71028.0,,,,1074374.0,2733800.0,259010.0,74371.0,,,,,,,1595941.0,,-192183.0,,,
1952-07-01,19996.0,,,65418.0,,,,1085214.0,2753517.0,272895.0,78921.0,,,,,,,1603596.0,,-194685.0,,,
1952-10-01,20051.0,,,65866.0,,,,1103302.0,2843941.0,292552.0,85997.0,,,,,,,1660168.0,,-191950.0,,,
1953-01-01,16203.0,,,64752.0,,,,1138261.0,2896811.0,298847.0,83877.0,,,,,,,1679665.0,,-200838.0,,,
1953-04-01,15897.0,,,65156.0,,,,1161607.0,2919206.0,300547.0,88227.0,,,,,,,1689777.0,,-209655.0,,,
1953-07-01,9642.0,,,67767.0,,,,1149285.0,2902785.0,294261.0,87891.0,,,,,,,1685752.0,,-206388.0,,,
1953-10-01,-8267.0,,,65534.0,,,,1146434.0,2858845.0,272998.0,83568.0,,,,,,,1674449.0,,-217002.0,,,
1954-01-01,-7346.0,,,62595.0,,,,1116653.0,2845192.0,271041.0,78742.0,,,,,,,1680625.0,,-206980.0,,,
1954-04-01,-11829.0,,,71588.0,,,,1078860.0,2848305.0,270402.0,85824.0,,,,,,,1702449.0,,-189170.0,,,
1954-07-01,-9423.0,,,69288.0,,,,1055542.0,2880482.0,283451.0,80647.0,,,,,,,1725489.0,,-172641.0,,,
1954-10-01,-3480.0,,,72479.0,,,,1049200.0,2936852.0,295882.0,81412.0,,,,,,,1761703.0,,-160999.0,,,
1955-01-01,14027.0,,,75172.0,,,,1049830.0,3020746.0,325442.0,86223.0,,,,,,,1801231.0,,-144706.0,,,
1955-04-01,20699.0,,,73419.0,,,,1039546.0,3069910.0,345235.0,91112.0,,,,,,,1835737.0,,-132916.0,,,
1955-07-01,18889.0,,,78238.0,,,,1046213.0,3111379.0,350533.0,92645.0,,,,,,,1858411.0,,-129370.0,,,
1955-10-01,26017.0,,,78590.0,,,,1025470.0,3130068.0,358661.0,96002.0,,,,,,,1881748.0,,-118400.0,,,
1956-01-01,21944.0,,,82321.0,,,,1025219.0,3117922.0,348420.0,100032.0,,,,,,,1884805.0,,-122812.0,,,
1956-04-01,15246.0,,,87867.0,,,,1045932.0,3143694.0,345678.0,99511.0,,,,,,,1891074.0,,-127347.0,,,
1956-07-01,11829.0,,,90792.0,,,,1036749.0,3140874.0,342583.0,100376.0,,,,,,,1895350.0,,-124224.0,,,
1956-10-01,10471.0,,,94860.0,,,,1063129.0,3192570.0,339406.0,95771.0,,,,,,,1921479.0,,-130534.0,,,
1957-01-01,5663.0,,,101041.0,,,,1085921.0,3213011.0,334137.0,103391.0,,,,,,,1934843.0,,-139540.0,,,
1957-04-01,8145.0,,,98048.0,,,,1080303.0,3205970.0,333798.0,104198.0,,,,,,,1938216.0,,-140197.0,,,
1957-07-01,11901.0,,,95307.0,,,,1089494.0,3237386.0,341451.0,102186.0,,,,,,,1953532.0,,-140212.0,,,
1957-10-01,-11091.0,,,92467.0,,,,1107405.0,3203894.0,315195.0,102531.0,,,,,,,1954346.0,,-162989.0,,,
1958-01-01,-13882.0,,,83302.0,,,,1097821.0,3120724.0,293932.0,104048.0,,,,,,,1927309.0,,-177591.0,,,
1958-04-01,-12101.0,,,83692.0,,,,1125194.0,3141224.0,288010.0,108497.0,,,,,,,1943243.0,,-190418.0,,,
1958-07-01,6134.0,,,83936.0,,,,1131649.0,3213884.0,310114.0,106863.0,,,,,,,1975484.0,,-180435.0,,,
1958-10-01,16137.0,,,83634.0,,,,1154467.0,3289032.0,336555.0,112484.0,,,,,,,2002318.0,,-175458.0,,,
1959-01-01,13080.0,,,89697.0,,,,1142671.0,3352129.0,354894.0,115440.0,,,,,,,2039017.0,,-158711.0,,,
1959-04-01,33118.0,,,88981.0,,,,1156740.0,3427667.0,382500.0,121057.0,,,,,,,2070508.0,,-150005.0,,,
1959-07-01,3920.0,,,97562.0,,,,1166589.0,3430057.0,357798.0,122212.0,,,,,,,2092138.0,,-161818.0,,,
1959-10-01,19404.0,,,92734.0,,,,1157052.0,3439832.0,369442.0,119109.0,,,,,,,2094495.0,,-154783.0,,,
1960-01-01,48436.0,,,104686.0,,,,1137363.0,3517181.0,406581.0,123608.0,,,,,,,2114532.0,,-122372.0,,,
1960-04-01,13840.0,,,107689.0,,,,1150170.0,3498246.0,368686.0,124527.0,,,,,,,2141205.0,,-144977.0,,,
1960-07-01,19572.0,,,110036.0,,,,1178324.0,3515385.0,367749.0,120857.0,,,,,,,2132646.0,,-152513.0,,,
1960-10-01,-22782.0,,,110622.0,,,,1186511.0,3470278.0,327010.0,115156.0,,,,,,,2135408.0,,-174118.0,,,
1961-01-01,-10386.0,,,109861.0,,,,1204136.0,3493703.0,335496.0,114599.0,,,,,,,2134615.0,,-175806.0,,,
1961-04-01,8962.0,,,104748.0,,,,1207172.0,3553021.0,359004.0,115998.0,,,,,,,2166382.0,,-168286.0,,,
1961-07-01,29740.0,,,109482.0,,,,1232997.0,3621252.0,386914.0,123682.0,,,,,,,2176916.0,,-161376.0,,,
1961-10-01,24675.0,,,111267.0,,,,1260059.0,3692289.0,393316.0,126623.0,,,,,,,2220704.0,,-166435.0,,,
1962-01-01,38993.0,,,110613.0,,,,1284377.0,3758147.0,414522.0,130476.0,,,,,,,2244227.0,,-165115.0,,,
1962-04-01,24493.0,,,116970.0,,,,1290924.0,3792149.0,411253.0,133323.0,,,,,,,2271817.0,,-165492.0,,,
1962-07-01,28725.0,,,116765.0,,,,1320783.0,3838776.0,418241.0,135014.0,,,,,,,2290126.0,,-172125.0,,,
1962-10-01,17055.0,,,112988.0,,,,1329937.0,3851421.0,406004.0,136664.0,,,,,,,2322530.0,,-183374.0,,,
1963-01-01,33543.0,,,114704.0,,,,1311923.0,3893482.0,427366.0,133501.0,,,,,,,2338799.0,,-165808.0,,,
1963-04-01,22120.0,,,123873.0,,,,1312902.0,3937183.0,434164.0,136644.0,,,,,,,2360869.0,,-157981.0,,,
1963-07-01,26255.0,,,123253.0,,,,1371177.0,4023755.0,447531.0,140113.0,,,,,,,2392896.0,,-170989.0,,,
1963-10-01,19180.0,,,128070.0,,,,1357005.0,4050147.0,452965.0,139654.0,,,,,,,2412836.0,,-161075.0,,,
1964-01-01,20471.0,,,134547.0,,,,1361263.0,4135553.0,469918.0,139523.0,,,,,,,2460191.0,,-150844.0,,,
1964-04-01,19642.0,,,133998.0,,,,1373511.0,4180592.0,468225.0,142663.0,,,,,,,2503709.0,,-156188.0,,,
1964-07-01,23536.0,,,138193.0,,,,1375153.0,4245918.0,479154.0,146492.0,,,,,,,2549958.0,,-150047.0,,,
1964-10-01,22509.0,,,140975.0,,,,1374590.0,4259046.0,483706.0,150454.0,,,,,,,2557236.0,,-147007.0,,,
1965-01-01,51575.0,,,124567.0,,,,1373018.0,4362111.0,529824.0,145038.0,,,,,,,2614265.0,,-134525.0,,,
1965-04-01,37157.0,,,145419.0,,,,1389271.0,4417225.0,531216.0,162154.0,,,,,,,2643097.0,,-129625.0,,,
1965-07-01,41846.0,,,142188.0,,,,1435360.0,4515427.0,549712.0,162819.0,,,,,,,2688512.0,,-137526.0,,,
1965-10-01,33654.0,,,150878.0,,,,1462544.0,4619458.0,553352.0,170763.0,,,,,,,2764094.0,,-140648.0,,,
1966-01-01,58962.0,,,147160.0,,,,1489775.0,4731888.0,597563.0,175164.0,,,,,,,2804899.0,,-132345.0,,,
1966-04-01,56666.0,,,151583.0,,,,1517912.0,4748046.0,588717.0,179520.0,,,,,,,2812086.0,,-142731.0,,,
1966-07-01,50369.0,,,149771.0,,,,1559275.0,4788254.0,584373.0,189589.0,,,,,,,2844198.0,,-159775.0,,,
1966-10-01,69319.0,,,153495.0,,,,1586198.0,4827537.0,587798.0,191724.0,,,,,,,2856047.0,,-164277.0,,,
1967-01-01,64874.0,,,155380.0,,,,1653233.0,4870299.0,573373.0,194717.0,,,,,,,2872504.0,,-189473.0,,,
1967-04-01,28499.0,,,153314.0,,,,1646377.0,4873287.0,552629.0,193170.0,,,,,,,2911776.0,,-197640.0,,,
1967-07-01,38402.0,,,152084.0,,,,1664669.0,4919392.0,568833.0,195707.0,,,,,,,2926685.0,,-197173.0,,,
1967-10-01,37360.0,,,154952.0,,,,1677307.0,4956477.0,581104.0,206028.0,,,,,,,2944594.0,,-195453.0,,,
1968-01-01,34133.0,,,159305.0,,,,1707281.0,5057553.0,592754.0,218167.0,,,,,,,3015162.0,,-198782.0,,,
1968-04-01,59786.0,,,161970.0,,,,1716107.0,5142033.0,615427.0,221494.0,,,,,,,3061075.0,,-191051.0,,,
1968-07-01,32636.0,,,173487.0,,,,1721216.0,5181859.0,598643.0,234806.0,,,,,,,3118445.0,,-195125.0,,,
1968-10-01,27116.0,,,169631.0,,,,1722739.0,5202212.0,605155.0,232828.0,,,,,,,3132511.0,,-194997.0,,,
1969-01-01,45460.0,,,149913.0,,,,1726594.0,5283597.0,640790.0,210867.0,,,,,,,3167245.0,,-190078.0,,,
1969-04-01,37989.0,,,182766.0,,,,1721163.0,5299625.0,637015.0,252469.0,,,,,,,3187677.0,,-176527.0,,,
1969-07-01,43899.0,,,179708.0,,,,1724612.0,5334600.0,649948.0,249198.0,,,,,,,3203218.0,,-173688.0,,,
1969-10-01,23776.0,,,184409.0,,,,1701376.0,5308556.0,618565.0,246460.0,,,,,,,3228820.0,,-178154.0,,,
1970-01-01,4328.0,,,186842.0,,,144190.5,1693165.0,5300652.0,600116.0,245653.0,,,-58811.0,,,,3248853.0,,-182672.0,77927.5,,
1970-04-01,20148.0,,,194082.0,,,146499.0,1673464.0,5308164.0,601421.0,250508.0,,,-56426.0,,,,3263571.0,,-173866.0,82780.5,,
1970-07-01,20250.0,,,194859.0,,,146344.5,1680531.0,5357077.0,611208.0,249933.0,,,-55074.0,,,,3292183.0,,-171771.0,83187.0,,
1970-10-01,-16829.0,,,195263.0,,,149510.0,1681319.0,5299672.0,578757.0,253809.0,,,-58546.0,,,,3283245.0,,-185104.0,81269.5,,
1971-01-01,47696.0,,,197046.0,,,148112.5,1656742.0,5443619.0,646232.0,250817.0,,,-53771.0,,,,3346268.0,,-151852.0,83242.5,,
1971-04-01,40589.0,,,195588.0,,,156522.5,1652914.0,5473059.0,664569.0,269738.0,,,-74149.0,,,,3377022.0,,-147297.0,82990.0,,
1971-07-01,38579.0,,,205365.0,,,164027.5,1652012.0,5518072.0,672632.0,275701.0,,,-70335.0,,,,3403947.0,,-140184.0,82206.0,,
1971-10-01,-2228.0,,,186407.0,,,146776.5,1640336.0,5531032.0,654519.0,257013.0,,,-70606.0,,,,3460427.0,,-153644.0,82943.5,,
1972-01-01,13935.0,,,207596.0,,,171672.5,1649269.0,5632649.0,697648.0,294575.0,,,-86979.0,,,,3506098.0,,-133387.0,85520.5,,
1972-04-01,45638.0,,,201538.0,,,165217.0,1655872.0,5760470.0,737276.0,284109.0,,,-82571.0,,,,3572842.0,,-122949.0,83523.0,,
1972-07-01,48838.0,,,213689.0,,,173069.5,1624317.0,5814854.0,747745.0,290022.0,,,-76334.0,,,,3627904.0,,-108778.0,84309.0,,
1972-10-01,19615.0,,,222725.0,,,182705.5,1637754.0,5912220.0,752434.0,303087.0,,,-80362.0,,,,3713038.0,,-110645.0,84461.0,,
1973-01-01,32168.0,,,239018.0,,,194820.5,1651865.0,6058544.0,796530.0,317093.0,,,-78075.0,,,,3780829.0,,-92604.0,86554.0,,
1973-04-01,62868.0,,,250533.0,,,196453.0,1640230.0,6124506.0,830483.0,307953.0,,,-57420.0,,,,3779125.0,,-67911.0,85031.5,,
1973-07-01,29975.0,,,251377.0,,,194595.0,1620936.0,6092301.0,800370.0,299446.0,,,-48068.0,,,,3792426.0,,-73363.0,82784.5,,
1973-10-01,69558.0,,,263743.0,,,201796.0,1633097.0,6150131.0,828879.0,301679.0,,,-37936.0,,,,3781115.0,,-55023.0,80427.5,,
1974-01-01,33922.0,,,267163.0,,,196721.5,1662599.0,6097258.0,781544.0,291445.0,,,-24282.0,,,,3747286.0,,-69889.0,83569.5,,
1974-04-01,44484.0,,,280191.0,,,207266.5,1670929.0,6111751.0,778425.0,306886.0,,,-26695.0,,,,3760779.0,,-71688.0,86906.5,,
1974-07-01,14232.0,,,265095.0,,,199822.5,1674253.0,6053978.0,738080.0,301525.0,,,-36429.0,,,,3776934.0,,-98860.0,84640.0,,
1974-10-01,52492.0,,,272020.0,,,199341.5,1682266.0,6030464.0,742560.0,298537.0,,,-26516.0,,,,3721726.0,,-89571.0,88551.5,,
1975-01-01,-21151.0,,,273917.0,,,186333.5,1700574.0,5957035.0,622949.0,268587.0,,,5330.0,,,,3752942.0,,-124760.0,89468.5,,
1975-04-01,-37094.0,,,265932.0,,,173653.0,1686211.0,5999610.0,604403.0,247093.0,,,18839.0,,,,3814672.0,,-124515.0,89681.0,,
1975-07-01,-5930.0,,,261446.0,,,184509.5,1717716.0,6102326.0,651260.0,267626.0,,,-6181.0,,,,3868889.0,,-129358.0,82002.5,,
1975-10-01,387.0,,,276228.0,,,195101.5,1732769.0,6184530.0,669438.0,281895.0,,,-5667.0,,,,3910492.0,,-122502.0,85585.5,,
1976-01-01,39195.0,,,274321.0,,,201505.0,1735490.0,6323649.0,734031.0,299528.0,,,-25208.0,,,,3988677.0,,-109341.0,87183.5,,
1976-04-01,58961.0,,,277087.0,,,207670.0,1716171.0,6370025.0,763083.0,312507.0,,,-35420.0,,,,4025375.0,,-99184.0,88904.5,,
1976-07-01,53269.0,,,285137.0,,,215229.5,1711140.0,6404895.0,765742.0,325300.0,,,-40162.0,,,,4067757.0,,-99582.0,91895.0,,
1976-10-01,19461.0,,,288030.0,,,221225.0,1710087.0,6451177.0,771471.0,336150.0,,,-48120.0,,,,4120536.0,,-102796.0,91849.0,,
1977-01-01,33147.0,,,283395.0,,,226230.0,1724629.0,6527703.0,807213.0,351879.0,,,-68484.0,,,,4169104.0,,-104760.0,92259.0,,
1977-04-01,49461.0,,,291032.0,,,229657.0,1740413.0,6654466.0,865083.0,355215.0,,,-64183.0,,,,4191711.0,,-78558.0,94595.5,,
1977-07-01,86816.0,,,293290.0,,,228500.5,1747409.0,6774457.0,908859.0,350314.0,,,-57024.0,,,,4231345.0,,-56131.0,94549.0,,
1977-10-01,45665.0,,,283887.0,,,226439.0,1743244.0,6774592.0,886060.0,355295.0,,,-71408.0,,,,4294965.0,,-78270.0,95472.0,,
1978-01-01,54392.0,,,290590.0,,,237258.0,1743682.0,6796260.0,903329.0,379100.0,,,-88511.0,,,,4319094.0,,-81335.0,100608.0,,
1978-04-01,53511.0,,,320884.0,,,250058.0,1787410.0,7058920.0,962001.0,380280.0,,,-59396.0,,,,4411431.0,,-42526.0,100727.0,,
1978-07-01,54536.0,,,324405.0,,,252278.0,1803917.0,7129915.0,990029.0,385238.0,,,-60832.0,,,,4429955.0,,-33153.0,103604.0,,
1978-10-01,64839.0,,,337281.0,,,258305.0,1820148.0,7225750.0,1012924.0,390525.0,,,-53244.0,,,,4465702.0,,-19780.0,106803.0,,
1979-01-01,49046.0,,,337545.0,,,257781.0,1802151.0,7238727.0,1014607.0,389471.0,,,-51926.0,,,,4488830.0,,-14935.0,107257.5,,
1979-04-01,55490.0,,,338425.0,,,259025.5,1819707.0,7246454.0,1013693.0,391580.0,,,-53155.0,,,,4485916.0,,-19706.0,107402.0,,
1979-07-01,20445.0,,,350604.0,,,261505.0,1825020.0,7300281.0,996622.0,385603.0,,,-34999.0,,,,4529568.0,,-15931.0,106852.5,,
1979-10-01,14701.0,,,372664.0,,,273458.0,1837039.0,7318535.0,978943.0,394013.0,,,-21349.0,,,,4540839.0,,-16937.0,108412.5,,
1980-01-01,16250.0,,,383064.0,,,278339.0,1864003.0,7341557.0,972248.0,394279.0,,,-11215.0,,,,4534348.0,,-17827.0,107197.5,,
1980-04-01,13872.0,,,390286.0,,,268096.5,1867666.0,7190289.0,889579.0,365647.0,,,24639.0,,,,4432231.0,,-23827.0,108218.0,,
1980-07-01,-59914.0,,,389455.0,,,255567.5,1842245.0,7181743.0,830866.0,339334.0,,,50121.0,,,,4480849.0,,-22338.0,109265.0,,
1980-10-01,-16997.0,,,387096.0,,,261958.5,1841838.0,7315677.0,908306.0,357530.0,,,29566.0,,,,4541390.0,,-5422.0,110654.0,,
1981-01-01,69238.0,,,394376.0,,,268583.5,1866472.0,7459022.0,992376.0,372790.0,,,21585.0,,,,4556603.0,,21985.0,117138.5,,
1981-04-01,17351.0,,,396508.0,,,269221.5,1870062.0,7403745.0,951246.0,373341.0,,,23167.0,,,,4556934.0,,2337.0,118120.5,,
1981-07-01,71443.0,,,388061.0,,,264419.5,1863621.0,7492405.0,1004861.0,369067.0,,,18994.0,,,,4578013.0,,26916.0,117122.5,,
1981-10-01,36320.0,,,389842.0,,,269638.5,1887304.0,7410768.0,969475.0,379634.0,,,10209.0,,,,4546699.0,,-2919.0,117575.0,,
1982-01-01,-34131.0,,,372923.0,,,258110.5,1885192.0,7295631.0,877772.0,368793.0,,,4131.0,,,,4580190.0,,-51653.0,117039.5,,
1982-04-01,-6705.0,,,375148.0,,,255651.5,1892356.0,7328912.0,877104.0,362754.0,,,12394.0,,,,4594142.0,,-47083.0,118201.0,,
1982-07-01,7453.0,,,358512.0,,,256863.5,1907531.0,7300896.0,869067.0,379579.0,,,-21068.0,,,,4624939.0,,-79573.0,117198.5,,
1982-10-01,-65093.0,,,342083.0,,,243648.5,1936943.0,7303817.0,801889.0,364681.0,,,-22598.0,,,,4705953.0,,-118370.0,116628.5,,
1983-01-01,-60654.0,,,347601.0,,,249789.5,1955554.0,7400066.0,829672.0,373039.0,,,-25438.0,,,,4752481.0,,-112203.0,116440.5,,
1983-04-01,-9540.0,,,348641.0,,,260513.5,1971659.0,7568456.0,903148.0,401723.0,,,-53082.0,,,,4849254.0,,-102523.0,121262.5,,
1983-07-01,-3299.0,,,353882.0,,,275363.0,2005680.0,7719746.0,959692.0,433017.0,,,-79135.0,,,,4936211.0,,-102702.0,123797.5,,
1983-10-01,34462.0,,,361003.0,,,287575.5,1973580.0,7880794.0,1053054.0,454259.0,,,-93255.0,,,,5014874.0,,-67458.0,124300.5,,
1984-01-01,109746.0,,,368538.0,,,300294.0,1994498.0,8034847.0,1154826.0,490776.0,,,-122238.0,,,,5056492.0,,-48731.0,137048.0,,
1984-04-01,103174.0,,,377698.0,,,310104.5,2037823.0,8173670.0,1192381.0,511335.0,,,-133637.0,,,,5127332.0,,-50228.0,143085.0,,
1984-07-01,107716.0,,,386042.0,,,318375.5,2054317.0,8252465.0,1218184.0,524572.0,,,-138530.0,,,,5165357.0,,-46863.0,145063.0,,
1984-10-01,67827.0,,,393897.0,,,326675.5,2097444.0,8320199.0,1202383.0,539948.0,,,-146051.0,,,,5232266.0,,-65842.0,148500.0,,
1985-01-01,20964.0,,,394941.0,,,320191.0,2120284.0,8400820.0,1169416.0,528040.0,,,-133099.0,,,,5321159.0,,-76940.0,151385.5,,
1985-04-01,30728.0,,,394094.0,,,330757.5,2167338.0,8474787.0,1189334.0,553985.0,,,-159891.0,,,,5370011.0,,-92004.0,152706.0,,
1985-07-01,25833.0,,,388346.0,,,328265.0,2216743.0,8604220.0,1181226.0,548626.0,,,-160280.0,,,,5472014.0,,-105482.0,148540.5,,
1985-10-01,47518.0,,,399932.0,,,341520.5,2225878.0,8668188.0,1224763.0,570096.0,,,-170164.0,,,,5483866.0,,-96155.0,151028.5,,
1986-01-01,42151.0,,,412459.0,,,339932.5,2243464.0,8749127.0,1224404.0,569527.0,,,-157069.0,,,,5531807.0,,-93479.0,162275.0,,
1986-04-01,20508.0,,,416899.0,,,356307.5,2290227.0,8788524.0,1203028.0,593759.0,,,-176860.0,,,,5592080.0,,-119952.0,157035.0,,
1986-07-01,-11777.0,,,426441.0,,,363402.5,2340115.0,8872601.0,1170667.0,610217.0,,,-183776.0,,,,5690971.0,,-145376.0,164372.5,,
1986-10-01,-9977.0,,,442373.0,,,371754.0,2330449.0,8920193.0,1174171.0,614953.0,,,-172580.0,,,,5725812.0,,-137659.0,165531.5,,
1987-01-01,45442.0,,,442767.0,,,367163.0,2344118.0,8986367.0,1205858.0,611348.0,,,-168581.0,,,,5731226.0,,-126254.0,170491.5,,
1987-04-01,25481.0,,,461008.0,,,378409.5,2362291.0,9083256.0,1206486.0,626643.0,,,-165635.0,,,,5809376.0,,-129263.0,176454.0,,
1987-07-01,-2196.0,,,481019.0,,,391326.5,2364769.0,9162024.0,1206662.0,638858.0,,,-157839.0,,,,5875641.0,,-127210.0,178614.0,,
1987-10-01,95725.0,,,498964.0,,,401277.5,2400223.0,9319332.0,1288881.0,653548.0,,,-154584.0,,,,5888065.0,,-103253.0,186037.5,,
1988-01-01,21045.0,,,526673.0,,,410707.0,2380198.0,9367502.0,1227008.0,650470.0,,,-123797.0,,,,5992101.0,,-108008.0,187828.5,,
1988-04-01,29197.0,,,541432.0,,,413099.0,2387303.0,9490594.0,1256243.0,642978.0,,,-101546.0,,,,6036355.0,,-87761.0,188706.5,,
1988-07-01,24293.0,,,552101.0,,,421721.5,2387578.0,9546206.0,1263222.0,658148.0,,,-106047.0,,,,6090001.0,,-88548.0,193551.0,,
1988-10-01,33371.0,,,568953.0,,,436437.5,2433900.0,9673405.0,1282499.0,678197.0,,,-109244.0,,,,6159246.0,,-92996.0,196298.5,,
1989-01-01,65960.0,,,585946.0,,,440962.0,2423185.0,9771725.0,1326029.0,681351.0,,,-95405.0,,,,6187816.0,,-69899.0,203387.0,,
1989-04-01,50515.0,,,611600.0,,,452027.0,2460441.0,9846293.0,1313202.0,684581.0,,,-72980.0,,,,6216695.0,,-71065.0,205725.0,,
1989-07-01,13959.0,,,617848.0,,,452045.0,2482562.0,9919228.0,1301412.0,683650.0,,,-65802.0,,,,6276877.0,,-75821.0,209520.0,,
1989-10-01,20258.0,,,627200.0,,,459182.5,2495007.0,9938767.0,1291758.0,696019.0,,,-68819.0,,,,6304157.0,,-83337.0,213733.0,,
1990-01-01,18585.0,,,654439.0,,,476336.5,2534913.0,10047386.0,1304586.0,718091.0,,,-63652.0,,,,6357213.0,,-85674.0,221506.5,,
1990-04-01,46550.0,,,662577.0,,,477405.0,2538916.0,10083855.0,1304993.0,716887.0,,,-54309.0,,,,6376579.0,,-82324.0,224596.5,,
1990-07-01,30476.0,,,667592.0,,,477507.0,2542963.0,10090569.0,1279695.0,713992.0,,,-46400.0,,,,6401841.0,,-87530.0,225772.0,,
1990-10-01,-14323.0,,,673470.0,,,469553.0,2559964.0,9998704.0,1208107.0,694844.0,,,-21374.0,,,,6353139.0,,-101132.0,228400.0,,
1991-01-01,-22629.0,,,677584.0,,,473326.5,2575220.0,9951916.0,1167908.0,686926.0,,,-9341.0,,,,6329249.0,,-111120.0,219608.0,,
1991-04-01,-26846.0,,,702289.0,,,482249.0,2585693.0,10029510.0,1167904.0,699135.0,,,3153.0,,,,6381703.0,,-108944.0,231253.5,,
1991-07-01,1133.0,,,718914.0,,,497637.0,2578454.0,10080195.0,1191028.0,718810.0,,,104.0,,,,6413521.0,,-102912.0,232866.5,,
1991-10-01,39445.0,,,735102.0,,,509129.5,2559584.0,10115329.0,1233261.0,734689.0,,,413.0,,,,6410312.0,,-88241.0,237430.0,,
1992-01-01,2985.0,,,748392.0,,,518577.5,2582280.0,10236435.0,1210478.0,740026.0,,,8366.0,,,,6530335.0,,-95023.0,235787.5,,
1992-04-01,28683.0,,,748748.0,,,525365.0,2577285.0,10347429.0,1278935.0,752192.0,,,-3444.0,,,,6574665.0,,-80012.0,234356.5,,
1992-07-01,26307.0,,,764615.0,,,538433.5,2593701.0,10449673.0,1289101.0,764049.0,,,566.0,,,,6645140.0,,-78835.0,233686.0,,
1992-10-01,30178.0,,,768448.0,,,547824.5,2593400.0,10558648.0,1328433.0,782339.0,,,-13892.0,,,,6724342.0,,-73635.0,234993.0,,
1993-01-01,52093.0,,,770163.0,,,554870.0,2561222.0,10576275.0,1359751.0,799278.0,,,-29115.0,,,,6750123.0,,-65705.0,237403.5,,
1993-04-01,35149.0,,,779368.0,,,565037.5,2561456.0,10637847.0,1367575.0,815792.0,,,-36424.0,,,,6811522.0,,-66282.0,239867.0,,
1993-07-01,2328.0,,,777273.0,,,567093.5,2565100.0,10688606.0,1358287.0,826535.0,,,-49262.0,,,,6887329.0,,-72847.0,242814.0,,
1993-10-01,19545.0,,,802325.0,,,590762.0,2574165.0,10833987.0,1429661.0,859740.0,,,-57415.0,,,,6947788.0,,-60212.0,247350.5,,
1994-01-01,61934.0,,,810201.0,,,599101.0,2542324.0,10939116.0,1484116.0,879770.0,,,-69568.0,,,,7027255.0,,-45010.0,253906.0,,
1994-04-01,111808.0,,,837555.0,,,624289.0,2554916.0,11087361.0,1557107.0,912550.0,,,-74995.0,,,,7081931.0,,-31598.0,257448.5,,
1994-07-01,69811.0,,,868903.0,,,650609.5,2597991.0,11152176.0,1531670.0,938211.0,,,-69308.0,,,,7135930.0,,-44106.0,257156.0,,
1994-10-01,98103.0,,,888962.0,,,670087.0,2575394.0,11279932.0,1594684.0,964609.0,,,-75647.0,,,,7213079.0,,-27578.0,259933.0,,
1995-01-01,82042.0,,,906086.0,,,684742.5,2584415.0,11319951.0,1611428.0,985774.0,,,-79688.0,,,,7231032.0,,-27237.0,264179.5,,
1995-04-01,46814.0,,,918791.0,,,694011.5,2593101.0,11353721.0,1577960.0,995136.0,,,-76345.0,,,,7294424.0,,-35419.0,265358.5,,
1995-07-01,10647.0,,,958551.0,,,707569.0,2586304.0,11450310.0,1568555.0,998555.0,,,-40004.0,,,,7360529.0,,-25074.0,273739.0,,
1995-10-01,17123.0,,,972233.0,,,715831.0,2559248.0,11528067.0,1607513.0,1011318.0,,,-39085.0,,,,7411873.0,,-11482.0,279232.0,,
1996-01-01,2307.0,,,983934.0,,,736005.5,2576137.0,11614418.0,1633332.0,1044193.0,,,-60259.0,,,,7480231.0,,-15023.0,280034.5,,
1996-04-01,33592.0,,,999928.0,,,750376.0,2608232.0,11808140.0,1711813.0,1067562.0,,,-67634.0,,,,7560702.0,,-4973.0,285438.5,,
1996-07-01,74191.0,,,1008015.0,,,771671.5,2608223.0,11914063.0,1789565.0,1102174.0,,,-94159.0,,,,7606475.0,,3959.0,283676.5,,
1996-10-01,43244.0,,,1070864.0,,,800897.5,2626227.0,12037775.0,1787190.0,1123911.0,,,-53047.0,,,,7667062.0,,10343.0,296784.5,,
1997-01-01,35640.0,,,1091223.0,,,831126.5,2612572.0,12115472.0,1823255.0,1171915.0,,,-80692.0,,,,7747880.0,,12457.0,299276.0,,
1997-04-01,140404.0,,,1134842.0,,,867406.5,2646418.0,12317221.0,1935157.0,1211249.0,,,-76407.0,,,,7782760.0,,29292.0,302472.5,,
1997-07-01,93072.0,,,1161100.0,,,895593.5,2658663.0,12471010.0,1962053.0,1255884.0,,,-94785.0,,,,7915359.0,,29719.0,309186.5,,
1997-10-01,99287.0,,,1159431.0,,,906585.0,2672005.0,12577495.0,1990860.0,1282987.0,,,-123556.0,,,,8009964.0,,28221.0,310739.0,,
1998-01-01,151744.0,,,1164787.0,,,927926.5,2662448.0,12703742.0,2078205.0,1331107.0,,,-166320.0,,,,8090987.0,,38421.0,316082.5,,
1998-04-01,55301.0,,,1151950.0,,,929748.5,2709053.0,12821339.0,2065336.0,1361614.0,,,-209664.0,,,,8233463.0,,23151.0,324957.5,,
1998-07-01,69982.0,,,1146707.0,,,936311.0,2729468.0,12982752.0,2118989.0,1379986.0,,,-233279.0,,,,8340831.0,,26743.0,324652.0,,
1998-10-01,81947.0,,,1189349.0,,,973691.5,2745584.0,13191670.0,2183382.0,1424651.0,,,-235302.0,,,,8461330.0,,36675.0,329542.0,,
1999-01-01,113307.0,,,1185370.0,,,985342.5,2765048.0,13315597.0,2243548.0,1464906.0,,,-279537.0,,,,8548235.0,,38303.0,336952.0,,
1999-04-01,48463.0,,,1200094.0,,,1010973.0,2775035.0,13426748.0,2244682.0,1506978.0,,,-306885.0,,,,8679143.0,,34772.0,338865.0,,
1999-07-01,60068.0,,,1236298.0,,,1045239.5,2808440.0,13604771.0,2306470.0,1561455.0,,,-325157.0,,,,8776715.0,,38302.0,349838.0,,
1999-10-01,114340.0,,,1262725.0,,,1074331.0,2852137.0,13827980.0,2367988.0,1601395.0,,,-338670.0,,,,8905093.0,,41432.0,352813.5,,
2000-01-01,20031.0,,,1280897.0,,,1107238.0,2831903.0,13878147.0,2351223.0,1661851.0,,,-380953.0,,,,9039743.0,,36232.0,358537.5,,
2000-04-01,117982.0,,,1319937.0,,,1139160.0,2859814.0,14130908.0,2490501.0,1714792.0,,,-394856.0,,,,9124152.0,,51297.0,373109.5,,
2000-07-01,84692.0,,,1351623.0,,,1180019.0,2847750.0,14145312.0,2466375.0,1776491.0,,,-424867.0,,,,9211569.0,,44485.0,377524.5,,
2000-10-01,77396.0,,,1338104.0,,,1174125.0,2865194.0,14229765.0,2471534.0,1779089.0,,,-440985.0,,,,9292050.0,,41973.0,378516.5,,
2001-01-01,-41560.0,,,1321256.0,,,1155690.5,2909984.0,14183120.0,2358969.0,1756138.0,,,-434882.0,,,,9325751.0,,23298.0,378016.0,,
2001-04-01,135.0,,,1282544.0,,,1108861.5,2960454.0,14271694.0,2362652.0,1699930.0,,,-417386.0,,,,9344486.0,,21487.0,380396.0,,
2001-07-01,-43518.0,,,1216869.0,,,1071517.0,2957571.0,14214516.0,2311409.0,1661369.0,,,-444500.0,,,,9377003.0,,13033.0,365723.0,,
2001-10-01,-111609.0,,,1174568.0,,,1057487.5,3006637.0,14253574.0,2196554.0,1644162.0,,,-469594.0,,,,9528302.0,,-8326.0,348340.0,,
2002-01-01,-6151.0,,,1200226.0,,,1069577.0,3059334.0,14372785.0,2262071.0,1690878.0,,,-490652.0,,,,9549516.0,,-7483.0,375976.0,,
2002-04-01,32416.0,,,1235950.0,,,1112145.5,3082755.0,14460848.0,2298939.0,1747541.0,,,-511591.0,,,,9597820.0,,-7075.0,377758.0,,
2002-07-01,26563.0,,,1239872.0,,,1127994.0,3098595.0,14519633.0,2295983.0,1769759.0,,,-529887.0,,,,9664988.0,,-10047.0,373778.0,,
2002-10-01,39749.0,,,1221597.0,,,1127286.5,3121374.0,14537580.0,2293746.0,1801535.0,,,-579938.0,,,,9718745.0,,-16346.0,382987.5,,
2003-01-01,41275.0,,,1217842.0,,,1131347.5,3124051.0,14614141.0,2312465.0,1793694.0,,,-575852.0,,,,9766616.0,,-13140.0,371291.5,,
2003-04-01,-9380.0,,,1219986.0,,,1150622.0,3152710.0,14743567.0,2327492.0,1819841.0,,,-599854.0,,,,9878442.0,,-15222.0,364861.0,,
2003-07-01,3437.0,,,1253316.0,,,1165366.5,3159860.0,14988782.0,2411638.0,1848341.0,,,-595026.0,,,,10018122.0,,-5813.0,382209.0,,
2003-10-01,45183.0,,,1309666.0,,,1208520.0,3178923.0,15162760.0,2493928.0,1907048.0,,,-597382.0,,,,10087092.0,,198.0,396390.5,,
2004-01-01,55562.0,,,1339286.0,,,1238574.5,3193302.0,15248680.0,2498140.0,1960461.0,,,-621175.0,,,,10181141.0,,-2728.0,408150.5,,
2004-04-01,92005.0,,,1367358.0,,,1280145.0,3201827.0,15366850.0,2597507.0,2037690.0,,,-670333.0,,,,10236694.0,,1154.0,419082.5,,
2004-07-01,80645.0,,,1371930.0,,,1296557.5,3207809.0,15512619.0,2638672.0,2065934.0,,,-694004.0,,,,10356936.0,,3205.0,418284.0,,
2004-10-01,87941.0,,,1404510.0,,,1325717.0,3205846.0,15670880.0,2693575.0,2114053.0,,,-709543.0,,,,10474084.0,,6918.0,429727.5,,
2005-01-01,121598.0,,,1430827.0,,,1344296.5,3221699.0,15844727.0,2769261.0,2132265.0,,,-701438.0,,,,10540638.0,,14567.0,432970.0,,
2005-04-01,30068.0,,,1462813.0,,,1371613.0,3219797.0,15922782.0,2733225.0,2160811.0,,,-697998.0,,,,10657449.0,,10309.0,434809.5,,
2005-07-01,15581.0,,,1462546.0,,,1375993.0,3230377.0,16047587.0,2769106.0,2172945.0,,,-710398.0,,,,10745873.0,,12629.0,436402.0,,
2005-10-01,101020.0,,,1507833.0,,,1420882.5,3232898.0,16136734.0,2857350.0,2242978.0,,,-735145.0,,,,10765680.0,,15951.0,448748.5,,
2006-01-01,94172.0,,,1568985.0,,,1457178.5,3273905.0,16353835.0,2899229.0,2289138.0,,,-720154.0,,,,10883075.0,,17780.0,466533.0,,
2006-04-01,95203.0,,,1598092.0,,,1476896.5,3272721.0,16396151.0,2882564.0,2311934.0,,,-713842.0,,,,10939498.0,,15209.0,472535.5,,
2006-07-01,95318.0,,,1596037.0,,,1491282.5,3267713.0,16420738.0,2871589.0,2335034.0,,,-738996.0,,,,11009748.0,,10684.0,467556.0,,
2006-10-01,54763.0,,,1656573.0,,,1499974.5,3294635.0,16561866.0,2818228.0,2332033.0,,,-675460.0,,,,11114771.0,,9693.0,489511.0,,
2007-01-01,29668.0,969916.0,827856.0,1689392.0,1185518.0,2786977.0,2144379.3333333335,3299115.0,16611690.0,2800037.0,2365980.0,546103.0,752640.0,-676588.0,431796.0,2435014.0,1940435.0,11183323.0,892211.0,-84130.0,2932714.6666666665,2120637.0,582378.0
2007-04-01,54925.0,980094.0,839361.0,1714981.0,1204950.0,2800103.0,2154992.6666666665,3329139.0,16713314.0,2827010.0,2378558.0,549788.0,769601.0,-663578.0,434095.0,2429864.0,1983497.0,11212669.0,857055.0,-88886.0,2944858.6666666665,2130646.0,614734.0
2007-07-01,36338.0,992086.0,843644.0,1768587.0,1215483.0,2784117.0,2174779.0,3344222.0,16809587.0,2794526.0,2391879.0,551680.0,774455.0,-623292.0,439829.0,2437516.0,2014616.0,11287468.0,802575.0,-83769.0,2972858.3333333335,2134852.0,644229.0
2007-10-01,31249.0,999506.0,848639.0,1809181.0,1235807.0,2757412.0,2178947.0,3370950.0,16915191.0,2762518.0,2369287.0,563341.0,788366.0,-560106.0,446182.0,2435524.0,2045689.0,11331949.0,735842.0,-73527.0,2990088.0,2140641.0,660722.0
2008-01-01,-6799.0,967195.0,843951.0,1838024.0,1254557.0,2714675.0,2167143.3333333335,3378654.0,16843003.0,2686998.0,2378171.0,573857.0,801287.0,-540148.0,451951.0,2416648.0,2053812.0,11316411.0,677302.0,-82936.0,3013250.3333333335,2128755.0,663683.0
2008-04-01,-29623.0,960307.0,833788.0,1892001.0,1281368.0,2692443.0,2173856.0,3407753.0,16943291.0,2641850.0,2355670.0,579454.0,815761.0,-463669.0,464388.0,2420379.0,2057975.0,11347595.0,646624.0,-75860.0,3027753.0,2130332.0,674671.0
2008-07-01,-14799.0,927915.0,807577.0,1883563.0,1297975.0,2624372.0,2138782.6666666665,3435100.0,16854295.0,2589254.0,2325941.0,572706.0,834320.0,-442378.0,462056.0,2385067.0,2019550.0,11260136.0,613819.0,-78243.0,3024830.0,2140834.0,670570.0
2008-10-01,-78104.0,859616.0,713618.0,1772800.0,1314893.0,2451093.0,2041786.0,3458839.0,16485350.0,2338938.0,2241832.0,568642.0,846838.0,-469031.0,466365.0,2362307.0,1901929.0,11158801.0,554077.0,-129864.0,3031679.3333333335,2147350.0,655095.0
2009-01-01,-167736.0,861124.0,634073.0,1631257.0,1332300.0,2256202.0,1936220.3333333333,3498103.0,16298262.0,2073135.0,2028740.0,553107.0,849431.0,-397483.0,481499.0,2361431.0,1758633.0,11130464.0,500348.0,-111840.0,3011790.0,2169143.0,606434.0
2009-04-01,-219104.0,854876.0,608998.0,1641991.0,1363933.0,2174421.0,1900679.3333333333,3549027.0,16269145.0,1952641.0,1946352.0,566972.0,871337.0,-304361.0,491163.0,2347273.0,1705141.0,11075748.0,469588.0,-90787.0,3006665.3333333335,2187891.0,559876.0
2009-07-01,-236813.0,896394.0,624449.0,1702680.0,1376381.0,2182489.0,1960736.6666666667,3558540.0,16326281.0,1946867.0,2026658.0,572786.0,877987.0,-323978.0,496989.0,2354737.0,1695222.0,11150230.0,491406.0,-71472.0,3015495.0,2184555.0,521808.0
2009-10-01,-57472.0,875252.0,653348.0,1796464.0,1396928.0,2193484.0,2009608.6666666667,3565188.0,16502754.0,2128516.0,2125297.0,590197.0,887914.0,-328833.0,507684.0,2362265.0,1706564.0,11137946.0,490390.0,-69162.0,3026203.0,2169823.0,477648.0
2010-01-01,-6872.0,885957.0,699529.0,1836914.0,1412544.0,2192686.0,2045894.3333333333,3549775.0,16582710.0,2174335.0,2178743.0,580237.0,892863.0,-341829.0,518470.0,2374836.0,1718732.0,11202495.0,474574.0,-61980.0,3041637.3333333335,2137797.0,445966.0
2010-04-01,35277.0,913880.0,745107.0,1877331.0,1431015.0,2272707.0,2103423.6666666665,3560566.0,16743162.0,2288469.0,2278127.0,577346.0,899202.0,-400796.0,530710.0,2387864.0,1775333.0,11302955.0,499233.0,-71205.0,3062147.6666666665,2129491.0,459037.0
2010-07-01,120261.0,928246.0,785236.0,1930963.0,1424541.0,2285204.0,2143969.0,3535371.0,16872266.0,2390072.0,2357757.0,588543.0,897430.0,-426795.0,525947.0,2396783.0,1823655.0,11383596.0,454993.0,-57196.0,3093082.3333333335,2110610.0,452642.0
2010-10-01,68909.0,954231.0,801162.0,1983824.0,1422256.0,2328831.0,2174681.3333333335,3512905.0,16960864.0,2383297.0,2366425.0,599561.0,899718.0,-382601.0,521296.0,2414633.0,1859421.0,11453368.0,462520.0,-45599.0,3104419.6666666665,2090152.0,461641.0
2011-01-01,29124.0,962579.0,820993.0,2000839.0,1402162.0,2325257.0,2190881.6666666665,3469798.0,16920632.0,2338901.0,2377978.0,605659.0,883231.0,-377139.0,517806.0,2422669.0,1857309.0,11497120.0,460953.0,-43500.0,3111220.6666666665,2067272.0,428196.0
2011-04-01,65520.0,955777.0,832346.0,2034722.0,1396760.0,2380022.0,2193052.3333333335,3446079.0,17035114.0,2434538.0,2386867.0,615579.0,886941.0,-352145.0,508500.0,2417537.0,1905711.0,11508950.0,466179.0,-37186.0,3128943.6666666665,2048802.0,458394.0
2011-07-01,-14852.0,964263.0,882413.0,2062730.0,1366393.0,2480401.0,2204003.3333333335,3396917.0,17031313.0,2445296.0,2413346.0,628055.0,874827.0,-350615.0,490065.0,2409293.0,1995353.0,11543975.0,474579.0,-48627.0,3149021.0,2030405.0,486074.0
2011-10-01,97693.0,987371.0,902777.0,2078364.0,1371480.0,2544234.0,2232598.6666666665,3394613.0,17222583.0,2633829.0,2445030.0,642440.0,867273.0,-366665.0,503034.0,2408723.0,2046640.0,11563890.0,486889.0,-27954.0,3139686.0,2022796.0,503202.0
2012-01-01,77751.0,1011514.0,930892.0,2103747.0,1371423.0,2624008.0,2252614.3333333335,3380162.0,17367010.0,2692179.0,2457077.0,643771.0,861660.0,-353330.0,508761.0,2426333.0,2099256.0,11647297.0,516345.0,-26857.0,3159569.3333333335,2008214.0,527403.0
2012-04-01,89453.0,1013418.0,957161.0,2124460.0,1360498.0,2677220.0,2260178.3333333335,3362330.0,17444525.0,2752614.0,2466212.0,652006.0,851119.0,-341752.0,508495.0,2423566.0,2146704.0,11667753.0,520771.0,-27442.0,3169068.0,2001428.0,540262.0
2012-07-01,85498.0,1026568.0,954361.0,2137473.0,1363348.0,2681288.0,2272077.3333333335,3357201.0,17469650.0,2759860.0,2479452.0,653267.0,853288.0,-341978.0,509149.0,2424764.0,2139633.0,11691414.0,534146.0,-20649.0,3173271.0,1993353.0,534258.0
2012-10-01,24013.0,1049847.0,973367.0,2139526.0,1336152.0,2729394.0,2269127.0,3324137.0,17489852.0,2736423.0,2456092.0,666083.0,826679.0,-316566.0,508898.0,2424826.0,2162912.0,11738007.0,561974.0,-28169.0,3185164.3333333335,1987819.0,523964.0
2013-01-01,75942.0,1076207.0,993659.0,2150631.0,1305953.0,2782635.0,2296533.3333333335,3293099.0,17662400.0,2845380.0,2453983.0,688207.0,806700.0,-303352.0,498712.0,2461515.0,2196264.0,11814326.0,583345.0,-14024.0,3183040.6666666665,1987201.0,513041.0
2013-04-01,79526.0,1081462.0,995375.0,2170131.0,1295886.0,2811721.0,2317073.0,3288858.0,17709671.0,2882489.0,2489615.0,685463.0,802275.0,-319485.0,493013.0,2463711.0,2207605.0,11848089.0,603035.0,-15130.0,3191468.0,1993083.0,526559.0
2013-07-01,137289.0,1091328.0,998034.0,2188712.0,1277807.0,2863364.0,2334945.6666666665,3272825.0,17860450.0,2998991.0,2507502.0,699763.0,786507.0,-318791.0,490816.0,2482654.0,2248212.0,11896258.0,613966.0,-7553.0,3201216.6666666665,1995116.0,552040.0
2013-10-01,121413.0,1102516.0,1038905.0,2251769.0,1256027.0,2910211.0,2369569.6666666665,3247579.0,18016147.0,3027805.0,2527321.0,706401.0,774015.0,-275552.0,481526.0,2506699.0,2302178.0,12001027.0,604215.0,1246.0,3228310.3333333335,1991643.0,557443.0
2014-01-01,58313.0,1120977.0,1049377.0,2230209.0,1254936.0,2946011.0,2378445.0,3233646.0,17953974.0,2998148.0,2559945.0,713319.0,764400.0,-329736.0,490217.0,2514711.0,2339393.0,12044203.0,601624.0,-7714.0,3237575.3333333335,1978790.0,578061.0
2014-04-01,92815.0,1162828.0,1077672.0,2278387.0,1247703.0,3032651.0,2433066.0,3238033.0,18185911.0,3121321.0,2618248.0,731432.0,759699.0,-339861.0,487703.0,2540347.0,2406416.0,12159899.0,621366.0,-2851.0,3254771.6666666665,1990341.0,598857.0
2014-07-01,106049.0,1182991.0,1111248.0,2287790.0,1262053.0,3094489.0,2453683.0,3259900.0,18406941.0,3193152.0,2623176.0,747241.0,769714.0,-335386.0,492021.0,2561827.0,2458452.0,12280086.0,630798.0,-501.0,3278381.0,1997887.0,600814.0
2014-10-01,83220.0,1205849.0,1105789.0,2306749.0,1243057.0,3137275.0,2493707.6666666665,3257472.0,18500031.0,3203351.0,2692035.0,764208.0,747787.0,-385286.0,495105.0,2592382.0,2479937.0,12421595.0,653415.0,-16814.0,3314605.0,2014353.0,611158.0
2015-01-01,169373.0,1228897.0,1117415.0,2288491.0,1248048.0,3150326.0,2516520.0,3277170.0,18666621.0,3314895.0,2732128.0,759608.0,745606.0,-443637.0,502343.0,2618169.0,2481110.0,12516902.0,666289.0,-7805.0,3330499.0,2029059.0,604938.0
2015-04-01,145308.0,1253678.0,1122157.0,2294628.0,1251919.0,3184460.0,2539022.0,3309301.0,18782243.0,3328049.0,2753525.0,763776.0,747548.0,-458897.0,504279.0,2633975.0,2498351.0,12603053.0,684076.0,-4341.0,3345517.6666666665,2057326.0,613431.0
2015-07-01,120301.0,1270069.0,1140854.0,2276101.0,1250784.0,3220257.0,2552503.6666666665,3326769.0,18857418.0,3335270.0,2772301.0,775881.0,740332.0,-496200.0,510434.0,2661582.0,2513595.0,12691790.0,705645.0,-8093.0,3361491.0,2075918.0,597171.0
2015-10-01,99571.0,1278273.0,1128413.0,2273012.0,1260182.0,3219485.0,2554200.0,3341055.0,18892206.0,3315334.0,2780142.0,796860.0,746010.0,-507130.0,514151.0,2671659.0,2502473.0,12743411.0,716639.0,-6819.0,3378721.3333333335,2080801.0,577134.0
2016-01-01,62384.0,1295286.0,1125443.0,2266512.0,1261134.0,3243156.0,2570667.3333333335,3371646.0,19001690.0,3301090.0,2776830.0,821304.0,743247.0,-510318.0,517890.0,2696651.0,2504570.0,12839618.0,739045.0,-7200.0,3390771.6666666665,2110487.0,557417.0
2016-04-01,19192.0,1306272.0,1113799.0,2284053.0,1254810.0,3267121.0,2582773.3333333335,3369042.0,19062709.0,3287033.0,2780375.0,841936.0,735829.0,-496323.0,519006.0,2720377.0,2525941.0,12903306.0,741346.0,-1786.0,3406732.0,2114243.0,570209.0
2016-07-01,-3687.0,1339752.0,1112586.0,2321136.0,1261434.0,3303627.0,2609827.6666666665,3383696.0,19197938.0,3301079.0,2800667.0,858886.0,743289.0,-479531.0,518147.0,2729065.0,2564000.0,12993064.0,739347.0,-65.0,3428572.3333333335,2122261.0,592897.0
2016-10-01,55550.0,1360770.0,1118081.0,2303823.0,1262501.0,3333741.0,2634499.0,3389649.0,19304352.0,3391749.0,2841006.0,868457.0,742228.0,-537183.0,520280.0,2733555.0,2584602.0,13060061.0,748925.0,2151.0,3433842.0,2127153.0,598385.0
2017-01-01,7021.0,1371708.0,1125384.0,2359904.0,1257161.0,3376900.0,2667259.6666666665,3380244.0,19398343.0,3382703.0,2885003.0,887406.0,739054.0,-525099.0,518114.0,2759465.0,2610431.0,13160475.0,766457.0,-1346.0,3467886.0,2123095.0,597767.0
2017-04-01,26048.0,1389176.0,1146797.0,2367862.0,1263907.0,3410548.0,2686546.3333333335,3389811.0,19506949.0,3435929.0,2912428.0,893682.0,749843.0,-544566.0,514061.0,2785806.0,2639796.0,13225743.0,770751.0,-365.0,3482096.0,2125901.0,599305.0
2017-07-01,55486.0,1424942.0,1165922.0,2381788.0,1263116.0,3436561.0,2703478.3333333335,3394009.0,19660766.0,3493166.0,2923573.0,912926.0,746786.0,-541784.0,516326.0,2801812.0,2665246.0,13315382.0,771325.0,1279.0,3503390.0,2130886.0,586350.0
2017-10-01,42140.0,1477817.0,1201709.0,2443487.0,1280033.0,3515953.0,2781078.0,3424498.0,19882352.0,3558859.0,3005351.0,930972.0,757491.0,-561864.0,522541.0,2838132.0,2728927.0,13460902.0,787030.0,432.0,3522231.6666666665,2144464.0,596180.0
2018-01-01,34055.0,1496922.0,1222971.0,2459308.0,1293037.0,3576791.0,2805079.3333333335,3431709.0,20044077.0,3612936.0,3017795.0,950810.0,760228.0,-558487.0,532802.0,2858865.0,2805277.0,13558373.0,772134.0,251.0,3540168.3333333335,2138736.0,631345.0
2018-04-01,466.0,1505562.0,1225089.0,2472656.0,1302317.0,3613793.0,2821953.3333333335,3456309.0,20150476.0,3612389.0,3021689.0,977853.0,767159.0,-549033.0,535153.0,2860773.0,2837057.0,13630967.0,777417.0,-3357.0,3553158.3333333335,2154046.0,633902.0
2018-07-01,92854.0,1516435.0,1225125.0,2441791.0,1319077.0,3623466.0,2832270.6666666665,3483628.0,20276154.0,3722248.0,3064175.0,994495.0,779269.0,-622384.0,539801.0,2869965.0,2854550.0,13693790.0,770056.0,2463.0,3567747.3333333335,2164692.0,634805.0
2018-10-01,89813.0,1518940.0,1241159.0,2451936.0,1325345.0,3632827.0,2850561.0,3488352.0,20304874.0,3724752.0,3096191.0,1022761.0,791750.0,-644254.0,533616.0,2889741.0,2880391.0,13736572.0,754590.0,-2459.0,3577904.6666666665,2163215.0,616933.0
2019-01-01,114259.0,1505416.0,1248027.0,2474928.0,1339795.0,3643127.0,2854871.6666666665,3536600.0,20431641.0,3755530.0,3094294.0,1033447.0,810315.0,-619366.0,529671.0,2914915.0,2899840.0,13758331.0,746082.0,-6219.0,3587979.3333333335,2197011.0,619167.0
2019-04-01,82473.0,1549244.0,1260714.0,2462392.0,1353418.0,3710747.0,2874029.3333333335,3584587.0,20602275.0,3790049.0,3111425.0,1055701.0,808510.0,-649034.0,544929.0,2947945.0,2954978.0,13875705.0,758737.0,-8300.0,3609755.3333333335,2231325.0,639126.0
2019-07-01,67510.0,1585714.0,1241936.0,2462912.0,1370255.0,3750143.0,2896529.0,3625512.0,20843322.0,3819940.0,3097883.0,1076451.0,820689.0,-634972.0,549580.0,2976406.0,2983489.0,14033222.0,769618.0,-4190.0,3635543.6666666665,2255377.0,664450.0
2019-10-01,25300.0,1598589.0,1213833.0,2477908.0,1377757.0,3739506.0,2885601.6666666665,3654831.0,20985448.0,3770431.0,3039834.0,1102537.0,825709.0,-561926.0,552057.0,2979060.0,2970305.0,14125274.0,772063.0,-2767.0,3662090.0,2277036.0,653200.0
2020-01-01,-43045.0,1524961.0,1147518.0,2371835.0,1392158.0,3711281.0,2848041.6666666665,3694581.0,20693238.0,3673842.0,2929668.0,1118785.0,830920.0,-557833.0,561251.0,3022935.0,2913863.0,13885947.0,797964.0,756.0,3549257.3333333335,2302241.0,645588.0
2020-04-01,-262503.0,1518779.0,1016891.0,1870980.0,1494659.0,3420572.0,2562014.6666666665,3774372.0,19056617.0,3162976.0,2428918.0,1091130.0,835338.0,-557937.0,659198.0,2923911.0,2679633.0,12671879.0,740976.0,-7430.0,3102329.3333333335,2281491.0,570321.0
2020-07-01,107461.0,1808006.0,1126136.0,2104963.0,1447415.0,3643293.0,2933435.0,3716175.0,20548793.0,3747725.0,2835521.0,1111456.0,835082.0,-730558.0,612277.0,3128287.0,2796820.0,13813007.0,841267.0,-31121.0,3330567.0,2269820.0,560796.0
2020-10-01,79512.0,1828229.0,1171892.0,2233569.0,1447946.0,3780908.0,3034112.3333333335,3701905.0,20771691.0,3863835.0,3040959.0,1139155.0,860725.0,-807391.0,587189.0,3145965.0,2871648.0,14008054.0,900065.0,-17174.0,3405459.3333333335,2255342.0,563265.0
2021-01-01,-21978.0,1956048.0,1187194.0,2235418.0,1506690.0,3867147.0,3118706.6666666665,3749436.0,21058379.0,3840228.0,3102184.0,1177975.0,843275.0,-866766.0,663463.0,3228729.0,2937872.0,14328593.0,919079.0,-33163.0,3450657.3333333335,2246119.0,575264.0
2021-04-01,-141035.0,2024411.0,1212107.0,2253207.0,1475745.0,3919517.0,3190759.6666666665,3709192.0,21389005.0,3777719.0,3164663.0,1216680.0,837307.0,-911456.0,638413.0,3337787.0,3001432.0,14809081.0,910529.0,-35541.0,3565391.6666666665,2236118.0,576070.0
2021-07-01,9463.0,1884958.0,1178659.0,2258262.0,1447159.0,3898499.0,3144691.6666666665,3694853.0,21571421.0,3923193.0,3230229.0,1242027.0,827462.0,-971966.0,619634.0,3340796.0,2988173.0,14924311.0,902570.0,-9684.0,3669305.3333333335,2249049.0,570537.0
2021-10-01,200093.0,1924188.0,1183176.0,2390257.0,1458400.0,3926381.0,3241470.3333333335,3692239.0,21960388.0,4175670.0,3386276.0,1278955.0,819610.0,-996019.0,638844.0,3361266.0,3013341.0,15086943.0,905274.0,21054.0,3722941.3333333335,2236044.0,556523.0
2022-01-01,195818.0,1924621.0,1228878.0,2362172.0,1426258.0,4006834.0,3251001.3333333335,3660866.0,21903850.0,4250699.0,3494255.0,1317333.0,795656.0,-1132084.0,630766.0,3338702.0,3110734.0,15123357.0,894929.0,12924.0,3752117.0,2235334.0,571095.0
2022-04-01,86718.0,1914163.0,1232216.0,2433713.0,1414437.0,4026425.0,3265639.0,3647157.0,21919222.0,4156790.0,3544951.0,1357182.0,799503.0,-1111239.0,614862.0,3328789.0,3165864.0,15219860.0,867817.0,6761.0,3810211.6666666665,2232864.0,583304.0
2022-07-01,58761.0,1905092.0,1252146.0,2517458.0,1412852.0,4008246.0,3260869.0,3661345.0,22066784.0,4096015.0,3495702.0,1383561.0,793610.0,-978244.0,619308.0,3308124.0,3225096.0,15277569.0,807061.0,-18647.0,3844721.6666666665,2247984.0,596272.0
2022-10-01,135147.0,1895411.0,1255495.0,2510250.0,1443589.0,3988672.0,3240587.3333333335,3710100.0,22249459.0,4153817.0,3455513.0,1410240.0,808255.0,-945263.0,635455.0,3308795.0,3269990.0,15323980.0,756526.0,-34093.0,3864578.6666666665,2266853.0,610392.0
2023-01-01,20589.0,1971807.0,1258234.0,2522456.0,1460026.0,4018826.0,3279383.3333333335,3756400.0,22403435.0,4058115.0,3448496.0,1425801.0,817980.0,-926041.0,642150.0,3329215.0,3312833.0,15510201.0,748168.0,-53155.0,3890217.0,2296559.0,631896.0
2023-04-01,-215.0,1970227.0,1295723.0,2491635.0,1455991.0,4102957.0,3249586.0,3783653.0,22539418.0,4136632.0,3421259.0,1439636.0,819637.0,-929624.0,636374.0,3326227.0,3391569.0,15548526.0,756417.0,-40799.0,3912368.6666666665,2327070.0,656334.0
2023-07-01,67248.0,1990473.0,1292281.0,2521467.0,1474823.0,4128905.0,3286547.3333333335,3836304.0,22780933.0,4237303.0,3460391.0,1449666.0,833001.0,-938924.0,641771.0,3351601.0,3400854.0,15646695.0,770621.0,-33071.0,3931605.6666666665,2360788.0,659180.0
2023-10-01,44594.0,2004540.0,1294626.0,2559591.0,1473549.0,4164941.0,3312709.6666666665,3870720.0,22960600.0,4244835.0,3496290.0,1468297.0,830310.0,-936699.0,643238.0,3381695.0,3432910.0,15781367.0,775486.0,-39121.0,3974471.6666666665,2395915.0,669661.0
2024-01-01,17744.0,1995676.0,1295727.0,2571763.0,1472192.0,4231417.0,3322146.6666666665,3887718.0,23053545.0,4282515.0,3548749.0,1495002.0,825002.0,-976986.0,647332.0,3374532.0,3470983.0,15856867.0,800765.0,-30313.0,4010512.6666666665,2414007.0,679927.0
2024-04-01,71668.0,2022338.0,1326467.0,2578386.0,1487773.0,4255749.0,3356161.6666666665,3917049.0,23223906.0,4369185.0,3614047.0,1497699.0,837977.0,-1035661.0,649805.0,3388567.0,3504130.0,15967266.0,795185.0,-24200.0,4037542.0,2427888.0,680187.0
2024-07-01,57883.0,2059768.0,1360967.0,2638199.0,1519965.0,4277732.0,3420422.6666666665,3966247.0,23400294.0,4377736.0,3707429.0,1509243.0,865732.0,-1069229.0,653957.0,3426956.0,3538799.0,16113035.0,786523.0,-28613.0,4073931.0,2445286.0,671568.0
2024-10-01,8893.0,2120740.0,1330374.0,2637171.0,1534927.0,4265880.0,3428744.6666666665,3996274.0,23542349.0,4315094.0,3689829.0,1507204.0,875953.0,-1052658.0,658651.0,3453065.0,3512419.0,16273191.0,797108.0,-34970.0,4112670.0,2460444.0,676387.0
