Date,Business,Farm,Federal,General government,Gross domestic product,Gross housing value added,Households,Households and institutions,Nonfarm,Nonprofit institutions serving households,State and local
1947-01-01,13.851,83.612,6.86,4.954,11.148,7.649,7.649,6.0,12.889,3.634,3.455
1947-04-01,14.03,85.151,6.859,4.972,11.3,7.812,7.819,6.297,13.049,4.098,3.504
1947-07-01,14.383,71.401,6.377,4.751,11.478,7.957,7.958,6.382,13.664,4.107,3.569
1947-10-01,14.71,93.475,6.385,4.805,11.714,8.093,8.078,6.421,13.634,4.038,3.688
1948-01-01,14.878,87.866,6.401,4.873,11.849,8.228,8.184,6.454,13.888,3.973,3.828
1948-04-01,15.043,86.832,6.467,4.953,11.989,8.334,8.265,6.538,14.077,4.059,3.936
1948-07-01,15.312,86.846,6.487,5.029,12.198,8.418,8.325,6.63,14.354,4.187,4.086
1948-10-01,15.283,73.989,6.508,5.081,12.193,8.486,8.371,6.63,14.552,4.13,4.181
1949-01-01,15.171,74.776,6.752,5.187,12.153,8.543,8.405,6.699,14.424,4.241,4.144
1949-04-01,15.056,71.022,6.781,5.177,12.078,8.6,8.44,6.736,14.369,4.277,4.091
1949-07-01,14.931,66.884,6.759,5.172,11.991,8.661,8.481,6.713,14.314,4.173,4.103
1949-10-01,14.883,65.754,6.951,5.252,11.988,8.726,8.526,6.782,14.283,4.27,4.079
1950-01-01,14.829,62.054,6.944,5.252,11.954,8.801,8.579,6.814,14.293,4.272,4.086
1950-04-01,14.91,65.882,6.814,5.215,12.004,8.882,8.645,6.863,14.304,4.298,4.136
1950-07-01,15.233,74.692,6.954,5.326,12.254,8.971,8.723,6.919,14.488,4.322,4.231
1950-10-01,15.522,79.413,6.758,5.27,12.45,9.068,8.814,7.09,14.712,4.599,4.316
1951-01-01,16.047,90.012,7.156,5.515,12.871,9.178,8.923,7.16,15.096,4.615,4.422
1951-04-01,16.189,88.3,6.928,5.422,12.945,9.279,9.025,7.23,15.268,4.639,4.481
1951-07-01,16.242,81.201,6.883,5.436,12.987,9.376,9.126,7.265,15.43,4.582,4.578
1951-10-01,16.44,85.341,6.982,5.516,13.158,9.469,9.227,7.436,15.57,4.853,4.65
1952-01-01,16.414,81.203,7.095,5.588,13.175,9.548,9.312,7.56,15.603,5.031,4.681
1952-04-01,16.47,78.361,7.162,5.65,13.225,9.65,9.42,7.521,15.703,4.783,4.75
1952-07-01,16.583,79.71,7.222,5.72,13.325,9.765,9.535,7.572,15.799,4.739,4.85
1952-10-01,16.604,74.935,7.309,5.783,13.372,9.891,9.655,7.703,15.894,4.887,4.895
1953-01-01,16.593,71.849,7.282,5.791,13.385,10.04,9.797,7.874,15.928,5.101,4.952
1953-04-01,16.617,67.34,7.351,5.829,13.417,10.16,9.906,7.927,16.02,5.072,4.955
1953-07-01,16.697,66.807,7.315,5.804,13.467,10.262,9.997,7.972,16.109,5.05,4.939
1953-10-01,16.732,63.327,7.38,5.854,13.507,10.347,10.069,7.994,16.196,4.997,4.981
1954-01-01,16.795,66.004,7.406,5.884,13.564,10.409,10.118,8.06,16.22,5.09,5.023
1954-04-01,16.781,63.858,7.506,5.981,13.589,10.465,10.162,8.11,16.24,5.148,5.135
1954-07-01,16.742,62.619,7.503,6.013,13.577,10.511,10.198,8.149,16.221,5.19,5.215
1954-10-01,16.735,60.941,7.568,6.059,13.595,10.55,10.229,8.227,16.241,5.343,5.247
1955-01-01,16.802,60.525,7.661,6.112,13.646,10.574,10.248,8.165,16.315,5.157,5.258
1955-04-01,16.837,60.368,7.95,6.272,13.722,10.607,10.277,8.244,16.353,5.312,5.286
1955-07-01,16.963,59.034,7.974,6.298,13.816,10.643,10.31,8.28,16.501,5.355,5.319
1955-10-01,17.07,55.422,8.026,6.351,13.908,10.681,10.349,8.34,16.664,5.448,5.382
1956-01-01,17.238,56.395,8.129,6.453,14.045,10.732,10.397,8.333,16.822,5.356,5.499
1956-04-01,17.388,59.177,8.299,6.555,14.177,10.775,10.443,8.386,16.936,5.421,5.54
1956-07-01,17.592,58.654,8.318,6.6,14.334,10.82,10.49,8.475,17.152,5.578,5.621
1956-10-01,17.694,58.171,8.348,6.642,14.422,10.866,10.538,8.559,17.263,5.719,5.682
1957-01-01,17.896,57.801,8.497,6.743,14.587,10.902,10.585,8.598,17.474,5.748,5.745
1957-04-01,18.012,57.777,8.582,6.826,14.69,10.951,10.637,8.638,17.592,5.77,5.836
1957-07-01,18.152,61.859,8.652,6.885,14.803,11.0,10.691,8.685,17.679,5.805,5.891
1957-10-01,18.241,61.979,8.793,6.975,14.89,11.05,10.748,8.72,17.769,5.809,5.938
1958-01-01,18.357,65.764,9.014,7.112,15.015,11.114,10.81,8.812,17.833,5.95,6.004
1958-04-01,18.405,66.849,9.151,7.205,15.079,11.16,10.86,8.869,17.867,6.019,6.062
1958-07-01,18.44,65.597,9.255,7.258,15.115,11.2,10.901,8.862,17.921,5.938,6.07
1958-10-01,18.449,62.335,9.318,7.295,15.134,11.236,10.932,8.884,17.974,5.948,6.086
1959-01-01,18.512,59.236,9.425,7.368,15.205,11.246,10.95,8.961,18.081,6.118,6.132
1959-04-01,18.557,59.838,9.458,7.394,15.249,11.315,11.016,9.017,18.12,6.161,6.155
1959-07-01,18.636,60.392,9.485,7.413,15.314,11.354,11.11,9.082,18.193,6.182,6.167
1959-10-01,18.702,58.633,9.496,7.432,15.373,11.414,11.189,9.167,18.285,6.278,6.197
1960-01-01,18.713,57.983,9.521,7.499,15.402,11.436,11.215,9.196,18.304,6.311,6.311
1960-04-01,18.78,60.321,9.487,7.51,15.457,11.456,11.247,9.253,18.342,6.409,6.366
1960-07-01,18.829,58.671,9.682,7.628,15.524,11.507,11.301,9.284,18.414,6.406,6.421
1960-10-01,18.903,59.727,9.721,7.673,15.592,11.547,11.332,9.341,18.474,6.505,6.477
1961-01-01,18.912,59.24,9.729,7.707,15.61,11.566,11.352,9.363,18.49,6.529,6.538
1961-04-01,18.924,57.496,9.743,7.762,15.641,11.624,11.409,9.421,18.526,6.591,6.637
1961-07-01,18.955,58.816,9.738,7.791,15.674,11.66,11.436,9.454,18.54,6.634,6.7
1961-10-01,18.993,61.148,9.717,7.813,15.71,11.662,11.446,9.493,18.548,6.719,6.763
1962-01-01,19.073,61.011,9.773,7.885,15.788,11.717,11.506,9.546,18.632,6.762,6.857
1962-04-01,19.122,59.563,9.788,7.9,15.831,11.733,11.526,9.6,18.7,6.872,6.874
1962-07-01,19.154,60.359,9.858,7.937,15.869,11.775,11.571,9.653,18.722,6.937,6.883
1962-10-01,19.154,61.373,10.062,8.06,15.907,11.788,11.596,9.69,18.709,6.995,6.942
1963-01-01,19.228,59.481,10.138,8.142,15.985,11.832,11.639,9.741,18.809,7.061,7.037
1963-04-01,19.226,58.575,10.145,8.172,15.999,11.865,11.668,9.792,18.818,7.147,7.092
1963-07-01,19.24,60.171,10.153,8.188,16.016,11.886,11.69,9.823,18.813,7.194,7.116
1963-10-01,19.327,57.834,10.389,8.333,16.121,11.936,11.737,9.897,18.929,7.313,7.192
1964-01-01,19.374,57.773,10.525,8.412,16.182,11.963,11.779,9.965,18.977,7.424,7.226
1964-04-01,19.422,57.116,10.572,8.457,16.229,11.988,11.816,9.997,19.033,7.447,7.274
1964-07-01,19.509,56.686,10.677,8.53,16.309,12.026,11.856,10.028,19.127,7.465,7.324
1964-10-01,19.583,57.776,10.752,8.583,16.378,12.046,11.879,10.082,19.189,7.569,7.362
1965-01-01,19.653,58.258,10.814,8.667,16.45,12.073,11.913,10.113,19.254,7.597,7.471
1965-04-01,19.735,63.265,10.873,8.714,16.527,12.11,11.971,10.194,19.282,7.715,7.51
1965-07-01,19.797,61.652,11.024,8.821,16.602,12.133,12.0,10.25,19.362,7.815,7.588
1965-10-01,19.893,64.154,11.258,8.956,16.711,12.171,12.041,10.336,19.432,7.973,7.651
1966-01-01,19.996,68.705,11.343,9.071,16.813,12.231,12.113,10.376,19.489,7.966,7.799
1966-04-01,20.177,66.771,11.395,9.156,16.965,12.276,12.158,10.468,19.693,8.132,7.916
1966-07-01,20.341,68.642,11.493,9.261,17.114,12.3,12.196,10.576,19.841,8.346,8.034
1966-10-01,20.515,63.212,11.462,9.3,17.254,12.382,12.29,10.689,20.07,8.491,8.137
1967-01-01,20.581,60.293,11.41,9.36,17.326,12.442,12.356,10.795,20.167,8.66,8.296
1967-04-01,20.678,59.095,11.543,9.481,17.43,12.482,12.392,10.86,20.278,8.771,8.416
1967-07-01,20.863,60.175,11.629,9.593,17.587,12.537,12.449,10.917,20.453,8.83,8.558
1967-10-01,21.054,59.869,12.012,9.834,17.781,12.616,12.552,10.969,20.65,8.807,8.695
1968-01-01,21.28,60.954,12.138,9.969,17.975,12.71,12.678,11.056,20.866,8.841,8.848
1968-04-01,21.52,62.435,12.235,10.094,18.177,12.816,12.803,11.144,21.094,8.877,9.007
1968-07-01,21.673,64.489,12.578,10.321,18.351,12.905,12.892,11.258,21.228,9.027,9.153
1968-10-01,21.966,64.784,12.735,10.483,18.607,13.011,13.013,11.426,21.521,9.262,9.328
1969-01-01,22.191,61.888,12.782,10.572,18.793,13.111,13.128,11.548,21.776,9.395,9.457
1969-04-01,22.485,67.21,12.849,10.7,19.041,13.227,13.243,11.716,22.02,9.638,9.644
1969-07-01,22.723,69.506,13.364,11.026,19.312,13.379,13.397,11.95,22.238,9.987,9.838
1969-10-01,22.978,72.723,13.49,11.174,19.554,13.519,13.554,12.218,22.464,10.414,10.013
1970-01-01,23.19,70.156,14.169,11.594,19.823,13.671,13.728,12.384,22.702,10.57,10.256
1970-04-01,23.497,67.609,14.421,11.819,20.109,13.813,13.88,12.586,23.038,10.845,10.474
1970-07-01,23.636,69.795,14.653,12.022,20.274,13.954,14.03,12.748,23.155,11.026,10.665
1970-10-01,23.931,66.343,14.898,12.221,20.539,14.126,14.198,12.902,23.489,11.159,10.838
1971-01-01,24.195,68.074,15.548,12.647,20.85,14.293,14.36,13.118,23.738,11.455,11.122
1971-04-01,24.49,69.047,15.872,12.902,21.13,14.464,14.525,13.276,24.026,11.607,11.339
1971-07-01,24.707,68.423,16.095,13.096,21.343,14.622,14.691,13.438,24.251,11.764,11.519
1971-10-01,24.845,73.142,16.481,13.312,21.52,14.733,14.802,13.669,24.343,12.172,11.628
1972-01-01,25.159,75.245,17.235,13.803,21.865,14.873,14.963,13.804,24.639,12.27,11.961
1972-04-01,25.269,76.536,17.424,13.975,21.999,14.986,15.077,13.947,24.738,12.457,12.128
1972-07-01,25.475,82.477,17.57,14.157,22.198,15.141,15.239,14.09,24.887,12.574,12.336
1972-10-01,25.711,90.821,18.058,14.437,22.45,15.288,15.385,14.305,25.042,12.891,12.491
1973-01-01,26.008,107.207,18.341,14.692,22.735,15.512,15.619,14.514,25.189,13.065,12.732
1973-04-01,26.445,125.108,18.616,14.923,23.111,15.678,15.789,14.747,25.467,13.393,12.941
1973-07-01,26.982,149.408,18.981,15.163,23.553,15.844,15.95,14.947,25.794,13.652,13.109
1973-10-01,27.446,135.067,19.519,15.461,23.961,16.025,16.141,15.162,26.39,13.905,13.269
1974-01-01,28.092,141.713,19.516,15.603,24.446,16.139,16.266,15.317,26.978,14.105,13.499
1974-04-01,28.763,107.666,19.738,15.87,24.989,16.241,16.413,15.558,27.957,14.486,13.796
1974-07-01,29.748,121.136,20.111,16.211,25.759,16.415,16.638,15.822,28.825,14.808,14.122
1974-10-01,30.703,130.194,20.846,16.68,26.541,16.683,16.891,16.099,29.704,15.125,14.443
1975-01-01,31.443,105.597,21.215,17.002,27.141,17.032,17.222,16.351,30.688,15.263,14.741
1975-04-01,31.867,101.075,21.464,17.343,27.534,17.274,17.453,16.582,31.164,15.496,15.137
1975-07-01,32.438,110.385,21.735,17.618,28.021,17.522,17.723,16.889,31.646,15.862,15.416
1975-10-01,32.943,115.984,22.352,17.969,28.489,17.838,18.088,17.245,32.101,16.208,15.62
1976-01-01,33.258,111.719,22.592,18.197,28.8,18.123,18.458,17.593,32.462,16.527,15.842
1976-04-01,33.573,107.692,22.707,18.38,29.088,18.385,18.729,17.844,32.82,16.75,16.064
1976-07-01,34.01,106.544,22.941,18.557,29.459,18.751,19.02,18.122,33.274,17.013,16.21
1976-10-01,34.573,101.489,23.612,18.913,29.96,19.202,19.346,18.439,33.89,17.32,16.392
1977-01-01,35.091,106.65,23.944,19.239,30.443,19.664,20.032,18.887,34.365,17.435,16.717
1977-04-01,35.632,104.8,24.193,19.548,30.925,20.042,20.396,19.246,34.925,17.79,17.06
1977-07-01,36.094,104.75,24.333,19.814,31.351,20.403,20.742,19.656,35.389,18.294,17.396
1977-10-01,36.609,93.951,25.184,20.324,31.875,20.764,21.093,20.143,36.007,18.978,17.721
1978-01-01,37.229,116.122,25.408,20.578,32.397,21.106,21.461,20.499,36.43,19.323,17.992
1978-04-01,37.993,129.011,25.945,20.957,33.043,21.459,21.863,20.853,37.089,19.611,18.286
1978-07-01,38.665,125.805,26.34,21.267,33.626,21.827,22.287,21.304,37.789,20.106,18.549
1978-10-01,39.46,131.667,26.833,21.579,34.291,22.325,22.837,21.739,38.536,20.38,18.764
1979-01-01,40.181,144.543,27.263,22.032,34.931,22.703,23.279,22.145,39.154,20.739,19.231
1979-04-01,41.221,139.402,27.619,22.381,35.775,23.175,23.792,22.61,40.242,21.141,19.576
1979-07-01,42.011,133.861,28.198,22.975,36.522,23.851,24.499,23.25,41.083,21.691,20.179
1979-10-01,42.754,128.294,28.626,23.277,37.188,24.668,25.328,23.966,41.878,22.254,20.414
1980-01-01,43.719,116.624,29.053,23.689,38.001,25.176,25.822,24.487,42.955,22.817,20.817
1980-04-01,44.691,91.166,30.211,24.445,38.903,25.723,26.385,25.091,44.174,23.484,21.356
1980-07-01,45.706,125.878,30.325,24.875,39.77,26.443,27.1,25.737,44.87,24.039,21.958
1980-10-01,46.876,148.203,31.263,25.605,40.825,27.298,27.975,26.517,45.842,24.69,22.576
1981-01-01,48.126,130.247,31.971,26.295,41.907,27.933,28.659,27.165,47.257,25.291,23.258
1981-04-01,48.971,118.924,32.739,26.871,42.694,28.64,29.431,27.839,48.218,25.833,23.731
1981-07-01,49.893,111.939,33.548,27.358,43.524,29.515,30.363,28.585,49.225,26.328,24.043
1981-10-01,50.638,99.461,34.303,27.916,44.243,30.438,31.33,29.282,50.13,26.659,24.495
1982-01-01,51.269,99.013,35.01,28.51,44.877,31.154,32.097,29.862,50.774,26.992,25.027
1982-04-01,51.922,100.287,35.63,29.037,45.473,31.548,32.45,30.173,51.424,27.25,25.506
1982-07-01,52.613,107.093,36.025,29.514,46.104,32.04,32.896,30.621,52.052,27.704,26.03
1982-10-01,53.101,102.153,36.224,29.92,46.571,32.428,33.213,30.983,52.617,28.125,26.553
1983-01-01,53.521,125.506,36.257,30.202,46.943,32.702,33.342,31.195,52.812,28.446,26.976
1983-04-01,53.824,133.418,36.666,30.637,47.291,33.051,33.717,31.567,53.06,28.815,27.428
1983-07-01,54.36,89.003,37.092,31.026,47.794,33.362,34.038,31.977,53.959,29.343,27.799
1983-10-01,54.679,95.013,37.473,31.405,48.151,33.721,34.427,32.426,54.227,29.873,28.181
1984-01-01,55.087,132.048,38.116,31.984,48.626,34.351,35.109,32.995,54.32,30.295,28.728
1984-04-01,55.467,119.625,38.588,32.414,49.063,35.05,35.847,33.659,54.812,30.864,29.138
1984-07-01,55.843,110.001,39.356,32.96,49.506,35.579,36.389,34.229,55.285,31.471,29.561
1984-10-01,56.117,109.81,40.338,33.613,49.852,35.786,36.486,34.461,55.566,31.882,30.029
1985-01-01,56.72,109.357,39.994,33.784,50.363,36.276,36.903,34.919,56.183,32.396,30.5
1985-04-01,56.961,100.651,40.232,34.12,50.66,36.905,37.482,35.41,56.519,32.771,30.897
1985-07-01,57.252,89.696,40.426,34.415,50.997,37.552,38.119,35.996,56.933,33.292,31.254
1985-10-01,57.46,97.124,40.776,34.75,51.262,38.138,38.641,36.423,57.061,33.595,31.582
1986-01-01,57.664,87.269,40.876,35.011,51.515,38.669,39.201,36.883,57.368,33.925,31.938
1986-04-01,57.749,92.761,41.065,35.32,51.695,39.396,39.877,37.351,57.398,34.123,32.321
1986-07-01,57.926,102.321,41.228,35.657,51.941,39.838,40.324,37.793,57.481,34.559,32.762
1986-10-01,58.18,105.595,41.463,36.053,52.25,40.349,40.857,38.225,57.703,34.863,33.255
1987-01-01,58.437,98.178,41.181,36.288,52.554,40.874,41.413,38.834,58.038,35.541,33.792
1987-04-01,58.758,98.19,41.383,36.649,52.911,41.418,42.047,39.329,58.363,35.861,34.251
1987-07-01,59.205,98.0,41.675,37.021,53.32,41.743,42.325,39.545,58.816,36.001,34.674
1987-10-01,59.436,103.299,41.991,37.325,53.72,42.333,42.944,40.898,58.997,38.268,34.973
1988-01-01,59.935,115.138,42.715,37.77,54.135,42.977,43.607,40.793,59.391,37.207,35.261
1988-04-01,60.451,114.642,43.329,38.259,54.676,43.305,43.967,41.472,59.915,38.277,35.681
1988-07-01,61.234,120.707,43.815,38.687,55.345,43.756,44.424,41.815,60.657,38.478,36.08
1988-10-01,61.739,90.503,44.18,39.211,55.854,44.215,44.907,42.27,61.432,38.896,36.701
1989-01-01,62.301,126.76,44.674,39.715,56.392,44.707,45.421,42.672,61.668,39.16,37.215
1989-04-01,62.969,116.205,45.013,40.198,57.002,45.203,45.935,43.093,62.442,39.467,37.785
1989-07-01,63.353,110.205,45.198,40.647,57.425,45.803,46.566,43.632,62.887,39.894,38.387
1989-10-01,63.692,111.48,45.299,41.108,57.817,46.442,47.22,44.158,63.217,40.263,39.056
1990-01-01,64.383,122.267,45.509,41.556,58.447,46.983,47.769,44.654,63.811,40.694,39.641
1990-04-01,64.962,117.774,46.714,42.394,59.101,47.716,48.546,45.368,64.437,41.33,40.278
1990-07-01,65.451,112.452,46.465,42.704,59.612,48.559,49.477,46.199,64.981,42.038,40.904
1990-10-01,65.943,102.767,46.834,43.203,60.067,48.852,49.718,46.368,65.579,42.124,41.479
1991-01-01,66.523,101.692,47.467,43.791,60.651,49.287,50.17,46.891,66.175,42.726,42.046
1991-04-01,66.872,103.099,48.225,44.421,61.088,49.619,50.47,47.456,66.512,43.59,42.608
1991-07-01,67.3,102.667,49.165,45.097,61.557,49.877,50.662,47.792,66.949,44.09,43.143
1991-10-01,67.541,103.747,49.742,45.74,61.915,50.426,51.212,48.311,67.181,44.57,43.827
1992-01-01,67.669,102.32,50.0,46.238,62.162,51.006,51.737,48.796,67.326,45.005,44.462
1992-04-01,67.952,103.235,50.193,46.737,62.533,51.336,52.029,49.395,67.602,45.948,45.13
1992-07-01,68.25,100.705,50.508,47.144,62.833,51.554,52.233,49.535,67.93,46.014,45.59
1992-10-01,68.725,96.636,50.807,47.563,63.275,51.846,52.532,49.798,68.453,46.233,46.074
1993-01-01,69.155,92.24,50.987,47.824,63.652,52.255,52.992,50.02,68.93,46.181,46.377
1993-04-01,69.576,95.349,51.278,48.129,64.027,52.575,53.35,50.222,69.318,46.206,46.69
1993-07-01,69.905,110.089,51.641,48.471,64.349,52.767,53.55,50.453,69.516,46.47,47.023
1993-10-01,70.262,107.648,52.213,48.886,64.727,53.122,53.904,50.854,69.891,46.919,47.358
1994-01-01,70.508,107.159,52.612,49.314,65.058,53.575,54.368,51.449,70.144,47.661,47.805
1994-04-01,70.786,103.717,52.981,49.684,65.369,53.961,54.774,51.819,70.461,47.986,48.176
1994-07-01,71.115,93.538,53.318,50.064,65.717,54.28,55.112,52.192,70.902,48.4,48.578
1994-10-01,71.441,89.546,53.823,50.534,66.083,54.667,55.517,52.607,71.269,48.822,49.031
1995-01-01,71.798,95.913,54.313,50.807,66.46,55.155,56.103,53.17,71.56,49.356,49.198
1995-04-01,72.11,96.86,54.618,51.122,66.785,55.648,56.665,53.55,71.862,49.517,49.516
1995-07-01,72.392,102.792,54.932,51.406,67.084,56.116,57.208,53.929,72.095,49.698,49.787
1995-10-01,72.623,109.352,56.088,51.937,67.401,56.629,57.798,54.402,72.273,50.03,50.026
1996-01-01,72.889,113.628,56.006,52.254,67.712,57.067,58.271,54.909,72.503,50.573,50.529
1996-04-01,73.241,120.656,55.781,52.145,67.988,57.443,58.676,55.229,72.791,50.79,50.474
1996-07-01,73.533,124.138,56.262,52.572,68.318,57.817,59.055,55.619,73.052,51.19,50.878
1996-10-01,73.798,112.844,56.472,52.864,68.607,58.157,59.415,56.012,73.425,51.622,51.206
1997-01-01,74.088,106.8,56.732,53.199,68.915,58.602,59.876,56.359,73.777,51.83,51.574
1997-04-01,74.413,101.992,57.251,53.617,69.258,59.009,60.292,56.691,74.153,52.06,51.947
1997-07-01,74.568,96.617,57.457,53.913,69.464,59.503,60.821,57.045,74.365,52.203,52.282
1997-10-01,74.765,96.934,58.04,54.359,69.713,59.924,61.264,57.333,74.56,52.307,52.668
1998-01-01,74.529,95.76,57.959,54.569,69.783,60.439,61.857,58.846,74.332,54.908,53.004
1998-04-01,74.575,94.913,58.397,54.997,69.964,60.991,62.47,59.46,74.387,55.517,53.427
1998-07-01,74.722,91.466,58.757,55.489,70.235,61.57,63.078,60.139,74.567,56.281,53.974
1998-10-01,74.719,91.493,59.113,56.047,70.424,62.168,63.723,60.951,74.564,57.292,54.616
1999-01-01,74.727,90.187,59.373,56.599,70.615,62.963,64.636,61.752,74.583,57.953,55.288
1999-04-01,74.895,84.21,60.063,57.307,70.934,63.318,65.005,62.476,74.806,59.115,56.001
1999-07-01,75.115,77.347,60.81,57.989,71.207,63.645,65.293,62.585,75.091,59.0,56.655
1999-10-01,75.416,77.056,61.675,58.672,71.581,63.997,65.546,63.034,75.398,59.695,57.26
2000-01-01,75.849,68.86,62.42,59.266,72.058,64.747,66.345,63.62,75.916,60.013,57.792
2000-04-01,76.247,81.696,62.603,59.749,72.491,65.166,66.695,64.188,76.192,60.852,58.397
2000-07-01,76.669,72.433,63.087,60.359,72.945,65.713,67.195,64.648,76.709,61.26,59.056
2000-10-01,76.975,78.051,63.252,60.942,73.341,66.4,67.896,65.34,76.962,61.94,59.807
2001-01-01,77.436,80.021,63.336,61.6,73.843,67.043,68.585,65.896,77.407,62.325,60.694
2001-04-01,77.864,83.159,63.923,62.102,74.335,67.897,69.484,66.726,77.808,63.064,61.159
2001-07-01,77.906,89.612,64.671,62.719,74.56,68.72,70.341,67.538,77.794,63.819,61.721
2001-10-01,77.934,76.375,65.624,63.38,74.801,69.678,71.347,68.486,77.949,64.691,62.264
2002-01-01,77.972,89.994,66.395,63.96,74.998,70.255,71.878,69.145,77.873,65.515,62.766
2002-04-01,78.146,65.075,67.303,64.58,75.295,70.861,72.507,69.774,78.262,66.143,63.268
2002-07-01,78.389,71.922,68.089,65.222,75.633,71.207,72.832,70.299,78.44,66.921,63.851
2002-10-01,78.709,73.483,70.155,66.215,76.073,71.618,73.251,70.806,78.751,67.537,64.41
2003-01-01,79.09,74.354,71.007,66.836,76.482,71.882,73.477,71.147,79.132,68.024,64.934
2003-04-01,79.263,76.237,71.936,67.523,76.746,71.812,73.289,71.454,79.291,68.964,65.519
2003-07-01,79.65,89.48,72.827,68.209,77.185,71.959,73.37,71.92,79.545,69.93,66.12
2003-10-01,79.985,100.745,73.545,68.929,77.633,72.4,73.85,72.707,79.779,71.117,66.838
2004-01-01,80.698,98.879,74.237,69.758,78.191,72.896,74.379,72.109,80.515,69.062,67.72
2004-04-01,81.272,112.842,74.946,70.579,78.825,73.443,74.941,72.881,80.943,70.101,68.586
2004-07-01,81.633,99.095,75.751,71.37,79.323,73.893,75.391,73.839,81.446,71.714,69.369
2004-10-01,82.307,91.984,76.442,72.076,79.936,74.227,75.72,74.014,82.205,71.691,70.08
2005-01-01,82.92,87.82,77.82,72.889,80.55,74.69,76.2,74.427,82.873,72.018,70.656
2005-04-01,83.575,87.021,78.717,73.638,81.137,75.011,76.499,74.467,83.545,71.714,71.342
2005-07-01,84.415,84.059,79.623,74.302,81.905,75.368,76.823,74.937,84.425,72.381,71.904
2005-10-01,85.06,77.41,80.189,75.02,82.557,75.749,77.182,75.557,85.148,73.353,72.683
2006-01-01,85.554,76.166,81.032,75.785,83.135,76.327,77.779,76.415,85.658,74.561,73.414
2006-04-01,86.256,70.959,81.594,76.553,83.871,77.131,78.608,77.309,86.422,75.545,74.266
2006-07-01,86.812,81.085,82.217,77.314,84.486,78.084,79.591,78.108,86.875,76.094,75.081
2006-10-01,86.952,89.775,82.952,78.217,84.806,78.787,80.28,78.884,86.933,76.99,76.051
2007-01-01,87.732,103.227,83.849,79.312,85.655,79.806,81.348,79.879,87.601,77.884,77.226
2007-04-01,88.321,108.956,84.733,79.914,86.201,80.191,81.652,80.121,88.14,78.039,77.709
2007-07-01,88.603,97.205,85.309,80.662,86.568,80.714,82.127,80.601,88.526,78.527,78.527
2007-10-01,88.931,117.956,85.844,81.352,86.982,81.321,82.667,81.232,88.684,79.283,79.28
2008-01-01,89.169,117.001,86.369,82.155,87.359,82.045,83.401,81.98,88.926,80.05,80.196
2008-04-01,89.397,115.253,86.911,82.686,87.678,82.765,84.128,82.589,89.171,80.49,80.721
2008-07-01,90.118,106.471,87.274,83.263,88.361,83.141,84.387,83.16,89.975,81.508,81.388
2008-10-01,89.922,92.846,87.379,83.791,88.511,84.244,85.563,84.799,89.904,83.813,82.097
2009-01-01,89.972,79.08,87.241,83.581,88.536,85.181,86.585,84.936,90.096,82.707,81.856
2009-04-01,89.529,80.508,87.582,84.03,88.418,85.736,87.178,85.972,89.635,84.357,82.352
2009-07-01,89.52,76.658,87.818,84.488,88.474,85.715,87.151,85.977,89.67,84.408,82.909
2009-10-01,89.824,86.94,88.509,85.029,88.798,85.397,86.819,86.188,89.864,85.365,83.383
2010-01-01,90.226,88.25,89.182,85.735,89.018,84.938,86.263,84.965,90.257,83.22,84.104
2010-04-01,90.603,88.038,89.933,86.52,89.431,84.821,86.093,85.198,90.641,84.01,84.903
2010-07-01,90.887,95.303,90.333,87.011,89.755,84.852,86.106,85.573,90.852,84.887,85.437
2010-10-01,91.479,108.064,91.099,87.403,90.27,84.995,86.236,85.786,91.323,85.214,85.655
2011-01-01,92.044,123.791,91.415,87.661,90.71,85.446,86.677,85.739,91.738,84.497,85.885
2011-04-01,92.731,130.997,91.971,88.225,91.363,85.744,86.96,86.285,92.366,85.399,86.453
2011-07-01,93.198,134.386,92.408,88.683,91.84,86.186,87.38,86.836,92.808,86.126,86.921
2011-10-01,93.393,123.329,92.401,88.466,91.951,86.563,87.684,86.805,93.109,85.647,86.604
2012-01-01,93.796,123.183,92.384,89.117,92.495,87.112,88.265,88.008,93.517,87.672,87.574
2012-04-01,94.245,124.948,92.6,89.389,92.881,87.552,88.699,88.16,93.951,87.453,87.871
2012-07-01,94.87,136.291,92.841,89.925,93.459,87.927,89.05,88.51,94.475,87.802,88.547
2012-10-01,95.192,145.031,92.892,90.75,93.869,88.343,89.397,89.017,94.72,88.516,89.74
2013-01-01,95.465,156.257,92.507,91.484,94.204,88.852,89.9,89.308,94.897,88.534,91.004
2013-04-01,95.622,151.147,92.836,92.212,94.474,89.229,90.22,89.784,95.099,89.211,91.92
2013-07-01,96.111,145.452,93.151,92.887,94.989,89.596,90.52,90.291,95.643,89.989,92.764
2013-10-01,96.499,130.519,95.423,94.003,95.477,90.078,90.97,90.765,96.174,90.493,93.34
2014-01-01,96.809,133.434,94.514,94.118,95.84,90.733,91.601,91.656,96.462,91.724,93.933
2014-04-01,97.336,143.358,95.069,94.583,96.343,91.271,92.043,92.058,96.901,92.075,94.357
2014-07-01,97.662,130.776,95.787,95.386,96.762,91.836,92.532,92.656,97.349,92.813,95.199
2014-10-01,97.502,129.198,96.37,96.092,96.8,92.42,93.052,93.244,97.204,93.487,95.963
2015-01-01,97.23,107.721,96.54,96.55,96.742,93.181,93.771,93.972,97.128,94.227,96.554
2015-04-01,97.786,110.944,96.792,97.033,97.302,93.884,94.436,94.628,97.658,94.872,97.144
2015-07-01,97.943,110.913,97.119,97.37,97.536,94.561,95.039,95.218,97.816,95.446,97.485
2015-10-01,97.803,104.337,97.29,97.585,97.527,95.158,95.546,95.791,97.737,96.102,97.72
2016-01-01,97.622,94.544,97.369,97.645,97.468,95.816,96.127,96.358,97.65,96.651,97.771
2016-04-01,98.309,92.78,97.906,98.041,98.108,96.543,96.796,96.948,98.361,97.141,98.103
2016-07-01,98.504,87.696,98.315,98.294,98.372,97.335,97.548,97.636,98.61,97.748,98.284
2016-10-01,98.97,87.142,98.844,98.674,98.884,98.268,98.424,98.55,99.086,98.71,98.596
2017-01-01,99.465,98.899,99.217,99.139,99.389,98.946,99.03,99.155,99.471,99.315,99.102
2017-04-01,99.669,101.213,99.638,99.572,99.656,99.541,99.544,99.654,99.654,99.794,99.542
2017-07-01,100.165,99.276,100.181,100.215,100.174,100.308,100.267,100.193,100.173,100.098,100.23
2017-10-01,100.701,100.613,100.964,101.075,100.78,101.205,101.159,100.998,100.702,100.792,101.125
2018-01-01,101.272,100.445,102.092,102.168,101.428,102.054,101.996,101.712,101.28,101.35,102.204
2018-04-01,101.991,97.95,102.817,102.943,102.14,102.86,102.796,102.323,102.029,101.723,103.001
2018-07-01,102.357,90.828,103.465,103.751,102.586,103.709,103.564,102.932,102.466,102.131,103.881
2018-10-01,102.658,90.477,104.539,104.406,103.005,104.58,104.353,103.872,102.771,103.263,104.344
2019-01-01,102.879,88.244,106.008,104.936,103.332,105.513,105.2,104.675,103.012,104.01,104.447
2019-04-01,103.467,90.1,104.403,104.696,103.855,106.567,106.157,105.484,103.587,104.632,104.825
2019-07-01,103.67,95.382,104.509,105.306,104.196,107.482,107.022,106.465,103.747,105.758,105.668
2019-10-01,103.863,99.598,104.9,105.966,104.543,108.347,107.926,107.533,103.908,107.031,106.456
2020-01-01,103.956,97.708,105.511,108.021,105.001,109.331,108.969,108.86,104.019,108.711,109.18
2020-04-01,102.785,78.09,106.196,110.036,104.651,109.983,109.632,111.322,103.001,113.521,111.831
2020-07-01,103.967,87.209,106.845,110.309,105.574,110.498,110.177,111.311,104.116,112.762,111.925
2020-10-01,104.644,99.342,107.797,111.432,106.293,110.732,110.414,111.951,104.695,113.932,113.134
2021-01-01,106.275,108.418,108.511,112.255,107.645,111.065,110.77,112.029,106.26,113.646,114.008
2021-04-01,108.134,135.436,109.596,113.207,109.278,111.734,111.464,112.823,107.902,114.573,114.895
2021-07-01,109.917,140.487,110.716,113.996,110.931,112.563,112.245,114.414,109.658,117.26,115.521
2021-10-01,112.015,129.524,112.015,114.923,112.836,113.854,113.484,115.932,111.87,119.158,116.267
2022-01-01,114.672,153.133,113.62,115.831,115.16,115.226,114.746,117.32,114.349,120.722,116.836
2022-04-01,117.651,170.446,115.442,116.767,117.76,116.997,116.368,118.932,117.206,122.322,117.343
2022-07-01,118.878,174.557,116.999,117.573,119.073,119.305,118.539,121.234,118.408,124.809,117.789
2022-10-01,119.941,181.158,118.405,118.215,120.173,121.881,121.001,122.968,119.424,125.518,118.068
2023-01-01,120.999,170.987,119.914,118.703,121.247,124.581,123.672,124.659,120.575,125.834,118.075
2023-04-01,121.41,151.596,121.518,119.236,121.809,126.501,125.619,126.216,121.158,126.845,118.107
2023-07-01,122.272,146.659,123.144,120.324,122.785,128.365,127.494,127.829,122.068,128.093,118.946
2023-10-01,122.506,131.127,124.705,121.225,123.247,130.018,129.135,129.385,122.433,129.531,119.542
2024-01-01,123.185,120.606,126.072,122.559,124.168,132.171,131.472,131.508,123.208,131.357,120.86
2024-04-01,123.851,118.009,127.042,123.709,124.942,133.376,132.6,132.654,123.902,132.525,122.091
2024-07-01,124.285,126.346,128.168,124.762,125.543,134.692,133.878,133.938,124.265,133.815,123.111
2024-10-01,124.906,134.013,129.122,125.847,126.27,135.838,135.086,135.046,124.823,134.783,124.255
