Date,"Population (midperiod, thousands)"
1959-01-01,175818.0
1959-02-01,176044.0
1959-03-01,176274.0
1959-04-01,176503.0
1959-05-01,176723.0
1959-06-01,176954.0
1959-07-01,177208.0
1959-08-01,177479.0
1959-09-01,177755.0
1959-10-01,178026.0
1959-11-01,178273.0
1959-12-01,178504.0
1960-01-01,178925.0
1960-02-01,179326.0
1960-03-01,179707.0
1960-04-01,180067.0
1960-05-01,180408.0
1960-06-01,180728.0
1960-07-01,181028.0
1960-08-01,181308.0
1960-09-01,181567.0
1960-10-01,181807.0
1960-11-01,182026.0
1960-12-01,182225.0
1961-01-01,182404.0
1961-02-01,182631.0
1961-03-01,182867.0
1961-04-01,183105.0
1961-05-01,183335.0
1961-06-01,183572.0
1961-07-01,183825.0
1961-08-01,184101.0
1961-09-01,184384.0
1961-10-01,184654.0
1961-11-01,184900.0
1961-12-01,185129.0
1962-01-01,185347.0
1962-02-01,185551.0
1962-03-01,185762.0
1962-04-01,185981.0
1962-05-01,186201.0
1962-06-01,186426.0
1962-07-01,186664.0
1962-08-01,186924.0
1962-09-01,187191.0
1962-10-01,187449.0
1962-11-01,187685.0
1962-12-01,187905.0
1963-01-01,188113.0
1963-02-01,188300.0
1963-03-01,188484.0
1963-04-01,188685.0
1963-05-01,188904.0
1963-06-01,189130.0
1963-07-01,189369.0
1963-08-01,189629.0
1963-09-01,189895.0
1963-10-01,190147.0
1963-11-01,190369.0
1963-12-01,190570.0
1964-01-01,190763.0
1964-02-01,190953.0
1964-03-01,191146.0
1964-04-01,191346.0
1964-05-01,191557.0
1964-06-01,191778.0
1964-07-01,192010.0
1964-08-01,192254.0
1964-09-01,192504.0
1964-10-01,192739.0
1964-11-01,192943.0
1964-12-01,193131.0
1965-01-01,193308.0
1965-02-01,193467.0
1965-03-01,193625.0
1965-04-01,193799.0
1965-05-01,193988.0
1965-06-01,194195.0
1965-07-01,194416.0
1965-08-01,194645.0
1965-09-01,194879.0
1965-10-01,195096.0
1965-11-01,195284.0
1965-12-01,195456.0
1966-01-01,195614.0
1966-02-01,195760.0
1966-03-01,195915.0
1966-04-01,196089.0
1966-05-01,196275.0
1966-06-01,196466.0
1966-07-01,196661.0
1966-08-01,196873.0
1966-09-01,197096.0
1966-10-01,197303.0
1966-11-01,197485.0
1966-12-01,197654.0
1967-01-01,197814.0
1967-02-01,197965.0
1967-03-01,198122.0
1967-04-01,198287.0
1967-05-01,198452.0
1967-06-01,198627.0
1967-07-01,198812.0
1967-08-01,199012.0
1967-09-01,199212.0
1967-10-01,199405.0
1967-11-01,199578.0
1967-12-01,199733.0
1968-01-01,199864.0
1968-02-01,199988.0
1968-03-01,200132.0
1968-04-01,200285.0
1968-05-01,200449.0
1968-06-01,200621.0
1968-07-01,200802.0
1968-08-01,200997.0
1968-09-01,201193.0
1968-10-01,201378.0
1968-11-01,201544.0
1968-12-01,201691.0
1969-01-01,201821.0
1969-02-01,201952.0
1969-03-01,202092.0
1969-04-01,202246.0
1969-05-01,202419.0
1969-06-01,202592.0
1969-07-01,202777.0
1969-08-01,202984.0
1969-09-01,203196.0
1969-10-01,203401.0
1969-11-01,203588.0
1969-12-01,203762.0
1970-01-01,203929.0
1970-02-01,204082.0
1970-03-01,204246.0
1970-04-01,204504.0
1970-05-01,204719.0
1970-06-01,204941.0
1970-07-01,205174.0
1970-08-01,205418.0
1970-09-01,205664.0
1970-10-01,205906.0
1970-11-01,206131.0
1970-12-01,206352.0
1971-01-01,206567.0
1971-02-01,206762.0
1971-03-01,206960.0
1971-04-01,207163.0
1971-05-01,207361.0
1971-06-01,207562.0
1971-07-01,207771.0
1971-08-01,207998.0
1971-09-01,208230.0
1971-10-01,208450.0
1971-11-01,208648.0
1971-12-01,208829.0
1972-01-01,208989.0
1972-02-01,209137.0
1972-03-01,209299.0
1972-04-01,209466.0
1972-05-01,209635.0
1972-06-01,209811.0
1972-07-01,209986.0
1972-08-01,210177.0
1972-09-01,210379.0
1972-10-01,210568.0
1972-11-01,210739.0
1972-12-01,210903.0
1973-01-01,211053.0
1973-02-01,211187.0
1973-03-01,211337.0
1973-04-01,211499.0
1973-05-01,211662.0
1973-06-01,211828.0
1973-07-01,212001.0
1973-08-01,212191.0
1973-09-01,212382.0
1973-10-01,212555.0
1973-11-01,212710.0
1973-12-01,212859.0
1974-01-01,213003.0
1974-02-01,213143.0
1974-03-01,213286.0
1974-04-01,213437.0
1974-05-01,213600.0
1974-06-01,213770.0
1974-07-01,213948.0
1974-08-01,214144.0
1974-09-01,214349.0
1974-10-01,214538.0
1974-11-01,214704.0
1974-12-01,214857.0
1975-01-01,214998.0
1975-02-01,215132.0
1975-03-01,215276.0
1975-04-01,215438.0
1975-05-01,215646.0
1975-06-01,215871.0
1975-07-01,216084.0
1975-08-01,216294.0
1975-09-01,216490.0
1975-10-01,216679.0
1975-11-01,216851.0
1975-12-01,217013.0
1976-01-01,217172.0
1976-02-01,217315.0
1976-03-01,217455.0
1976-04-01,217607.0
1976-05-01,217773.0
1976-06-01,217948.0
1976-07-01,218134.0
1976-08-01,218337.0
1976-09-01,218542.0
1976-10-01,218739.0
1976-11-01,218920.0
1976-12-01,219093.0
1977-01-01,219262.0
1977-02-01,219424.0
1977-03-01,219594.0
1977-04-01,219772.0
1977-05-01,219953.0
1977-06-01,220143.0
1977-07-01,220349.0
1977-08-01,220573.0
1977-09-01,220796.0
1977-10-01,221007.0
1977-11-01,221206.0
1977-12-01,221390.0
1978-01-01,221553.0
1978-02-01,221711.0
1978-03-01,221892.0
1978-04-01,222084.0
1978-05-01,222278.0
1978-06-01,222482.0
1978-07-01,222697.0
1978-08-01,222933.0
1978-09-01,223168.0
1978-10-01,223383.0
1978-11-01,223585.0
1978-12-01,223781.0
1979-01-01,223973.0
1979-02-01,224150.0
1979-03-01,224333.0
1979-04-01,224529.0
1979-05-01,224734.0
1979-06-01,224948.0
1979-07-01,225174.0
1979-08-01,225419.0
1979-09-01,225662.0
1979-10-01,225893.0
1979-11-01,226120.0
1979-12-01,226339.0
1980-01-01,226554.0
1980-02-01,226753.0
1980-03-01,226955.0
1980-04-01,227156.0
1980-05-01,227387.0
1980-06-01,227624.0
1980-07-01,227840.0
1980-08-01,228070.0
1980-09-01,228302.0
1980-10-01,228515.0
1980-11-01,228696.0
1980-12-01,228858.0
1981-01-01,229004.0
1981-02-01,229148.0
1981-03-01,229314.0
1981-04-01,229489.0
1981-05-01,229668.0
1981-06-01,229864.0
1981-07-01,230077.0
1981-08-01,230300.0
1981-09-01,230527.0
1981-10-01,230732.0
1981-11-01,230906.0
1981-12-01,231073.0
1982-01-01,231235.0
1982-02-01,231392.0
1982-03-01,231558.0
1982-04-01,231727.0
1982-05-01,231901.0
1982-06-01,232090.0
1982-07-01,232290.0
1982-08-01,232496.0
1982-09-01,232708.0
1982-10-01,232905.0
1982-11-01,233077.0
1982-12-01,233241.0
1983-01-01,233398.0
1983-02-01,233543.0
1983-03-01,233697.0
1983-04-01,233852.0
1983-05-01,234020.0
1983-06-01,234213.0
1983-07-01,234404.0
1983-08-01,234601.0
1983-09-01,234804.0
1983-10-01,234993.0
1983-11-01,235157.0
1983-12-01,235310.0
1984-01-01,235456.0
1984-02-01,235601.0
1984-03-01,235757.0
1984-04-01,235916.0
1984-05-01,236077.0
1984-06-01,236254.0
1984-07-01,236449.0
1984-08-01,236655.0
1984-09-01,236868.0
1984-10-01,237068.0
1984-11-01,237238.0
1984-12-01,237392.0
1985-01-01,237535.0
1985-02-01,237667.0
1985-03-01,237816.0
1985-04-01,237987.0
1985-05-01,238172.0
1985-06-01,238368.0
1985-07-01,238573.0
1985-08-01,238789.0
1985-09-01,239006.0
1985-10-01,239210.0
1985-11-01,239392.0
1985-12-01,239558.0
1986-01-01,239713.0
1986-02-01,239858.0
1986-03-01,240011.0
1986-04-01,240183.0
1986-05-01,240365.0
1986-06-01,240555.0
1986-07-01,240753.0
1986-08-01,240961.0
1986-09-01,241171.0
1986-10-01,241371.0
1986-11-01,241544.0
1986-12-01,241702.0
1987-01-01,241857.0
1987-02-01,242005.0
1987-03-01,242166.0
1987-04-01,242338.0
1987-05-01,242516.0
1987-06-01,242706.0
1987-07-01,242908.0
1987-08-01,243118.0
1987-09-01,243335.0
1987-10-01,243543.0
1987-11-01,243724.0
1987-12-01,243895.0
1988-01-01,244056.0
1988-02-01,244205.0
1988-03-01,244362.0
1988-04-01,244528.0
1988-05-01,244708.0
1988-06-01,244914.0
1988-07-01,245131.0
1988-08-01,245352.0
1988-09-01,245579.0
1988-10-01,245789.0
1988-11-01,245970.0
1988-12-01,246140.0
1989-01-01,246301.0
1989-02-01,246454.0
1989-03-01,246626.0
1989-04-01,246814.0
1989-05-01,247010.0
1989-06-01,247228.0
1989-07-01,247458.0
1989-08-01,247695.0
1989-09-01,247942.0
1989-10-01,248174.0
1989-11-01,248380.0
1989-12-01,248569.0
1990-01-01,248743.0
1990-02-01,248920.0
1990-03-01,249146.0
1990-04-01,249436.0
1990-05-01,249707.0
1990-06-01,249990.0
1990-07-01,250285.0
1990-08-01,250595.0
1990-09-01,250904.0
1990-10-01,251201.0
1990-11-01,251486.0
1990-12-01,251758.0
1991-01-01,252012.0
1991-02-01,252253.0
1991-03-01,252507.0
1991-04-01,252778.0
1991-05-01,253060.0
1991-06-01,253350.0
1991-07-01,253650.0
1991-08-01,253966.0
1991-09-01,254280.0
1991-10-01,254576.0
1991-11-01,254841.0
1991-12-01,255089.0
1992-01-01,255331.0
1992-02-01,255576.0
1992-03-01,255848.0
1992-04-01,256139.0
1992-05-01,256437.0
1992-06-01,256742.0
1992-07-01,257063.0
1992-08-01,257390.0
1992-09-01,257704.0
1992-10-01,258004.0
1992-11-01,258280.0
1992-12-01,258546.0
1993-01-01,258799.0
1993-02-01,259036.0
1993-03-01,259283.0
1993-04-01,259547.0
1993-05-01,259822.0
1993-06-01,260109.0
1993-07-01,260411.0
1993-08-01,260717.0
1993-09-01,261015.0
1993-10-01,261294.0
1993-11-01,261550.0
1993-12-01,261796.0
1994-01-01,262021.0
1994-02-01,262237.0
1994-03-01,262491.0
1994-04-01,262754.0
1994-05-01,263014.0
1994-06-01,263294.0
1994-07-01,263580.0
1994-08-01,263871.0
1994-09-01,264159.0
1994-10-01,264430.0
1994-11-01,264681.0
1994-12-01,264924.0
1995-01-01,265157.0
1995-02-01,265383.0
1995-03-01,265625.0
1995-04-01,265877.0
1995-05-01,266134.0
1995-06-01,266414.0
1995-07-01,266700.0
1995-08-01,266998.0
1995-09-01,267304.0
1995-10-01,267585.0
1995-11-01,267829.0
1995-12-01,268047.0
1996-01-01,268258.0
1996-02-01,268480.0
1996-03-01,268724.0
1996-04-01,268980.0
1996-05-01,269247.0
1996-06-01,269527.0
1996-07-01,269822.0
1996-08-01,270130.0
1996-09-01,270433.0
1996-10-01,270730.0
1996-11-01,271002.0
1996-12-01,271243.0
1997-01-01,271472.0
1997-02-01,271703.0
1997-03-01,271952.0
1997-04-01,272213.0
1997-05-01,272482.0
1997-06-01,272767.0
1997-07-01,273074.0
1997-08-01,273395.0
1997-09-01,273703.0
1997-10-01,273989.0
1997-11-01,274249.0
1997-12-01,274499.0
1998-01-01,274732.0
1998-02-01,274943.0
1998-03-01,275175.0
1998-04-01,275434.0
1998-05-01,275700.0
1998-06-01,275976.0
1998-07-01,276266.0
1998-08-01,276566.0
1998-09-01,276859.0
1998-10-01,277140.0
1998-11-01,277402.0
1998-12-01,277658.0
1999-01-01,277891.0
1999-02-01,278095.0
1999-03-01,278324.0
1999-04-01,278584.0
1999-05-01,278859.0
1999-06-01,279148.0
1999-07-01,279448.0
1999-08-01,279752.0
1999-09-01,280053.0
1999-10-01,280337.0
1999-11-01,280594.0
1999-12-01,280846.0
2000-01-01,281083.0
2000-02-01,281299.0
2000-03-01,281531.0
2000-04-01,281763.0
2000-05-01,281996.0
2000-06-01,282247.0
2000-07-01,282504.0
2000-08-01,282769.0
2000-09-01,283033.0
2000-10-01,283285.0
2000-11-01,283523.0
2000-12-01,283748.0
2001-01-01,283960.0
2001-02-01,284166.0
2001-03-01,284380.0
2001-04-01,284602.0
2001-05-01,284834.0
2001-06-01,285076.0
2001-07-01,285324.0
2001-08-01,285584.0
2001-09-01,285842.0
2001-10-01,286086.0
2001-11-01,286315.0
2001-12-01,286533.0
2002-01-01,286739.0
2002-02-01,286935.0
2002-03-01,287131.0
2002-04-01,287343.0
2002-05-01,287571.0
2002-06-01,287808.0
2002-07-01,288051.0
2002-08-01,288303.0
2002-09-01,288554.0
2002-10-01,288794.0
2002-11-01,289012.0
2002-12-01,289214.0
2003-01-01,289412.0
2003-02-01,289606.0
2003-03-01,289809.0
2003-04-01,290024.0
2003-05-01,290250.0
2003-06-01,290484.0
2003-07-01,290726.0
2003-08-01,290974.0
2003-09-01,291222.0
2003-10-01,291463.0
2003-11-01,291677.0
2003-12-01,291868.0
2004-01-01,292046.0
2004-02-01,292230.0
2004-03-01,292434.0
2004-04-01,292651.0
2004-05-01,292872.0
2004-06-01,293103.0
2004-07-01,293350.0
2004-08-01,293603.0
2004-09-01,293857.0
2004-10-01,294104.0
2004-11-01,294337.0
2004-12-01,294561.0
2005-01-01,294768.0
2005-02-01,294955.0
2005-03-01,295149.0
2005-04-01,295359.0
2005-05-01,295582.0
2005-06-01,295824.0
2005-07-01,296077.0
2005-08-01,296338.0
2005-09-01,296606.0
2005-10-01,296857.0
2005-11-01,297089.0
2005-12-01,297311.0
2006-01-01,297526.0
2006-02-01,297734.0
2006-03-01,297950.0
2006-04-01,298170.0
2006-05-01,298401.0
2006-06-01,298653.0
2006-07-01,298910.0
2006-08-01,299178.0
2006-09-01,299452.0
2006-10-01,299710.0
2006-11-01,299950.0
2006-12-01,300178.0
2007-01-01,300398.0
2007-02-01,300608.0
2007-03-01,300823.0
2007-04-01,301045.0
2007-05-01,301278.0
2007-06-01,301528.0
2007-07-01,301790.0
2007-08-01,302064.0
2007-09-01,302334.0
2007-10-01,302590.0
2007-11-01,302834.0
2007-12-01,303062.0
2008-01-01,303280.0
2008-02-01,303494.0
2008-03-01,303707.0
2008-04-01,303926.0
2008-05-01,304157.0
2008-06-01,304396.0
2008-07-01,304646.0
2008-08-01,304903.0
2008-09-01,305158.0
2008-10-01,305403.0
2008-11-01,305620.0
2008-12-01,305827.0
2009-01-01,306035.0
2009-02-01,306237.0
2009-03-01,306438.0
2009-04-01,306645.0
2009-05-01,306863.0
2009-06-01,307090.0
2009-07-01,307322.0
2009-08-01,307570.0
2009-09-01,307826.0
2009-10-01,308071.0
2009-11-01,308289.0
2009-12-01,308495.0
2010-01-01,308706.0
2010-02-01,308904.0
2010-03-01,309095.0
2010-04-01,309289.0
2010-05-01,309485.0
2010-06-01,309691.0
2010-07-01,309913.0
2010-08-01,310146.0
2010-09-01,310385.0
2010-10-01,310612.0
2010-11-01,310820.0
2010-12-01,311020.0
2011-01-01,311204.0
2011-02-01,311373.0
2011-03-01,311551.0
2011-04-01,311740.0
2011-05-01,311935.0
2011-06-01,312147.0
2011-07-01,312372.0
2011-08-01,312605.0
2011-09-01,312842.0
2011-10-01,313060.0
2011-11-01,313260.0
2011-12-01,313454.0
2012-01-01,313636.0
2012-02-01,313811.0
2012-03-01,313993.0
2012-04-01,314176.0
2012-05-01,314368.0
2012-06-01,314576.0
2012-07-01,314796.0
2012-08-01,315031.0
2012-09-01,315264.0
2012-10-01,315485.0
2012-11-01,315692.0
2012-12-01,315877.0
2013-01-01,316038.0
2013-02-01,316191.0
2013-03-01,316357.0
2013-04-01,316535.0
2013-05-01,316729.0
2013-06-01,316934.0
2013-07-01,317156.0
2013-08-01,317397.0
2013-09-01,317635.0
2013-10-01,317864.0
2013-11-01,318076.0
2013-12-01,318276.0
2014-01-01,318464.0
2014-02-01,318642.0
2014-03-01,318827.0
2014-04-01,319020.0
2014-05-01,319225.0
2014-06-01,319438.0
2014-07-01,319670.0
2014-08-01,319919.0
2014-09-01,320166.0
2014-10-01,320403.0
2014-11-01,320616.0
2014-12-01,320815.0
2015-01-01,320997.0
2015-02-01,321164.0
2015-03-01,321344.0
2015-04-01,321538.0
2015-05-01,321740.0
2015-06-01,321954.0
2015-07-01,322186.0
2015-08-01,322427.0
2015-09-01,322670.0
2015-10-01,322901.0
2015-11-01,323113.0
2015-12-01,323318.0
2016-01-01,323509.0
2016-02-01,323687.0
2016-03-01,323871.0
2016-04-01,324061.0
2016-05-01,324260.0
2016-06-01,324476.0
2016-07-01,324697.0
2016-08-01,324924.0
2016-09-01,325155.0
2016-10-01,325368.0
2016-11-01,325562.0
2016-12-01,325742.0
2017-01-01,325901.0
2017-02-01,326050.0
2017-03-01,326207.0
2017-04-01,326371.0
2017-05-01,326548.0
2017-06-01,326743.0
2017-07-01,326939.0
2017-08-01,327140.0
2017-09-01,327342.0
2017-10-01,327528.0
2017-11-01,327699.0
2017-12-01,327848.0
2018-01-01,327969.0
2018-02-01,328085.0
2018-03-01,328219.0
2018-04-01,328364.0
2018-05-01,328521.0
2018-06-01,328692.0
2018-07-01,328863.0
2018-08-01,329040.0
2018-09-01,329216.0
2018-10-01,329379.0
2018-11-01,329527.0
2018-12-01,329659.0
2019-01-01,329766.0
2019-02-01,329862.0
2019-03-01,329977.0
2019-04-01,330103.0
2019-05-01,330240.0
2019-06-01,330393.0
2019-07-01,330553.0
2019-08-01,330729.0
2019-09-01,330904.0
2019-10-01,331066.0
2019-11-01,331213.0
2019-12-01,331345.0
2020-01-01,331443.0
2020-02-01,331525.0
2020-03-01,331667.0
2020-04-01,331750.0
2020-05-01,331751.0
2020-06-01,331795.0
2020-07-01,331861.0
2020-08-01,331936.0
2020-09-01,332017.0
2020-10-01,332092.0
2020-11-01,332129.0
2020-12-01,332113.0
2021-01-01,332058.0
2021-02-01,332034.0
2021-03-01,332074.0
2021-04-01,332140.0
2021-05-01,332212.0
2021-06-01,332299.0
2021-07-01,332455.0
2021-08-01,332644.0
2021-09-01,332805.0
2021-10-01,332961.0
2021-11-01,333117.0
2021-12-01,333260.0
2022-01-01,333360.0
2022-02-01,333457.0
2022-03-01,333610.0
2022-04-01,333792.0
2022-05-01,333976.0
2022-06-01,334168.0
2022-07-01,334393.0
2022-08-01,334652.0
2022-09-01,334912.0
2022-10-01,335155.0
2022-11-01,335386.0
2022-12-01,335604.0
2023-01-01,335807.0
2023-02-01,336015.0
2023-03-01,336232.0
2023-04-01,336451.0
2023-05-01,336679.0
2023-06-01,336925.0
2023-07-01,337200.0
2023-08-01,337501.0
2023-09-01,337800.0
2023-10-01,338088.0
2023-11-01,338366.0
2023-12-01,338626.0
2024-01-01,338867.0
2024-02-01,339114.0
2024-03-01,339378.0
2024-04-01,339648.0
2024-05-01,339927.0
2024-06-01,340213.0
2024-07-01,340448.0
2024-08-01,340637.0
2024-09-01,340825.0
2024-10-01,341002.0
2024-11-01,341169.0
2024-12-01,341320.0
2025-01-01,341454.0
2025-02-01,341588.0
