Date,Chained (2017) dollars,Current dollars,Personal saving as a percentage of disposable personal income
1959-01-01,13186.0,1999.0,11.3
1959-02-01,13209.0,2005.0,10.6
1959-03-01,13267.0,2015.0,10.3
1959-04-01,13336.0,2029.0,11.2
1959-05-01,13392.0,2039.0,10.6
1959-06-01,13419.0,2049.0,10.5
1959-07-01,13379.0,2047.0,10.7
1959-08-01,13280.0,2035.0,9.6
1959-09-01,13264.0,2038.0,8.7
1959-10-01,13254.0,2041.0,9.4
1959-11-01,13331.0,2054.0,10.1
1959-12-01,13443.0,2074.0,11.0
1960-01-01,13441.0,2073.0,10.9
1960-02-01,13413.0,2070.0,10.6
1960-03-01,13400.0,2070.0,9.4
1960-04-01,13425.0,2081.0,8.4
1960-05-01,13429.0,2084.0,10.4
1960-06-01,13417.0,2083.0,10.4
1960-07-01,13417.0,2087.0,10.4
1960-08-01,13365.0,2082.0,10.3
1960-09-01,13365.0,2083.0,10.0
1960-10-01,13397.0,2091.0,9.8
1960-11-01,13325.0,2087.0,9.8
1960-12-01,13250.0,2075.0,10.4
1961-01-01,13365.0,2094.0,11.1
1961-02-01,13405.0,2102.0,11.1
1961-03-01,13444.0,2107.0,10.4
1961-04-01,13454.0,2107.0,10.6
1961-05-01,13546.0,2123.0,10.8
1961-06-01,13668.0,2143.0,11.5
1961-07-01,13695.0,2152.0,12.0
1961-08-01,13676.0,2150.0,11.7
1961-09-01,13667.0,2151.0,11.3
1961-10-01,13791.0,2171.0,11.7
1961-11-01,13900.0,2188.0,11.6
1961-12-01,13968.0,2199.0,11.6
1962-01-01,13916.0,2195.0,11.3
1962-02-01,13963.0,2209.0,11.8
1962-03-01,14040.0,2224.0,11.6
1962-04-01,14086.0,2234.0,11.7
1962-05-01,14077.0,2234.0,11.1
1962-06-01,14062.0,2233.0,11.5
1962-07-01,14106.0,2238.0,11.6
1962-08-01,14099.0,2240.0,11.4
1962-09-01,14083.0,2249.0,10.4
1962-10-01,14133.0,2255.0,11.3
1962-11-01,14154.0,2260.0,10.4
1962-12-01,14204.0,2267.0,10.3
1963-01-01,14290.0,2286.0,10.9
1963-02-01,14192.0,2273.0,10.7
1963-03-01,14238.0,2278.0,10.6
1963-04-01,14281.0,2285.0,10.7
1963-05-01,14319.0,2295.0,10.9
1963-06-01,14374.0,2309.0,10.5
1963-07-01,14372.0,2313.0,10.1
1963-08-01,14410.0,2322.0,10.2
1963-09-01,14497.0,2336.0,11.0
1963-10-01,14562.0,2351.0,11.5
1963-11-01,14575.0,2356.0,11.0
1963-12-01,14677.0,2376.0,10.7
1964-01-01,14711.0,2387.0,10.7
1964-02-01,14743.0,2395.0,10.4
1964-03-01,15078.0,2451.0,12.1
1964-04-01,15144.0,2464.0,12.4
1964-05-01,15207.0,2474.0,11.7
1964-06-01,15239.0,2483.0,11.5
1964-07-01,15293.0,2495.0,11.2
1964-08-01,15341.0,2505.0,11.1
1964-09-01,15382.0,2515.0,11.8
1964-10-01,15359.0,2513.0,11.2
1964-11-01,15442.0,2530.0,12.5
1964-12-01,15575.0,2555.0,12.5
1965-01-01,15591.0,2561.0,12.1
1965-02-01,15582.0,2560.0,10.7
1965-03-01,15621.0,2570.0,10.8
1965-04-01,15624.0,2575.0,10.2
1965-05-01,15781.0,2607.0,11.2
1965-06-01,15787.0,2615.0,12.1
1965-07-01,15934.0,2641.0,11.9
1965-08-01,15994.0,2652.0,11.7
1965-09-01,16392.0,2719.0,12.5
1965-10-01,16294.0,2704.0,10.9
1965-11-01,16394.0,2725.0,11.5
1965-12-01,16447.0,2744.0,11.7
1966-01-01,16445.0,2746.0,11.2
1966-02-01,16501.0,2767.0,11.0
1966-03-01,16552.0,2783.0,10.7
1966-04-01,16475.0,2779.0,10.3
1966-05-01,16485.0,2785.0,11.2
1966-06-01,16538.0,2800.0,11.4
1966-07-01,16579.0,2813.0,10.9
1966-08-01,16646.0,2835.0,11.2
1966-09-01,16726.0,2858.0,11.0
1966-10-01,16763.0,2871.0,11.6
1966-11-01,16824.0,2886.0,11.8
1966-12-01,16795.0,2887.0,11.6
1967-01-01,16954.0,2915.0,12.1
1967-02-01,16974.0,2922.0,12.6
1967-03-01,17088.0,2943.0,12.8
1967-04-01,17068.0,2944.0,11.9
1967-05-01,17089.0,2953.0,12.0
1967-06-01,17137.0,2971.0,11.9
1967-07-01,17189.0,2990.0,12.6
1967-08-01,17234.0,3007.0,12.6
1967-09-01,17214.0,3013.0,11.9
1967-10-01,17224.0,3023.0,12.9
1967-11-01,17313.0,3049.0,12.8
1967-12-01,17331.0,3057.0,11.8
1968-01-01,17413.0,3085.0,11.7
1968-02-01,17528.0,3118.0,12.3
1968-03-01,17680.0,3156.0,11.7
1968-04-01,17728.0,3174.0,12.3
1968-05-01,17786.0,3196.0,12.0
1968-06-01,17851.0,3218.0,11.7
1968-07-01,17798.0,3219.0,10.7
1968-08-01,17804.0,3233.0,10.5
1968-09-01,17789.0,3241.0,10.6
1968-10-01,17835.0,3264.0,10.8
1968-11-01,17887.0,3285.0,10.6
1968-12-01,17936.0,3300.0,11.1
1969-01-01,17892.0,3305.0,10.3
1969-02-01,17885.0,3312.0,9.7
1969-03-01,17904.0,3332.0,10.2
1969-04-01,17864.0,3339.0,9.7
1969-05-01,18052.0,3388.0,10.1
1969-06-01,18164.0,3425.0,11.1
1969-07-01,18274.0,3461.0,11.8
1969-08-01,18367.0,3488.0,11.5
1969-09-01,18389.0,3507.0,11.6
1969-10-01,18414.0,3524.0,11.4
1969-11-01,18429.0,3542.0,11.6
1969-12-01,18446.0,3561.0,11.8
1970-01-01,18529.0,3590.0,11.8
1970-02-01,18573.0,3613.0,11.7
1970-03-01,18629.0,3633.0,12.4
1970-04-01,18806.0,3686.0,13.3
1970-05-01,18710.0,3679.0,12.4
1970-06-01,18728.0,3692.0,12.3
1970-07-01,18972.0,3754.0,13.5
1970-08-01,19010.0,3771.0,13.4
1970-09-01,18967.0,3779.0,12.9
1970-10-01,18883.0,3781.0,13.1
1970-11-01,18834.0,3786.0,13.6
1970-12-01,18900.0,3816.0,13.2
1971-01-01,19170.0,3879.0,13.3
1971-02-01,19177.0,3892.0,13.3
1971-03-01,19222.0,3914.0,13.5
1971-04-01,19243.0,3933.0,13.2
1971-05-01,19302.0,3962.0,13.6
1971-06-01,19692.0,4060.0,14.7
1971-07-01,19392.0,4010.0,13.8
1971-08-01,19439.0,4031.0,13.6
1971-09-01,19533.0,4057.0,13.3
1971-10-01,19575.0,4072.0,13.3
1971-11-01,19603.0,4086.0,13.1
1971-12-01,19685.0,4119.0,13.0
1972-01-01,19571.0,4112.0,12.5
1972-02-01,19677.0,4150.0,12.8
1972-03-01,19744.0,4170.0,11.8
1972-04-01,19719.0,4172.0,11.5
1972-05-01,19849.0,4208.0,11.7
1972-06-01,19895.0,4225.0,11.7
1972-07-01,20023.0,4267.0,11.7
1972-08-01,20190.0,4315.0,12.0
1972-09-01,20249.0,4347.0,12.2
1972-10-01,20739.0,4457.0,13.0
1972-11-01,20952.0,4517.0,13.6
1972-12-01,21029.0,4548.0,13.7
1973-01-01,20904.0,4535.0,12.4
1973-02-01,21046.0,4590.0,12.5
1973-03-01,21108.0,4636.0,12.7
1973-04-01,21119.0,4673.0,13.2
1973-05-01,21142.0,4701.0,13.2
1973-06-01,21188.0,4738.0,13.6
1973-07-01,21222.0,4763.0,13.2
1973-08-01,21134.0,4798.0,13.9
1973-09-01,21222.0,4837.0,13.1
1973-10-01,21392.0,4904.0,14.4
1973-11-01,21410.0,4948.0,14.4
1973-12-01,21316.0,4967.0,14.8
1974-01-01,21146.0,4975.0,14.3
1974-02-01,20973.0,4991.0,14.2
1974-03-01,20809.0,5010.0,13.4
1974-04-01,20779.0,5038.0,13.1
1974-05-01,20743.0,5079.0,12.8
1974-06-01,20684.0,5107.0,12.8
1974-07-01,20746.0,5160.0,12.8
1974-08-01,20699.0,5202.0,12.1
1974-09-01,20658.0,5246.0,12.9
1974-10-01,20708.0,5296.0,13.4
1974-11-01,20582.0,5303.0,13.8
1974-12-01,20570.0,5342.0,14.0
1975-01-01,20546.0,5368.0,13.2
1975-02-01,20546.0,5397.0,12.5
1975-03-01,20551.0,5416.0,12.7
1975-04-01,20911.0,5530.0,14.2
1975-05-01,22097.0,5867.0,17.3
1975-06-01,21332.0,5699.0,14.3
1975-07-01,20982.0,5654.0,12.6
1975-08-01,21101.0,5710.0,13.0
1975-09-01,21134.0,5747.0,13.0
1975-10-01,21203.0,5800.0,13.4
1975-11-01,21171.0,5828.0,12.7
1975-12-01,21175.0,5862.0,12.0
1976-01-01,21297.0,5918.0,11.7
1976-02-01,21415.0,5959.0,12.3
1976-03-01,21465.0,5982.0,12.2
1976-04-01,21478.0,5999.0,11.7
1976-05-01,21462.0,6023.0,12.3
1976-06-01,21465.0,6050.0,11.4
1976-07-01,21570.0,6111.0,11.7
1976-08-01,21593.0,6151.0,11.7
1976-09-01,21578.0,6181.0,11.4
1976-10-01,21521.0,6197.0,11.1
1976-11-01,21696.0,6276.0,11.4
1976-12-01,21762.0,6330.0,10.6
1977-01-01,21702.0,6349.0,10.6
1977-02-01,21494.0,6338.0,9.3
1977-03-01,21778.0,6454.0,10.5
1977-04-01,21794.0,6496.0,10.5
1977-05-01,21780.0,6525.0,10.3
1977-06-01,21852.0,6583.0,10.6
1977-07-01,21972.0,6654.0,10.5
1977-08-01,22039.0,6705.0,10.9
1977-09-01,22137.0,6760.0,11.1
1977-10-01,22277.0,6834.0,11.0
1977-11-01,22435.0,6922.0,11.2
1977-12-01,22510.0,6979.0,11.4
1978-01-01,22396.0,6984.0,11.9
1978-02-01,22514.0,7053.0,11.1
1978-03-01,22682.0,7152.0,11.0
1978-04-01,22741.0,7225.0,10.8
1978-05-01,22707.0,7266.0,10.3
1978-06-01,22687.0,7307.0,10.0
1978-07-01,22779.0,7377.0,10.9
1978-08-01,22851.0,7438.0,10.5
1978-09-01,22834.0,7474.0,10.6
1978-10-01,22873.0,7547.0,10.7
1978-11-01,22873.0,7590.0,10.5
1978-12-01,22967.0,7657.0,10.4
1979-01-01,23056.0,7745.0,11.1
1979-02-01,23131.0,7811.0,11.0
1979-03-01,23173.0,7887.0,11.2
1979-04-01,22964.0,7897.0,11.0
1979-05-01,22837.0,7935.0,10.3
1979-06-01,22756.0,7972.0,9.8
1979-07-01,22899.0,8083.0,10.6
1979-08-01,22907.0,8148.0,9.7
1979-09-01,22863.0,8204.0,9.4
1979-10-01,22828.0,8258.0,9.7
1979-11-01,22869.0,8331.0,9.7
1979-12-01,22896.0,8411.0,10.1
1980-01-01,23036.0,8551.0,9.9
1980-02-01,22894.0,8591.0,10.1
1980-03-01,22731.0,8635.0,10.3
1980-04-01,22687.0,8663.0,11.4
1980-05-01,22580.0,8689.0,11.5
1980-06-01,22604.0,8753.0,11.3
1980-07-01,22778.0,8889.0,11.4
1980-08-01,22777.0,8963.0,11.4
1980-09-01,22850.0,9074.0,11.7
1980-10-01,23006.0,9210.0,11.3
1980-11-01,23020.0,9290.0,11.6
1980-12-01,23108.0,9386.0,11.4
1981-01-01,23000.0,9433.0,10.9
1981-02-01,22912.0,9492.0,10.8
1981-03-01,22957.0,9577.0,10.8
1981-04-01,22873.0,9583.0,10.8
1981-05-01,22897.0,9636.0,10.9
1981-06-01,23001.0,9719.0,10.8
1981-07-01,23342.0,9923.0,12.3
1981-08-01,23387.0,10004.0,12.0
1981-09-01,23322.0,10036.0,12.3
1981-10-01,23327.0,10084.0,12.9
1981-11-01,23321.0,10135.0,13.0
1981-12-01,23272.0,10145.0,12.4
1982-01-01,23287.0,10211.0,12.6
1982-02-01,23335.0,10263.0,12.0
1982-03-01,23315.0,10281.0,12.1
1982-04-01,23531.0,10381.0,12.8
1982-05-01,23416.0,10391.0,12.2
1982-06-01,23271.0,10402.0,12.2
1982-07-01,23464.0,10550.0,12.5
1982-08-01,23481.0,10590.0,12.5
1982-09-01,23453.0,10607.0,11.7
1982-10-01,23410.0,10646.0,11.2
1982-11-01,23487.0,10713.0,10.9
1982-12-01,23585.0,10774.0,10.9
1983-01-01,23651.0,10855.0,11.1
1983-02-01,23647.0,10871.0,11.2
1983-03-01,23745.0,10930.0,10.7
1983-04-01,23781.0,10997.0,10.3
1983-05-01,23812.0,11042.0,9.9
1983-06-01,23811.0,11083.0,9.2
1983-07-01,24091.0,11276.0,9.7
1983-08-01,24023.0,11293.0,9.2
1983-09-01,24174.0,11404.0,9.6
1983-10-01,24368.0,11515.0,9.7
1983-11-01,24558.0,11621.0,10.3
1983-12-01,24758.0,11723.0,10.1
1984-01-01,24851.0,11818.0,9.9
1984-02-01,24978.0,11959.0,11.6
1984-03-01,25121.0,12067.0,11.4
1984-04-01,25274.0,12187.0,11.4
1984-05-01,25293.0,12211.0,11.0
1984-06-01,25440.0,12304.0,11.0
1984-07-01,25450.0,12353.0,11.4
1984-08-01,25601.0,12465.0,11.7
1984-09-01,25760.0,12559.0,11.7
1984-10-01,25643.0,12532.0,11.6
1984-11-01,25737.0,12595.0,10.7
1984-12-01,25878.0,12700.0,11.1
1985-01-01,25855.0,12752.0,10.2
1985-02-01,25604.0,12687.0,8.9
1985-03-01,25473.0,12671.0,8.6
1985-04-01,25882.0,12893.0,9.8
1985-05-01,26497.0,13231.0,11.0
1985-06-01,25922.0,12979.0,9.6
1985-07-01,25957.0,13028.0,9.1
1985-08-01,25918.0,13052.0,8.1
1985-09-01,26008.0,13119.0,7.3
1985-10-01,26119.0,13197.0,9.1
1985-11-01,26142.0,13247.0,9.0
1985-12-01,26283.0,13364.0,8.6
1986-01-01,26317.0,13443.0,8.7
1986-02-01,26439.0,13506.0,9.3
1986-03-01,26692.0,13605.0,9.9
1986-04-01,26773.0,13618.0,9.7
1986-05-01,26775.0,13644.0,9.3
1986-06-01,26729.0,13671.0,9.4
1986-07-01,26840.0,13731.0,9.3
1986-08-01,26848.0,13753.0,8.9
1986-09-01,26839.0,13793.0,7.1
1986-10-01,26789.0,13792.0,8.3
1986-11-01,26772.0,13808.0,8.6
1986-12-01,26784.0,13833.0,6.8
1987-01-01,26851.0,13933.0,9.4
1987-02-01,26962.0,14039.0,8.2
1987-03-01,26967.0,14079.0,8.1
1987-04-01,25924.0,13585.0,4.1
1987-05-01,26955.0,14161.0,7.8
1987-06-01,26895.0,14183.0,7.3
1987-07-01,26948.0,14243.0,7.1
1987-08-01,27040.0,14349.0,6.8
1987-09-01,27022.0,14388.0,7.2
1987-10-01,27180.0,14518.0,7.9
1987-11-01,27277.0,14597.0,8.2
1987-12-01,27518.0,14753.0,8.4
1988-01-01,27576.0,14842.0,7.9
1988-02-01,27737.0,14950.0,8.4
1988-03-01,27845.0,15060.0,8.0
1988-04-01,27932.0,15181.0,8.7
1988-05-01,27959.0,15239.0,8.3
1988-06-01,28045.0,15351.0,8.4
1988-07-01,28141.0,15479.0,8.6
1988-08-01,28198.0,15556.0,8.4
1988-09-01,28229.0,15649.0,8.8
1988-10-01,28357.0,15772.0,8.6
1988-11-01,28344.0,15801.0,8.4
1988-12-01,28460.0,15915.0,8.3
1989-01-01,28556.0,16051.0,8.5
1989-02-01,28617.0,16139.0,8.9
1989-03-01,28736.0,16267.0,9.4
1989-04-01,28564.0,16277.0,8.3
1989-05-01,28408.0,16247.0,8.0
1989-06-01,28463.0,16314.0,8.1
1989-07-01,28535.0,16395.0,8.1
1989-08-01,28584.0,16425.0,7.5
1989-09-01,28641.0,16495.0,7.9
1989-10-01,28757.0,16626.0,8.4
1989-11-01,28762.0,16666.0,8.5
1989-12-01,28743.0,16703.0,7.7
1990-01-01,28895.0,16919.0,7.9
1990-02-01,28938.0,17019.0,8.5
1990-03-01,28923.0,17074.0,8.3
1990-04-01,29079.0,17202.0,8.7
1990-05-01,29017.0,17204.0,8.7
1990-06-01,29030.0,17288.0,8.6
1990-07-01,29101.0,17374.0,8.7
1990-08-01,28887.0,17360.0,8.1
1990-09-01,28843.0,17440.0,8.1
1990-10-01,28578.0,17379.0,7.9
1990-11-01,28558.0,17389.0,8.0
1990-12-01,28697.0,17489.0,8.8
1991-01-01,28593.0,17492.0,9.4
1991-02-01,28609.0,17511.0,9.0
1991-03-01,28629.0,17527.0,8.1
1991-04-01,28713.0,17610.0,8.7
1991-05-01,28687.0,17666.0,8.5
1991-06-01,28801.0,17767.0,9.0
1991-07-01,28709.0,17738.0,8.4
1991-08-01,28737.0,17797.0,8.7
1991-09-01,28778.0,17883.0,8.9
1991-10-01,28785.0,17921.0,9.4
1991-11-01,28796.0,17967.0,9.1
1991-12-01,29024.0,18154.0,9.8
1992-01-01,29275.0,18336.0,9.5
1992-02-01,29374.0,18444.0,9.8
1992-03-01,29368.0,18485.0,9.7
1992-04-01,29418.0,18567.0,9.8
1992-05-01,29521.0,18656.0,9.8
1992-06-01,29608.0,18745.0,10.0
1992-07-01,29549.0,18769.0,9.5
1992-08-01,29615.0,18836.0,9.6
1992-09-01,29440.0,18756.0,8.6
1992-10-01,29216.0,18679.0,7.9
1992-11-01,29229.0,18724.0,7.9
1992-12-01,30241.0,19406.0,10.5
1993-01-01,29552.0,19010.0,8.5
1993-02-01,29666.0,19112.0,8.8
1993-03-01,29546.0,19074.0,8.8
1993-04-01,29669.0,19204.0,8.7
1993-05-01,29595.0,19216.0,8.2
1993-06-01,29507.0,19165.0,7.7
1993-07-01,29547.0,19222.0,7.5
1993-08-01,29555.0,19259.0,7.6
1993-09-01,29440.0,19205.0,6.8
1993-10-01,29266.0,19151.0,6.2
1993-11-01,29318.0,19222.0,6.2
1993-12-01,30289.0,19863.0,9.0
1994-01-01,29694.0,19479.0,7.0
1994-02-01,29725.0,19545.0,6.4
1994-03-01,29793.0,19643.0,6.7
1994-04-01,29763.0,19647.0,6.3
1994-05-01,30077.0,19882.0,7.5
1994-06-01,29997.0,19879.0,6.8
1994-07-01,29991.0,19937.0,6.9
1994-08-01,29994.0,19984.0,6.4
1994-09-01,30092.0,20072.0,6.7
1994-10-01,30346.0,20276.0,7.0
1994-11-01,30316.0,20294.0,6.9
1994-12-01,30425.0,20381.0,7.0
1995-01-01,30495.0,20469.0,7.3
1995-02-01,30529.0,20529.0,7.7
1995-03-01,30585.0,20604.0,7.4
1995-04-01,30330.0,20486.0,6.8
1995-05-01,30607.0,20705.0,7.0
1995-06-01,30666.0,20765.0,6.5
1995-07-01,30701.0,20814.0,6.9
1995-08-01,30686.0,20849.0,6.6
1995-09-01,30749.0,20907.0,6.6
1995-10-01,30750.0,20962.0,7.0
1995-11-01,30805.0,20999.0,6.4
1995-12-01,30820.0,21049.0,6.0
1996-01-01,30836.0,21107.0,6.5
1996-02-01,31048.0,21285.0,6.6
1996-03-01,31119.0,21398.0,6.4
1996-04-01,30901.0,21312.0,5.5
1996-05-01,31260.0,21597.0,6.5
1996-06-01,31414.0,21703.0,6.9
1996-07-01,31295.0,21666.0,6.5
1996-08-01,31336.0,21715.0,6.4
1996-09-01,31372.0,21802.0,6.4
1996-10-01,31333.0,21840.0,6.1
1996-11-01,31384.0,21915.0,6.2
1996-12-01,31459.0,21993.0,6.1
1997-01-01,31519.0,22063.0,5.9
1997-02-01,31576.0,22150.0,6.0
1997-03-01,31693.0,22256.0,6.1
1997-04-01,31683.0,22270.0,6.2
1997-05-01,31789.0,22335.0,6.5
1997-06-01,31857.0,22412.0,6.3
1997-07-01,31944.0,22486.0,5.8
1997-08-01,32073.0,22595.0,5.7
1997-09-01,32121.0,22683.0,5.9
1997-10-01,32245.0,22801.0,5.9
1997-11-01,32424.0,22928.0,6.1
1997-12-01,32584.0,23036.0,6.1
1998-01-01,32843.0,23231.0,7.0
1998-02-01,33029.0,23351.0,7.0
1998-03-01,33195.0,23471.0,7.1
1998-04-01,33271.0,23554.0,6.9
1998-05-01,33377.0,23662.0,6.6
1998-06-01,33533.0,23752.0,6.5
1998-07-01,33555.0,23826.0,6.6
1998-08-01,33624.0,23908.0,6.5
1998-09-01,33683.0,23936.0,6.1
1998-10-01,33692.0,23995.0,5.9
1998-11-01,33794.0,24069.0,6.0
1998-12-01,33825.0,24115.0,5.5
1999-01-01,33985.0,24263.0,6.1
1999-02-01,34075.0,24313.0,6.0
1999-03-01,34076.0,24332.0,5.6
1999-04-01,33932.0,24347.0,4.7
1999-05-01,33957.0,24380.0,4.4
1999-06-01,34037.0,24445.0,4.3
1999-07-01,34064.0,24529.0,4.4
1999-08-01,34170.0,24650.0,4.3
1999-09-01,34089.0,24680.0,3.7
1999-10-01,34240.0,24831.0,4.0
1999-11-01,34430.0,24992.0,4.1
1999-12-01,34666.0,25221.0,3.7
2000-01-01,34865.0,25435.0,4.5
2000-02-01,34973.0,25594.0,4.0
2000-03-01,35037.0,25751.0,3.8
2000-04-01,35184.0,25838.0,4.3
2000-05-01,35300.0,25945.0,4.3
2000-06-01,35367.0,26083.0,4.3
2000-07-01,35525.0,26265.0,4.7
2000-08-01,35712.0,26402.0,4.8
2000-09-01,35721.0,26522.0,4.1
2000-10-01,35792.0,26611.0,4.3
2000-11-01,35777.0,26637.0,4.3
2000-12-01,35821.0,26712.0,4.1
2001-01-01,35962.0,26946.0,4.5
2001-02-01,35977.0,27000.0,4.6
2001-03-01,36059.0,27064.0,4.9
2001-04-01,35956.0,27034.0,4.8
2001-05-01,35862.0,27034.0,4.3
2001-06-01,35843.0,27068.0,4.2
2001-07-01,36347.0,27439.0,5.4
2001-08-01,36917.0,27866.0,6.5
2001-09-01,36569.0,27509.0,6.9
2001-10-01,35890.0,27094.0,2.9
2001-11-01,35903.0,27086.0,3.4
2001-12-01,35943.0,27087.0,3.7
2002-01-01,36670.0,27660.0,5.6
2002-02-01,36704.0,27732.0,5.4
2002-03-01,36704.0,27808.0,5.5
2002-04-01,36800.0,27996.0,5.4
2002-05-01,36918.0,28104.0,6.1
2002-06-01,36997.0,28200.0,6.1
2002-07-01,36872.0,28166.0,5.3
2002-08-01,36846.0,28202.0,5.2
2002-09-01,36851.0,28256.0,5.8
2002-10-01,36918.0,28359.0,5.6
2002-11-01,36991.0,28444.0,5.6
2002-12-01,37066.0,28528.0,5.3
2003-01-01,37007.0,28568.0,5.3
2003-02-01,36857.0,28572.0,5.2
2003-03-01,36909.0,28686.0,4.9
2003-04-01,37075.0,28766.0,5.0
2003-05-01,37320.0,28923.0,5.3
2003-06-01,37388.0,29007.0,5.1
2003-07-01,37806.0,29417.0,5.9
2003-08-01,38033.0,29694.0,5.7
2003-09-01,37569.0,29423.0,4.9
2003-10-01,37680.0,29514.0,5.0
2003-11-01,37879.0,29707.0,5.0
2003-12-01,37884.0,29777.0,5.0
2004-01-01,37840.0,29857.0,4.6
2004-02-01,37884.0,29955.0,4.6
2004-03-01,38011.0,30102.0,4.5
2004-04-01,38111.0,30237.0,4.9
2004-05-01,38272.0,30464.0,4.8
2004-06-01,38266.0,30545.0,5.4
2004-07-01,38318.0,30615.0,4.7
2004-08-01,38401.0,30698.0,4.7
2004-09-01,38385.0,30745.0,4.1
2004-10-01,38362.0,30859.0,3.9
2004-11-01,38208.0,30853.0,3.4
2004-12-01,39581.0,31979.0,6.2
2005-01-01,38086.0,30811.0,2.7
2005-02-01,38070.0,30884.0,2.3
2005-03-01,38180.0,31066.0,2.5
2005-04-01,38273.0,31229.0,2.1
2005-05-01,38408.0,31357.0,2.6
2005-06-01,38454.0,31414.0,2.0
2005-07-01,38460.0,31553.0,1.4
2005-08-01,38487.0,31703.0,2.0
2005-09-01,38318.0,31868.0,2.0
2005-10-01,38499.0,32069.0,2.3
2005-11-01,38709.0,32178.0,2.6
2005-12-01,38798.0,32252.0,2.5
2006-01-01,39162.0,32712.0,3.0
2006-02-01,39306.0,32852.0,3.2
2006-03-01,39428.0,33018.0,3.3
2006-04-01,39388.0,33138.0,3.1
2006-05-01,39332.0,33180.0,2.9
2006-06-01,39350.0,33276.0,2.9
2006-07-01,39299.0,33347.0,2.3
2006-08-01,39231.0,33394.0,2.5
2006-09-01,39406.0,33455.0,2.4
2006-10-01,39550.0,33499.0,2.4
2006-11-01,39680.0,33619.0,2.7
2006-12-01,39838.0,33874.0,2.6
2007-01-01,39803.0,33956.0,2.4
2007-02-01,39906.0,34150.0,2.8
2007-03-01,40007.0,34362.0,3.0
2007-04-01,40037.0,34468.0,3.0
2007-05-01,40029.0,34562.0,2.8
2007-06-01,39974.0,34587.0,2.7
2007-07-01,39983.0,34648.0,2.6
2007-08-01,39962.0,34653.0,2.2
2007-09-01,39988.0,34809.0,2.3
2007-10-01,39923.0,34859.0,2.2
2007-11-01,39857.0,34986.0,1.9
2007-12-01,39993.0,35187.0,2.4
2008-01-01,40020.0,35299.0,2.6
2008-02-01,40007.0,35358.0,3.0
2008-03-01,39992.0,35447.0,2.9
2008-04-01,39815.0,35355.0,2.4
2008-05-01,41742.0,37226.0,6.8
2008-06-01,40660.0,36523.0,4.6
2008-07-01,40009.0,36107.0,3.6
2008-08-01,39752.0,35846.0,3.1
2008-09-01,39812.0,35929.0,3.9
2008-10-01,40080.0,35932.0,4.9
2008-11-01,40396.0,35788.0,6.0
2008-12-01,40182.0,35400.0,5.8
2009-01-01,40393.0,35589.0,5.9
2009-02-01,39975.0,35285.0,5.4
2009-03-01,39952.0,35225.0,5.8
2009-04-01,40177.0,35474.0,6.5
2009-05-01,40735.0,36004.0,7.8
2009-06-01,39966.0,35535.0,6.1
2009-07-01,39759.0,35354.0,5.4
2009-08-01,39649.0,35358.0,4.4
2009-09-01,39732.0,35490.0,5.5
2009-10-01,39579.0,35487.0,5.1
2009-11-01,39652.0,35642.0,5.5
2009-12-01,39807.0,35801.0,5.4
2010-01-01,39798.0,35871.0,5.6
2010-02-01,39792.0,35865.0,5.3
2010-03-01,39924.0,36035.0,5.3
2010-04-01,40244.0,36344.0,6.0
2010-05-01,40520.0,36604.0,6.4
2010-06-01,40506.0,36576.0,6.2
2010-07-01,40509.0,36610.0,6.1
2010-08-01,40598.0,36741.0,6.2
2010-09-01,40562.0,36745.0,6.1
2010-10-01,40541.0,36843.0,5.9
2010-11-01,40554.0,36928.0,5.8
2010-12-01,40771.0,37210.0,6.2
2011-01-01,40938.0,37475.0,6.6
2011-02-01,41033.0,37666.0,6.9
2011-03-01,40901.0,37696.0,6.3
2011-04-01,40807.0,37769.0,6.3
2011-05-01,40731.0,37813.0,6.3
2011-06-01,40868.0,37933.0,6.5
2011-07-01,40995.0,38115.0,6.7
2011-08-01,40945.0,38159.0,6.7
2011-09-01,40857.0,38130.0,6.4
2011-10-01,40861.0,38135.0,6.3
2011-11-01,40806.0,38161.0,6.4
2011-12-01,41150.0,38505.0,7.2
2012-01-01,41346.0,38821.0,7.4
2012-02-01,41520.0,39072.0,7.3
2012-03-01,41614.0,39235.0,7.6
2012-04-01,41749.0,39414.0,7.9
2012-05-01,41710.0,39333.0,7.9
2012-06-01,41634.0,39242.0,7.9
2012-07-01,41296.0,38937.0,7.0
2012-08-01,41144.0,38924.0,6.7
2012-09-01,41404.0,39288.0,7.2
2012-10-01,41656.0,39646.0,7.8
2012-11-01,42180.0,40116.0,8.7
2012-12-01,43190.0,41070.0,10.9
2013-01-01,40645.0,38724.0,4.9
2013-02-01,40526.0,38748.0,4.7
2013-03-01,40625.0,38792.0,4.8
2013-04-01,40733.0,38855.0,5.1
2013-05-01,40900.0,39043.0,5.3
2013-06-01,40878.0,39108.0,5.4
2013-07-01,40806.0,39088.0,5.2
2013-08-01,40862.0,39200.0,5.2
2013-09-01,41014.0,39363.0,5.3
2013-10-01,40818.0,39226.0,4.7
2013-11-01,40867.0,39332.0,4.5
2013-12-01,40905.0,39437.0,4.5
2014-01-01,41070.0,39679.0,5.2
2014-02-01,41263.0,39883.0,5.3
2014-03-01,41464.0,40143.0,5.2
2014-04-01,41597.0,40342.0,5.4
2014-05-01,41704.0,40513.0,5.6
2014-06-01,41825.0,40675.0,5.6
2014-07-01,41877.0,40783.0,5.5
2014-08-01,42029.0,40926.0,5.3
2014-09-01,42123.0,41032.0,5.5
2014-10-01,42293.0,41185.0,5.4
2014-11-01,42494.0,41342.0,5.6
2014-12-01,42763.0,41531.0,6.0
2015-01-01,42984.0,41545.0,6.3
2015-02-01,43118.0,41748.0,6.4
2015-03-01,42980.0,41693.0,5.9
2015-04-01,43049.0,41797.0,5.9
2015-05-01,43096.0,41943.0,5.8
2015-06-01,43093.0,42022.0,5.7
2015-07-01,43161.0,42126.0,5.6
2015-08-01,43222.0,42189.0,5.6
2015-09-01,43302.0,42209.0,5.8
2015-10-01,43347.0,42253.0,5.8
2015-11-01,43308.0,42241.0,5.6
2015-12-01,43487.0,42380.0,5.8
2016-01-01,43650.0,42556.0,6.1
2016-02-01,43670.0,42553.0,5.6
2016-03-01,43645.0,42628.0,5.9
2016-04-01,43529.0,42654.0,5.5
2016-05-01,43470.0,42666.0,5.3
2016-06-01,43470.0,42740.0,4.9
2016-07-01,43610.0,42885.0,5.1
2016-08-01,43631.0,42965.0,5.1
2016-09-01,43700.0,43115.0,5.1
2016-10-01,43752.0,43255.0,5.3
2016-11-01,43843.0,43359.0,5.4
2016-12-01,43942.0,43532.0,5.0
2017-01-01,44105.0,43861.0,5.3
2017-02-01,44216.0,44031.0,5.6
2017-03-01,44378.0,44170.0,5.6
2017-04-01,44457.0,44332.0,5.7
2017-05-01,44743.0,44599.0,6.3
2017-06-01,44741.0,44634.0,6.0
2017-07-01,44841.0,44750.0,6.0
2017-08-01,44868.0,44879.0,6.1
2017-09-01,44925.0,45103.0,5.9
2017-10-01,45030.0,45267.0,6.0
2017-11-01,45075.0,45378.0,5.6
2017-12-01,45136.0,45505.0,5.0
2018-01-01,45390.0,45933.0,5.7
2018-02-01,45479.0,46122.0,5.8
2018-03-01,45624.0,46318.0,5.9
2018-04-01,45703.0,46509.0,6.0
2018-05-01,45835.0,46724.0,6.0
2018-06-01,45998.0,46931.0,6.3
2018-07-01,46173.0,47159.0,6.5
2018-08-01,46312.0,47334.0,6.6
2018-09-01,46284.0,47402.0,6.8
2018-10-01,46373.0,47575.0,6.7
2018-11-01,46476.0,47698.0,6.5
2018-12-01,47038.0,48307.0,8.4
2019-01-01,47113.0,48359.0,8.4
2019-02-01,47172.0,48509.0,8.5
2019-03-01,47174.0,48620.0,7.9
2019-04-01,47059.0,48638.0,7.6
2019-05-01,47034.0,48648.0,7.3
2019-06-01,47102.0,48741.0,7.1
2019-07-01,47137.0,48842.0,6.8
2019-08-01,47363.0,49099.0,6.9
2019-09-01,47438.0,49207.0,7.0
2019-10-01,47477.0,49334.0,7.1
2019-11-01,47603.0,49516.0,6.9
2019-12-01,47334.0,49369.0,6.2
2020-01-01,47843.0,49953.0,7.0
2020-02-01,48011.0,50185.0,7.5
2020-03-01,47351.0,49357.0,12.4
2020-04-01,54349.0,56412.0,32.0
2020-05-01,51588.0,53596.0,22.8
2020-06-01,51380.0,53543.0,18.4
2020-07-01,51816.0,54171.0,17.8
2020-08-01,49783.0,52206.0,13.9
2020-09-01,50047.0,52563.0,13.1
2020-10-01,49844.0,52379.0,12.6
2020-11-01,49230.0,51790.0,11.8
2020-12-01,49354.0,52148.0,11.8
2021-01-01,54648.0,57954.0,19.2
2021-02-01,50097.0,53319.0,12.6
2021-03-01,61570.0,65875.0,25.9
2021-04-01,52193.0,56157.0,12.0
2021-05-01,50679.0,54808.0,9.6
2021-06-01,50430.0,54823.0,8.4
2021-07-01,50737.0,55424.0,9.2
2021-08-01,50602.0,55502.0,8.4
2021-09-01,50005.0,55011.0,7.2
2021-10-01,50000.0,55355.0,6.6
2021-11-01,49827.0,55548.0,6.1
2021-12-01,49587.0,55634.0,6.0
2022-01-01,48426.0,54601.0,3.6
2022-02-01,48411.0,54932.0,3.6
2022-03-01,48157.0,55126.0,2.7
2022-04-01,48125.0,55263.0,2.2
2022-05-01,48055.0,55519.0,2.3
2022-06-01,47928.0,55895.0,2.0
2022-07-01,48503.0,56582.0,3.1
2022-08-01,48750.0,57036.0,3.1
2022-09-01,48885.0,57378.0,3.1
2022-10-01,49005.0,57771.0,3.2
2022-11-01,49008.0,57936.0,3.4
2022-12-01,49158.0,58204.0,3.7
2023-01-01,50054.0,59566.0,4.2
2023-02-01,50233.0,59977.0,4.6
2023-03-01,50465.0,60330.0,5.3
2023-04-01,50478.0,60556.0,5.0
2023-05-01,50618.0,60810.0,5.2
2023-06-01,50606.0,60944.0,5.0
2023-07-01,50598.0,61017.0,4.6
2023-08-01,50624.0,61235.0,4.7
2023-09-01,50625.0,61449.0,4.4
2023-10-01,50735.0,61599.0,4.5
2023-11-01,50920.0,61821.0,4.6
2023-12-01,50992.0,62005.0,4.4
2024-01-01,51425.0,62794.0,5.5
2024-02-01,51435.0,63001.0,5.4
2024-03-01,51526.0,63329.0,5.2
2024-04-01,51421.0,63364.0,5.1
2024-05-01,51514.0,63475.0,4.9
2024-06-01,51484.0,63512.0,4.8
2024-07-01,51418.0,63536.0,4.3
2024-08-01,51359.0,63541.0,4.2
2024-09-01,51404.0,63706.0,3.8
2024-10-01,51520.0,64018.0,4.0
2024-11-01,51565.0,64143.0,3.7
2024-12-01,51581.0,64354.0,3.3
2025-01-01,51724.0,64749.0,4.3
2025-02-01,51981.0,65285.0,4.6
