Date,Capital account transactions (net),"Capital consumption adjustment, corporate",Consumption of fixed capital,Disaster losses,Domestic business,Federal,Government,Gross domestic investment,"Gross domestic investment, capital account transactions, and net lending, NIPAs",Gross government investment,Gross government saving,Gross private domestic investment,Gross private saving,Gross saving,Households and institutions,"Inventory valuation adjustment, corporate",Net domestic investment,Net government saving,"Net lending or net borrowing (-), NIPAs",Net private saving,Net saving,Personal saving,Private,State and local,Statistical discrepancy,Undistributed corporate profits
1947-01-01,,-2359.0,28071.0,,8734.5,3900.2,2473.5,40802.0,50207.0,4947.0,14363.0,35854.0,32778.0,47141.0,7654.0,-9652.0,12730.0,2583.0,9405.0,16486.0,19070.0,12595.0,17927.0,1124.1666666666667,3072.0,15902.0
1947-04-01,,-2509.0,28706.0,,10817.5,3714.4,2558.5,39622.0,49495.0,5117.0,13725.0,34505.0,33016.0,46741.0,5690.0,-4676.0,10916.0,2323.0,9873.0,15711.0,18035.0,8476.0,17252.5,1210.1666666666667,2759.0,14420.0
1947-07-01,,-2648.0,29515.0,,11225.5,2983.2,3046.0,41003.0,51084.0,6092.0,10926.0,34911.0,38153.0,49078.0,7851.0,-4048.0,11488.0,-348.0,10081.0,19911.0,19563.0,12635.0,17455.5,1178.6666666666667,2006.0,13972.0
1947-10-01,,-2776.0,30191.0,,11900.5,5425.8,3292.5,49835.0,57632.0,6585.0,16637.0,43250.0,37373.0,54010.0,6786.0,-5220.0,19645.0,5548.0,7797.0,18271.0,23820.0,10372.0,21625.0,1193.1666666666667,3623.0,15895.0
1948-01-01,,-2892.0,30615.0,,13694.5,5419.6,3768.0,54739.0,59655.0,7537.0,15528.0,47202.0,43456.0,58984.0,8033.5,-2876.0,24124.0,4799.0,4916.0,23570.0,28370.0,12763.0,23601.0,1147.6666666666667,672.0,16575.0
1948-04-01,,-2965.0,31086.0,,14732.5,4440.8,4122.5,58581.0,61605.0,8246.0,13163.0,50336.0,49531.0,62694.0,10033.0,-2868.0,27495.0,2651.0,3024.0,28957.0,31608.0,16672.0,25167.5,1444.6666666666667,-1087.0,18117.0
1948-07-01,,-2993.0,31650.0,,14599.0,2996.8,4389.0,61294.0,62226.0,8778.0,9426.0,52516.0,52544.0,61970.0,11673.0,-2796.0,29645.0,-1057.0,932.0,31378.0,30321.0,19876.0,26258.0,1536.3333333333333,256.0,17291.0
1948-10-01,,-2978.0,31959.0,,15639.5,2455.8,4683.0,60700.0,61496.0,9366.0,8084.0,51334.0,54269.0,62353.0,11494.5,-68.0,28741.0,-2213.0,796.0,32608.0,30394.0,19458.0,25667.0,1798.1666666666667,-857.0,16196.0
1949-01-01,,-2919.0,32249.0,,15609.5,1385.2,5126.0,53392.0,55584.0,10252.0,4791.0,43140.0,49939.0,54730.0,9360.5,1404.0,21143.0,-5397.0,2192.0,27879.0,22481.0,15143.0,21570.0,1888.0,854.0,14251.0
1949-04-01,,-2864.0,32256.0,,15274.0,261.0,5647.5,47535.0,49243.0,11295.0,1174.0,36241.0,47380.0,48555.0,8416.5,2836.0,15279.0,-8649.0,1708.0,24948.0,16299.0,13204.0,18120.5,1898.1666666666667,690.0,11772.0
1949-07-01,,-2812.0,32255.0,,15892.5,195.2,5962.5,51473.0,52121.0,11924.0,732.0,39549.0,49364.0,50095.0,8789.0,2984.0,19219.0,-8746.0,648.0,26587.0,17841.0,13895.0,19774.5,2057.8333333333335,2026.0,12520.0
1949-10-01,,-2765.0,32382.0,,14324.0,85.0,5894.5,49257.0,48225.0,11789.0,190.0,37468.0,44641.0,44831.0,7996.0,200.0,16875.0,-9098.0,-1032.0,21547.0,12448.0,12250.0,18734.0,1888.3333333333333,3395.0,11861.0
1950-01-01,,-2721.0,32405.0,,13860.0,-1199.4,5340.0,57429.0,56472.0,10680.0,-2542.0,46749.0,55692.0,53150.0,13986.5,-700.0,25024.0,-11563.0,-957.0,32307.0,20744.0,24168.0,23374.5,1678.3333333333333,3323.0,11561.0
1950-04-01,,-2718.0,32769.0,,14595.5,3274.4,5545.5,63381.0,62136.0,11090.0,8045.0,52291.0,53642.0,61688.0,12225.5,-3316.0,30612.0,-844.0,-1245.0,29763.0,28919.0,20554.0,26145.5,1574.6666666666667,451.0,15243.0
1950-07-01,,-2755.0,33572.0,,14960.0,7484.4,5866.5,70375.0,67694.0,11733.0,19345.0,58641.0,47718.0,67063.0,8898.5,-7304.0,36803.0,10353.0,-2681.0,23139.0,33491.0,13777.0,29321.0,2170.8333333333335,629.0,19421.0
1950-10-01,,-2834.0,34823.0,,15891.5,7806.2,6159.5,80759.0,78270.0,12319.0,20175.0,68441.0,57446.0,77621.0,12831.5,-8540.0,45937.0,10838.0,-2489.0,31961.0,42798.0,21489.0,34220.5,2296.1666666666665,648.0,21845.0
1951-01-01,,-2953.0,36253.0,,14147.5,9844.0,7447.5,79477.0,77767.0,14895.0,24107.0,64582.0,50195.0,74302.0,10950.0,-8724.0,43224.0,14450.0,-1710.0,23599.0,38049.0,17543.0,32291.5,2859.5,3465.0,17733.0
1951-04-01,,-3012.0,37336.0,,16328.5,7909.8,9102.0,85586.0,85936.0,18203.0,16461.0,67383.0,66036.0,82497.0,16689.0,-1012.0,48250.0,6625.0,350.0,38536.0,45160.0,28863.0,33691.5,2890.8333333333335,3441.0,13697.0
1951-07-01,,-3013.0,38267.0,,17972.0,6824.4,10570.0,83121.0,85311.0,21140.0,10965.0,61981.0,69784.0,80749.0,16920.0,3464.0,44854.0,896.0,2190.0,41586.0,42482.0,29193.0,30990.5,2864.5,4562.0,11942.0
1951-10-01,,-2954.0,39045.0,,18045.5,8581.0,12044.5,81173.0,83851.0,24089.0,12784.0,57084.0,68761.0,81545.0,16336.0,1476.0,42129.0,2429.0,2678.0,40071.0,42500.0,27918.0,28542.0,3022.1666666666665,2306.0,13632.0
1952-01-01,,-2836.0,39530.0,,18104.0,8736.0,12038.0,82208.0,85730.0,24076.0,13562.0,58132.0,68400.0,81962.0,16096.0,1272.0,42678.0,3009.0,3522.0,39423.0,42432.0,27357.0,29066.0,3107.0,3767.0,13630.0
1952-04-01,,-2693.0,40176.0,,17583.0,7414.2,12132.0,77268.0,78394.0,24264.0,9723.0,53004.0,66246.0,75968.0,15539.5,1156.0,37093.0,-1136.0,1126.0,36929.0,35793.0,26163.0,26502.0,2865.8333333333335,2426.0,12303.0
1952-07-01,,-2527.0,41003.0,,17789.5,6765.4,12422.5,82065.0,81011.0,24845.0,8650.0,57220.0,70658.0,79307.0,17540.0,700.0,41062.0,-2641.0,-1054.0,40945.0,38304.0,30082.0,28610.0,3332.3333333333335,1702.0,12690.0
1952-10-01,,-2336.0,41709.0,,19105.5,7864.2,12649.5,86035.0,84801.0,25299.0,11345.0,60737.0,70915.0,82260.0,16351.5,796.0,44326.0,-202.0,-1234.0,40753.0,40551.0,27624.0,30368.0,3411.8333333333335,2541.0,14668.0
1953-01-01,,-2121.0,42496.0,,19399.0,8692.4,13273.5,88210.0,86863.0,26547.0,12060.0,61663.0,71895.0,83956.0,16548.5,-432.0,45714.0,231.0,-1347.0,41228.0,41460.0,27936.0,30831.5,3183.5,2907.0,15845.0
1953-04-01,,-1930.0,43266.0,,18754.5,8299.4,13579.0,89273.0,87446.0,27158.0,11654.0,62115.0,72559.0,84213.0,17525.0,-1596.0,46007.0,-472.0,-1827.0,41419.0,40947.0,29810.0,31057.0,3765.0,3234.0,15134.0
1953-07-01,,-1762.0,43817.0,,18650.5,8433.8,13515.0,88465.0,87286.0,27030.0,11965.0,61435.0,71751.0,83716.0,17224.5,-2004.0,44648.0,-269.0,-1179.0,40168.0,39899.0,29134.0,30717.5,3546.3333333333335,3572.0,14801.0
1953-10-01,,-1619.0,44381.0,,17578.0,5191.4,12964.5,82375.0,81444.0,25929.0,5578.0,56446.0,70423.0,76000.0,17633.5,44.0,37994.0,-6809.0,-931.0,38429.0,31620.0,29880.0,28223.0,3667.3333333333335,5446.0,10123.0
1954-01-01,,-1499.0,44940.0,,18793.0,5034.2,13206.5,82130.0,81642.0,26413.0,5229.0,55717.0,73623.0,78852.0,18018.5,-12.0,37190.0,-7336.0,-488.0,41249.0,33913.0,30581.0,27858.5,3732.6666666666665,2787.0,12179.0
1954-04-01,,-1257.0,45691.0,,19642.5,5341.4,12971.5,81392.0,81728.0,25942.0,6655.0,55449.0,72550.0,79205.0,16632.0,-36.0,35700.0,-6276.0,336.0,39790.0,33514.0,27727.0,27725.0,3648.5,2522.0,13357.0
1954-07-01,,-894.0,46300.0,,20093.5,5100.8,12366.5,83704.0,83628.0,24733.0,7376.0,58971.0,72806.0,80182.0,16310.0,-684.0,37404.0,-5774.0,-76.0,39655.0,33881.0,26989.0,29486.0,3553.0,3445.0,14245.0
1954-10-01,,-409.0,46991.0,,21314.0,5546.2,12249.0,86637.0,87545.0,24498.0,9005.0,62139.0,75653.0,84658.0,16512.0,-540.0,39646.0,-4438.0,908.0,42105.0,37667.0,27288.0,31070.0,3601.1666666666665,2888.0,15767.0
1955-01-01,,197.0,47461.0,,22754.0,6648.6,12070.5,92843.0,93326.0,24141.0,12295.0,68702.0,77601.0,89896.0,16046.5,-1108.0,45382.0,-1215.0,483.0,43651.0,42435.0,26238.0,34351.0,3571.1666666666665,3430.0,18323.0
1955-04-01,,546.0,48178.0,,23437.5,7761.6,12378.0,97444.0,97215.0,24756.0,15103.0,72688.0,80318.0,95421.0,16721.5,-884.0,49266.0,1453.0,-229.0,45790.0,47243.0,27459.0,36344.0,3763.0,1795.0,18668.0
1955-07-01,,637.0,49315.0,,23198.0,7477.6,12132.5,99012.0,99819.0,24265.0,15788.0,74747.0,82037.0,97824.0,17820.5,-2192.0,49697.0,1754.0,807.0,46756.0,48509.0,29515.0,37373.5,4087.5,1993.0,18795.0
1955-10-01,,471.0,50603.0,,23770.0,8532.0,12134.5,103151.0,103578.0,24268.0,18855.0,78882.0,83400.0,102255.0,17930.0,-2760.0,52547.0,4460.0,427.0,47191.0,51652.0,29581.0,39441.5,4174.166666666667,1324.0,19899.0
1956-01-01,,47.0,52144.0,,23542.0,8996.6,12786.5,103876.0,104819.0,25573.0,20014.0,78303.0,85592.0,105606.0,19254.5,-2912.0,51733.0,5182.0,943.0,48281.0,53463.0,32065.0,39151.0,4510.666666666667,-787.0,19081.0
1956-04-01,,-256.0,53505.0,,23863.0,8689.0,13292.0,103604.0,105835.0,26584.0,18973.0,77020.0,88529.0,107502.0,20402.0,-3644.0,50099.0,3819.0,2231.0,50178.0,53997.0,34212.0,38510.0,4702.5,-1667.0,19866.0
1956-07-01,,-437.0,54819.0,,24795.5,9347.8,13880.5,106028.0,109051.0,27761.0,19773.0,78267.0,91859.0,111631.0,21133.5,-1192.0,51209.0,4282.0,3023.0,52529.0,56812.0,35544.0,39133.5,4766.833333333333,-2582.0,18615.0
1956-10-01,,-497.0,56032.0,,24866.0,9783.4,14332.5,105810.0,110341.0,28665.0,20073.0,77145.0,93361.0,113434.0,21814.5,-3024.0,49779.0,4285.0,4531.0,53117.0,57402.0,36791.0,38573.0,4718.666666666667,-3091.0,19847.0
1957-01-01,,-435.0,57313.0,,25693.5,9538.8,14878.5,107485.0,113041.0,29757.0,19926.0,77728.0,94413.0,114339.0,21512.5,-2424.0,50172.0,3709.0,5556.0,53317.0,57026.0,36089.0,38864.0,5188.833333333333,-1298.0,20086.0
1957-04-01,,-442.0,58420.0,,25750.0,8741.8,14868.5,107644.0,112450.0,29737.0,17770.0,77907.0,96619.0,114389.0,22559.5,-1508.0,49224.0,1252.0,4806.0,54717.0,55970.0,38092.0,38953.5,4966.0,-1939.0,18575.0
1957-07-01,,-519.0,59488.0,,25783.0,9122.2,15299.5,109938.0,114852.0,30599.0,17742.0,79339.0,96454.0,114197.0,22444.0,-1280.0,50450.0,914.0,4914.0,53795.0,54709.0,37779.0,39669.5,4846.5,655.0,17814.0
1957-10-01,,-664.0,60448.0,,25109.0,6685.8,15413.0,101872.0,105466.0,30826.0,11312.0,71045.0,92990.0,104301.0,21386.0,-944.0,41424.0,-5765.0,3594.0,49619.0,43854.0,35588.0,35522.5,4632.166666666667,1164.0,15638.0
1958-01-01,,-878.0,61092.0,,23889.0,5772.6,15634.0,97997.0,99474.0,31267.0,7879.0,66730.0,92203.0,100082.0,22212.5,-220.0,36906.0,-9178.0,1477.0,48168.0,38991.0,37174.0,33365.0,4299.0,-608.0,12092.0
1958-04-01,,-980.0,62003.0,,24503.0,4126.8,15991.0,97046.0,97867.0,31981.0,3227.0,65065.0,93570.0,96797.0,22282.0,312.0,35043.0,-14125.0,821.0,48919.0,34794.0,37235.0,32532.5,4321.833333333333,1070.0,12352.0
1958-07-01,,-969.0,62943.0,,25758.0,5335.4,16462.0,104923.0,105972.0,32925.0,6155.0,71999.0,98794.0,104950.0,23639.0,-244.0,41980.0,-11569.0,1049.0,53575.0,42006.0,39860.0,35999.5,4451.5,1021.0,14928.0
1958-10-01,,-845.0,63782.0,,27566.5,6512.8,17158.0,114316.0,114173.0,34316.0,9396.0,80001.0,103666.0,113063.0,24266.5,-868.0,50534.0,-8647.0,-143.0,57927.0,49281.0,41014.0,40000.5,5163.333333333333,1110.0,18626.0
1959-01-01,,-608.0,64464.0,,28631.0,9591.4,18108.5,119383.0,117974.0,36217.0,15029.0,83166.0,102763.0,117792.0,22750.5,-628.0,54919.0,-3224.0,-1410.0,56552.0,53328.0,37871.0,41583.0,5000.833333333333,185.0,19918.0
1959-04-01,,-335.0,65122.0,,29891.5,10792.8,18079.5,125539.0,122651.0,36158.0,18582.0,89381.0,106298.0,124881.0,23257.5,-996.0,60417.0,102.0,-2888.0,59656.0,59758.0,38777.0,44690.0,5163.0,-2229.0,22210.0
1959-07-01,,-27.0,65789.0,,28750.5,5892.833333333333,18069.0,119743.0,119777.0,36138.0,16972.0,83606.0,100340.0,117312.0,21419.5,-332.0,53954.0,-1784.0,33.0,53306.0,51522.0,34996.0,41803.0,5563.833333333333,2461.0,18669.0
1959-10-01,,318.0,66397.0,,29220.0,5663.666666666667,17469.5,121463.0,120640.0,34939.0,16651.0,86524.0,103603.0,120254.0,22582.0,848.0,55066.0,-2361.0,-823.0,56218.0,53857.0,37220.0,43262.0,5396.166666666667,391.0,17832.0
1960-01-01,,699.0,66985.0,,29953.428571428572,9336.57142857143,6655.5,131576.0,133441.0,35101.0,26622.0,96476.0,106294.0,132916.0,22644.85714285714,-868.0,64592.0,7333.0,1865.0,58599.0,65931.0,38266.0,26704.75,4331.428571428572,524.0,20502.0
1960-04-01,,972.0,67588.0,,27755.0,7873.714285714285,5818.75,122290.0,124013.0,35194.0,23276.0,87096.0,103051.0,126327.0,21660.571428571428,-604.0,54702.0,3713.0,1723.0,55026.0,58739.0,36543.0,25184.0,4334.428571428572,-2316.0,18116.0
1960-07-01,,1136.0,68204.0,,28124.571428571428,7394.428571428572,5481.75,123217.0,127432.0,36840.0,21926.0,86377.0,105190.0,127116.0,22430.571428571428,516.0,55013.0,2094.0,4214.0,56817.0,58911.0,38570.0,26375.75,4432.142857142857,313.0,16595.0
1960-10-01,,1192.0,68825.0,,25656.285714285714,5509.571428571428,4410.25,112842.0,117726.0,36879.0,17640.0,75963.0,103825.0,121465.0,22194.85714285714,264.0,44017.0,-2446.0,4884.0,55086.0,52640.0,38023.0,25021.0,4449.714285714285,-3741.0,15606.0
1961-01-01,,1139.0,69496.0,,26044.428571428572,5941.857142857143,4438.25,118005.0,123443.0,39627.0,17754.0,78378.0,106892.0,124646.0,23773.714285714286,-76.0,48509.0,-2618.0,5438.0,57768.0,55150.0,41746.0,26422.0,4417.428571428572,-1204.0,14959.0
1961-04-01,,1371.0,70185.0,,28129.714285714286,5228.0,4030.5,122619.0,125831.0,38511.0,16121.0,84108.0,110884.0,127006.0,24162.285714285714,1016.0,52435.0,-4522.0,3211.0,61343.0,56821.0,42594.0,27427.25,4233.428571428572,-1175.0,16363.0
1961-07-01,,1886.0,70961.0,,29814.0,6056.571428571428,4605.5,130767.0,135071.0,39850.0,18423.0,90917.0,116132.0,134555.0,25877.0,324.0,59807.0,-2547.0,4303.0,66141.0,63594.0,46222.0,29162.25,4535.857142857143,516.0,17709.0
1961-10-01,,2685.0,71776.0,,30652.285714285714,7068.857142857143,5212.5,134532.0,138434.0,41602.0,20851.0,92931.0,119378.0,140229.0,26318.85714285714,-180.0,62756.0,-453.0,3901.0,68906.0,68453.0,46979.0,29395.75,4766.714285714285,-1796.0,19423.0
1962-01-01,,3767.0,72702.0,,32855.42857142857,6199.0,4780.75,140026.0,143138.0,41952.0,19123.0,98074.0,122506.0,141630.0,26589.571428571428,444.0,67325.0,-2592.0,3111.0,71520.0,68928.0,47437.0,31003.5,4887.571428571428,1508.0,19872.0
1962-04-01,,4619.0,73529.0,,32429.571428571428,6109.0,4790.5,138559.0,142305.0,41854.0,19162.0,96706.0,122846.0,142009.0,26716.85714285714,-124.0,65030.0,-2853.0,3745.0,71332.0,68479.0,47464.0,30785.0,4937.285714285715,293.0,19374.0
1962-07-01,,5239.0,74549.0,,33328.142857142855,6700.285714285715,5250.0,141273.0,146046.0,43113.0,21000.0,98160.0,123445.0,144445.0,26391.85714285714,-752.0,66724.0,-1493.0,4773.0,71389.0,69896.0,46689.0,31261.5,5245.428571428572,1600.0,20213.0
1962-10-01,,5627.0,75608.0,,33304.71428571428,6551.0,5165.25,138437.0,142004.0,43469.0,20662.0,94968.0,124865.0,145527.0,25756.571428571428,536.0,62829.0,-2334.0,3567.0,72253.0,69919.0,45220.0,30336.0,5228.857142857143,-3521.0,20870.0
1963-01-01,,5784.0,76518.0,,34142.71428571428,7370.714285714285,5713.75,142943.0,146914.0,43254.0,22855.0,99689.0,126238.0,149092.0,26291.85714285714,984.0,66425.0,-482.0,3971.0,73056.0,72574.0,46175.0,31015.0,5269.428571428572,-2178.0,20112.0
1963-04-01,,5949.0,77526.0,,34468.142857142855,8495.57142857143,6431.25,145201.0,149544.0,43552.0,25725.0,101650.0,128114.0,153839.0,26660.714285714286,216.0,67675.0,1999.0,4343.0,74314.0,76313.0,46441.0,30955.75,5361.714285714285,-4291.0,21708.0
1963-07-01,,6120.0,78503.0,,35968.142857142855,8515.142857142857,6483.75,150428.0,155649.0,45816.0,25934.0,104612.0,128721.0,154655.0,26503.428571428572,-232.0,71925.0,1899.0,5221.0,74254.0,76152.0,45932.0,32429.0,5711.0,994.0,22433.0
1963-10-01,,6299.0,79524.0,,36261.42857142857,8128.857142857143,6348.0,152320.0,158572.0,45131.0,25392.0,107189.0,133554.0,158946.0,28352.571428571428,-752.0,72797.0,1051.0,6252.0,78371.0,79423.0,49841.0,33296.0,5723.571428571428,-371.0,22984.0
1964-01-01,,6484.0,80617.0,,38494.857142857145,6905.142857142857,5798.75,156250.0,164441.0,45776.0,23195.0,110474.0,138723.0,161917.0,29107.714285714286,-236.0,75632.0,-1476.0,8191.0,82776.0,81300.0,51083.0,35311.5,6050.428571428572,2524.0,25445.0
1964-04-01,,6667.0,81755.0,,38291.28571428572,4964.571428571428,4668.75,157019.0,162995.0,46501.0,18675.0,110518.0,144372.0,163047.0,31251.428571428572,-144.0,75265.0,-6296.0,5976.0,87588.0,81292.0,56253.0,36079.75,6114.714285714285,-53.0,24813.0
1964-07-01,,6847.0,82945.0,,39006.28571428572,6488.142857142857,5627.5,159198.0,167328.0,46567.0,22510.0,112631.0,143882.0,166392.0,30639.285714285714,-900.0,76253.0,-2742.0,8130.0,86189.0,83447.0,54746.0,36203.25,6203.714285714285,931.0,25496.0
1964-10-01,,7025.0,84239.0,,38663.142857142855,7269.142857142857,6046.5,161706.0,169279.0,46722.0,24187.0,114984.0,148682.0,172869.0,32589.14285714286,-696.0,77468.0,-1376.0,7573.0,90006.0,88630.0,59043.0,36273.25,6119.428571428572,-3589.0,24634.0
1965-01-01,,7200.0,85615.0,,43259.42857142857,8985.285714285714,7101.0,172738.0,178397.0,46196.0,28404.0,126542.0,152359.0,180763.0,31244.14285714286,-400.0,87123.0,2521.0,5659.0,92627.0,95148.0,55548.0,37499.25,6089.714285714285,-2362.0,30279.0
1965-04-01,,7360.0,87146.0,,43743.57142857143,8557.857142857143,6976.75,173961.0,180230.0,46909.0,27907.0,127052.0,154815.0,182723.0,31702.14285714286,-1120.0,86815.0,1649.0,6269.0,93927.0,95577.0,56274.0,38081.25,6352.571428571428,-2491.0,31414.0
1965-07-01,,7504.0,88773.0,,45424.57142857143,5568.142857142857,5221.5,180105.0,186674.0,48868.0,20886.0,131237.0,162372.0,183258.0,34522.142857142855,-1520.0,91331.0,-5743.0,6570.0,100228.0,94485.0,62591.0,41448.0,6559.857142857143,3420.0,31653.0
1965-10-01,,7633.0,90490.0,,47087.857142857145,5562.0,5290.0,183231.0,189364.0,49480.0,21161.0,133752.0,163804.0,184965.0,33778.0,-1940.0,92741.0,-5830.0,6133.0,100304.0,94475.0,60599.0,42050.25,6719.428571428572,4396.0,34013.0
1966-01-01,,7746.0,92310.0,,50131.142857142855,8294.714285714286,6998.25,196120.0,200752.0,51920.0,27994.0,144200.0,166355.0,194349.0,33399.42857142857,-1196.0,103809.0,639.0,4633.0,101399.0,102038.0,59459.0,43190.0,7211.857142857143,6405.0,35390.0
1966-04-01,,7831.0,94338.0,,49914.71428571428,7669.0,6804.75,195443.0,198760.0,51942.0,27219.0,143501.0,167648.0,194866.0,33501.71428571428,-2664.0,101106.0,-695.0,3316.0,101224.0,100529.0,59937.0,42885.75,7428.857142857143,3895.0,36120.0
1966-07-01,,7887.0,96288.0,,50191.57142857143,7087.428571428572,6360.0,197372.0,200574.0,54178.0,25440.0,143194.0,169894.0,195333.0,34124.71428571428,-3612.0,101084.0,-2945.0,3202.0,101990.0,99045.0,61565.0,43783.75,7500.285714285715,5242.0,36149.0
1966-10-01,,7915.0,98300.0,,52102.57142857143,6219.857142857143,5715.0,202085.0,206169.0,56230.0,22860.0,145855.0,178511.0,201371.0,36010.28571428572,-956.0,103785.0,-6044.0,4084.0,109115.0,103072.0,66483.0,45827.25,7481.142857142857,4798.0,35673.0
1967-01-01,,7914.0,100268.0,,51243.0,2547.4285714285716,3673.0,200700.0,204962.0,57889.0,14692.0,142811.0,182896.0,197588.0,38467.28571428572,-372.0,100432.0,-14676.0,4262.0,111996.0,97320.0,72234.0,47567.25,7823.571428571428,7373.0,32220.0
1967-04-01,,7875.0,102350.0,,49249.142857142855,1978.857142857143,3340.25,194058.0,197313.0,56563.0,13361.0,137495.0,180649.0,194009.0,37932.57142857143,-1324.0,91708.0,-16517.0,3255.0,108177.0,91659.0,69908.0,45987.75,7559.285714285715,3302.0,31718.0
1967-07-01,,7796.0,104619.0,,50255.142857142855,3066.8571428571427,3784.0,200755.0,204339.0,57921.0,15137.0,142835.0,186733.0,201870.0,39943.857142857145,-1728.0,96136.0,-15371.0,3583.0,112621.0,97250.0,73961.0,47301.0,7336.428571428572,2470.0,32592.0
1967-10-01,,7679.0,106985.0,,51828.142857142855,2861.5714285714284,3915.0,205954.0,208786.0,58301.0,15661.0,147653.0,192831.0,208492.0,41117.71428571428,-2792.0,98970.0,-15504.0,2832.0,117011.0,101507.0,75875.0,48281.25,7726.571428571428,294.0,36249.0
1968-01-01,,7522.0,109496.0,,51714.57142857143,3925.8571428571427,4603.5,210642.0,212253.0,58354.0,18413.0,152288.0,188581.0,206994.0,40527.0,-4676.0,101146.0,-13487.0,1611.0,110984.0,97498.0,74194.0,48459.5,7744.714285714285,5258.0,33944.0
1968-04-01,,7448.0,111946.0,,54326.57142857143,3314.0,4521.0,218473.0,220498.0,59530.0,18084.0,158943.0,195535.0,213619.0,41805.28571428572,-2924.0,106527.0,-14353.0,2025.0,116026.0,101673.0,76781.0,50604.0,8306.714285714286,6881.0,34722.0
1968-07-01,,7455.0,114534.0,,53428.142857142855,7079.428571428572,6529.0,215230.0,217064.0,59547.0,26117.0,155683.0,189400.0,215517.0,38554.0,-2952.0,100697.0,-6859.0,1834.0,107842.0,100983.0,68831.0,47737.0,7909.285714285715,1549.0,34508.0
1968-10-01,,7543.0,117450.0,,54169.71428571428,7467.0,6801.75,220312.0,220972.0,59552.0,27207.0,160760.0,194923.0,222130.0,40206.28571428572,-4052.0,102862.0,-6499.0,660.0,111179.0,104680.0,71889.0,48442.0,7885.571428571428,-1155.0,35799.0
1969-01-01,4.0,7713.0,120465.0,,56418.28571428572,12789.0,9854.75,233913.0,235585.0,61525.0,39420.0,172388.0,191566.0,230985.0,38670.142857142855,-4932.0,113448.0,5021.0,1669.0,105499.0,110520.0,67448.0,49041.5,7980.571428571428,4601.0,35270.0
1969-04-01,0.0,7750.0,123506.0,,55597.71428571428,10975.57142857143,9145.0,232430.0,232935.0,59709.0,36580.0,172721.0,194732.0,231312.0,40144.57142857143,-5220.0,108924.0,1417.0,505.0,106390.0,107806.0,70609.0,49088.25,8208.142857142857,1622.0,33251.0
1969-07-01,4.0,7652.0,126325.0,,56064.42857142857,8155.714285714285,7662.25,237493.0,239200.0,59929.0,30649.0,177564.0,207052.0,237701.0,45313.71428571428,-4936.0,111168.0,-5105.0,1703.0,116481.0,111376.0,82471.0,52137.5,8433.285714285714,1497.0,31294.0
1969-10-01,0.0,7421.0,129289.0,,53442.0,6318.857142857143,6776.0,228597.0,231127.0,57024.0,27104.0,171573.0,205414.0,232518.0,45654.0,-8392.0,99308.0,-9433.0,2530.0,112662.0,103229.0,83702.0,51005.5,8223.857142857143,-1392.0,29931.0
1970-01-01,0.0,7056.0,132239.0,,52898.0,2553.5714285714284,4517.0,227124.0,231033.0,59012.0,18069.0,168113.0,208830.0,226898.0,47652.42857142857,-8792.0,94885.0,-19284.0,3909.0,113943.0,94660.0,88257.0,53241.5,8284.142857142857,4137.0,27423.0
1970-04-01,4.0,6701.0,135272.0,,55891.71428571428,-1838.7142857142858,1941.75,230290.0,235338.0,58835.0,7766.0,171455.0,222054.0,229820.0,50686.28571428572,-4580.0,95018.0,-30417.0,5044.0,124965.0,94548.0,95407.0,56892.75,8117.285714285715,5517.0,27438.0
1970-07-01,4.0,6355.0,138327.0,,56323.42857142857,-4711.285714285715,195.5,234145.0,237881.0,60240.0,781.0,173904.0,230518.0,231299.0,54059.28571428572,-6248.0,95818.0,-38186.0,3732.0,131159.0,92972.0,102739.0,59274.5,8085.285714285715,6580.0,28312.0
1970-10-01,12.0,6020.0,141511.0,,53755.57142857143,-6701.571428571428,-1449.0,227851.0,230051.0,61096.0,-5795.0,166754.0,230700.0,224904.0,55144.857142857145,-6588.0,86340.0,-45609.0,2189.0,129002.0,83394.0,103948.0,58961.75,7258.428571428572,5147.0,25622.0
1971-01-01,13.0,5694.0,144646.0,472.0,54303.375,-6450.125,-1364.0,247545.0,252032.0,58050.0,-6821.0,189495.0,245543.0,238722.0,50171.625,-3608.0,102899.0,-47363.0,4475.0,141439.0,94076.0,107689.0,51864.8,6080.75,13309.0,31664.0
1971-04-01,13.0,5670.0,147597.0,0.0,55567.0,-8994.5,-2531.8,255655.0,255517.0,58326.0,-12660.0,197329.0,255898.0,243238.0,53286.125,-4668.0,108059.0,-53778.0,-151.0,149419.0,95642.0,114205.0,53635.0,6398.125,12277.0,34212.0
1971-07-01,17.0,5948.0,150361.0,0.0,57432.125,-8512.875,-2385.8,261230.0,261210.0,59172.0,-11929.0,202058.0,260916.0,248987.0,53594.25,-5608.0,110869.0,-53467.0,-37.0,152094.0,98627.0,113742.0,54628.2,6243.75,12224.0,38012.0
1971-10-01,25.0,6527.0,153099.0,0.0,57161.0,-9422.875,-2429.6,256899.0,253815.0,58488.0,-12149.0,198411.0,265700.0,253551.0,53419.0,-4452.0,103800.0,-54114.0,-3109.0,154566.0,100452.0,112064.0,53192.2,6932.5,262.0,40427.0
1972-01-01,24.0,7408.0,155942.0,0.0,60466.0,-6190.625,-572.0,272962.0,267931.0,59994.0,-2859.0,212968.0,265815.0,262956.0,52281.25,-5816.0,117020.0,-45388.0,-5055.0,152401.0,107014.0,107356.0,54158.6,7301.625,4977.0,43453.0
1972-04-01,24.0,7972.0,158952.0,6348.0,64998.0,-7873.125,191.8,287720.0,282966.0,60922.0,958.0,226798.0,264713.0,265671.0,51080.0,-5848.0,128768.0,-42037.0,-4778.0,148757.0,106719.0,102435.0,57671.4,10473.375,17296.0,44197.0
1972-07-01,36.0,8219.0,162705.0,0.0,65672.375,-4151.875,650.2,292303.0,288705.0,59214.0,3250.0,233090.0,276563.0,279814.0,53440.75,-5820.0,129598.0,-40693.0,-3635.0,157801.0,117108.0,108686.0,57090.0,7279.75,8887.0,46716.0
1972-10-01,36.0,8148.0,166434.0,0.0,66097.625,-10422.5,193.0,302348.0,299566.0,62633.0,964.0,239715.0,301126.0,302090.0,61244.625,-8956.0,135914.0,-43638.0,-2818.0,179295.0,135656.0,127638.0,59720.6,13038.125,-2522.0,52464.0
1973-01-01,37.0,7761.0,170490.0,0.0,70679.625,-3311.5,2758.4,320489.0,322694.0,66176.0,13792.0,254313.0,302233.0,316025.0,59635.375,-15828.0,149999.0,-31535.0,2169.0,177070.0,145535.0,121706.0,61780.6,11089.5,6670.0,63431.0
1973-04-01,37.0,7233.0,175393.0,2517.0,73127.75,-3343.625,2269.8,333732.0,339141.0,65537.0,11349.0,268196.0,313416.0,324765.0,63911.0,-21052.0,158339.0,-35018.0,5371.0,184389.0,149372.0,132656.0,66061.6,9995.625,14376.0,65553.0
1973-07-01,41.0,6564.0,181240.0,0.0,72696.875,-1956.25,2977.4,328975.0,341450.0,64641.0,14887.0,264335.0,324079.0,338966.0,65506.875,-18680.0,147735.0,-32933.0,12433.0,190658.0,157725.0,136625.0,65311.8,9641.75,2480.0,66149.0
1973-10-01,37.0,5754.0,187608.0,0.0,75361.125,-672.625,3571.2,347066.0,362423.0,66208.0,17856.0,280858.0,343514.0,361370.0,71402.625,-22716.0,159457.0,-31407.0,15321.0,205168.0,173761.0,152260.0,68913.8,9486.875,1056.0,69869.0
1974-01-01,36.0,4804.0,194309.0,0.0,73275.25,-888.875,3052.0,339320.0,355837.0,70959.0,15260.0,268361.0,340516.0,355776.0,69996.125,-31768.0,145012.0,-35246.0,16481.0,196714.0,161468.0,148705.0,68115.8,9168.0,63.0,74972.0
1974-04-01,36.0,3462.0,202126.0,724.0,75227.625,-1223.25,2718.0,353428.0,356091.0,76037.0,13591.0,277391.0,332811.0,346402.0,66836.25,-36744.0,151302.0,-38808.0,2627.0,183084.0,144276.0,139623.0,68645.2,9274.25,9691.0,76743.0
1974-07-01,36.0,1728.0,211181.0,0.0,71098.125,-316.0,3237.4,349209.0,349518.0,78197.0,16187.0,271013.0,329760.0,345947.0,67369.75,-50016.0,138028.0,-38874.0,273.0,173639.0,134766.0,140248.0,66665.8,9278.25,3570.0,81680.0
1974-10-01,36.0,-399.0,219957.0,0.0,76233.125,-6378.875,-957.0,360809.0,365201.0,79470.0,-4786.0,281339.0,353463.0,348678.0,73176.0,-34356.0,140852.0,-61761.0,4356.0,190481.0,128721.0,156540.0,73997.6,7396.25,16524.0,68696.0
1975-01-01,48.0,-2917.0,228744.0,0.0,75764.875,-14419.0,-6027.2,327346.0,345235.0,83040.0,-30136.0,244306.0,359980.0,329844.0,70400.875,-12352.0,98602.0,-88568.0,17841.0,189668.0,101100.0,148642.0,75074.4,6194.125,15392.0,56295.0
1975-04-01,60.0,-4906.0,235778.0,0.0,79552.25,-35655.5,-16911.2,322447.0,343901.0,79167.0,-84555.0,243281.0,414576.0,330020.0,85979.625,-6980.0,86670.0,-143698.0,21394.0,237940.0,94243.0,188469.0,85691.6,6450.125,13882.0,61358.0
1975-07-01,60.0,-6364.0,242132.0,0.0,86013.75,-19073.625,-8086.0,350717.0,369107.0,85526.0,-40430.0,265192.0,400527.0,360097.0,75714.125,-11728.0,108586.0,-100609.0,18329.0,218574.0,117965.0,158871.0,81906.4,7080.875,9005.0,77795.0
1975-10-01,60.0,-7293.0,247391.0,0.0,91183.5,-19069.125,-8119.4,366116.0,387739.0,89880.0,-40597.0,276236.0,413212.0,372615.0,76908.125,-11116.0,118725.0,-101723.0,21563.0,226947.0,125225.0,160137.0,85667.6,7439.5,15126.0,85219.0
1976-01-01,61.0,-7691.0,251926.0,0.0,97081.375,-15092.625,-5240.2,397540.0,410692.0,92903.0,-26201.0,304638.0,418211.0,392010.0,76466.75,-10744.0,145614.0,-88557.0,13091.0,228640.0,140084.0,156309.0,87379.2,9085.625,18685.0,90766.0
1976-04-01,49.0,-7879.0,256699.0,636.0,99003.375,-13092.375,-3797.8,411275.0,420268.0,88972.0,-18988.0,322303.0,418325.0,399337.0,76643.5,-14900.0,154576.0,-82017.0,8944.0,224655.0,142638.0,154796.0,87978.4,9214.75,20932.0,92639.0
1976-07-01,49.0,-7857.0,262692.0,0.0,100191.625,-14083.875,-4367.8,417020.0,419426.0,88713.0,-21839.0,328307.0,423900.0,402061.0,77159.625,-15216.0,154328.0,-85970.0,2357.0,225339.0,139369.0,155407.0,88252.8,8966.875,17364.0,93004.0
1976-10-01,49.0,-7624.0,269589.0,0.0,101481.125,-15026.875,-3893.0,425644.0,429470.0,87994.0,-19465.0,337650.0,423303.0,403838.0,77137.625,-15592.0,156056.0,-84808.0,3777.0,219057.0,134249.0,151034.0,89787.6,10558.625,25634.0,91239.0
1977-01-01,52.0,-7182.0,277537.0,0.0,106910.5,-10593.625,-1851.2,451722.0,443699.0,91409.0,-9256.0,360313.0,425217.0,415960.0,74711.875,-21448.0,174184.0,-76069.0,-8074.0,214492.0,138423.0,141850.0,90591.8,10196.875,27742.0,101271.0
1977-04-01,60.0,-6937.0,285660.0,1332.0,114847.75,-7922.75,-12.8,483920.0,475077.0,94217.0,-65.0,389703.0,454442.0,454377.0,79851.0,-15324.0,198260.0,-68249.0,-8903.0,236967.0,168718.0,150380.0,95295.0,11152.5,20701.0,108847.0
1977-07-01,72.0,-6890.0,293756.0,0.0,122751.625,-10511.625,-577.8,507762.0,499904.0,93628.0,-2889.0,414134.0,482186.0,479298.0,84348.25,-9452.0,214006.0,-72145.0,-7930.0,257687.0,185542.0,160425.0,100558.2,12474.875,20605.0,113603.0
1977-10-01,72.0,-7040.0,302364.0,0.0,120663.0,-11271.125,-939.6,515695.0,496762.0,93396.0,-4699.0,422299.0,492726.0,488027.0,89014.125,-16568.0,213331.0,-75267.0,-19005.0,260930.0,185663.0,171127.0,100292.2,12362.75,8736.0,113411.0
1978-01-01,84.0,-7389.0,311598.0,0.0,122268.625,-12355.5,-1131.6,528302.0,503294.0,93503.0,-5658.0,434799.0,506152.0,500494.0,92316.125,-20804.0,216704.0,-77890.0,-25092.0,266786.0,188896.0,177613.0,101788.4,12892.625,2789.0,117367.0
1978-04-01,84.0,-7826.0,321999.0,0.0,135104.5,-4277.5,4366.4,575535.0,562680.0,104951.0,21832.0,470584.0,518793.0,540625.0,90085.375,-23200.0,253536.0,-52675.0,-12939.0,271300.0,218626.0,167649.0,108167.8,16269.875,22047.0,134678.0
1978-07-01,84.0,-8350.0,331980.0,0.0,141246.875,-1473.375,4354.6,602049.0,590663.0,109681.0,21773.0,492368.0,539703.0,561476.0,94315.125,-23312.0,270070.0,-54029.0,-11470.0,283526.0,229497.0,176505.0,113779.8,13873.625,29196.0,138683.0
1978-10-01,96.0,-8962.0,343202.0,0.0,148863.875,2085.375,6725.2,629887.0,628626.0,114132.0,33626.0,515755.0,555739.0,589365.0,95738.375,-27520.0,286685.0,-44157.0,-1357.0,290319.0,246162.0,178495.0,119000.8,15068.0,39265.0,148307.0
1979-01-01,96.0,-9662.0,354779.0,0.0,147790.5,3498.125,6879.4,635536.0,633725.0,109727.0,34398.0,525809.0,574545.0,608942.0,102085.0,-35068.0,280757.0,-45163.0,-1907.0,299326.0,254164.0,194836.0,119864.6,13171.875,24778.0,149220.0
1979-04-01,108.0,-10887.0,367225.0,1700.0,153641.0,5001.875,7552.6,656219.0,653521.0,116926.0,37763.0,539293.0,574745.0,612508.0,98971.875,-39984.0,288994.0,-44119.0,-2806.0,289402.0,245283.0,184929.0,123492.8,13539.625,41020.0,155344.0
1979-07-01,108.0,-12636.0,380308.0,2708.0,157397.625,3755.25,7140.6,671001.0,673435.0,125380.0,35703.0,545621.0,579296.0,614999.0,98709.125,-44120.0,290693.0,-48812.0,2325.0,283502.0,234690.0,182102.0,128086.8,14741.5,58431.0,158157.0
1979-10-01,120.0,-14911.0,393209.0,0.0,157279.5,2159.75,6080.6,676229.0,673641.0,128353.0,30403.0,547875.0,587476.0,617879.0,100157.375,-41380.0,283020.0,-56236.0,-2708.0,280907.0,224671.0,185431.0,128647.4,14455.375,55761.0,151766.0
1980-01-01,120.0,-17710.0,406750.0,995.0,155930.375,-1810.75,3876.6,690274.0,679608.0,135711.0,19383.0,554562.0,592430.0,611813.0,104440.625,-53456.0,283524.0,-69696.0,-10786.0,274759.0,205063.0,197028.0,132243.2,14908.5,67792.0,148897.0
1980-04-01,128.0,-18572.0,420968.0,1190.0,149757.0,-11472.5,-2065.8,653987.0,663830.0,134693.0,-10329.0,519294.0,618495.0,608166.0,113067.875,-34028.0,233018.0,-102264.0,9716.0,289462.0,187198.0,224950.0,135070.4,12943.75,55666.0,117112.0
1980-07-01,132.0,-17496.0,435363.0,0.0,146137.625,-14986.75,-3335.6,629442.0,657599.0,134371.0,-16678.0,495071.0,641535.0,624857.0,117831.875,-42296.0,194079.0,-111385.0,28025.0,300879.0,189495.0,234792.0,134853.4,13690.375,32733.0,125879.0
1980-10-01,132.0,-14482.0,450637.0,0.0,157391.25,-9353.0,542.8,690489.0,697197.0,139017.0,2715.0,551472.0,673595.0,676310.0,122685.0,-38752.0,239852.0,-95382.0,6576.0,321054.0,225673.0,242814.0,138897.8,15486.0,20894.0,131474.0
1981-01-01,128.0,-9530.0,465542.0,0.0,176227.0,-2284.875,4411.2,765783.0,767450.0,146401.0,22056.0,619381.0,686081.0,708137.0,120303.625,-37428.0,300240.0,-78799.0,1539.0,321394.0,242595.0,235639.0,149077.4,16249.375,59306.0,132713.0
1981-04-01,120.0,-5539.0,480431.0,0.0,175480.25,-2920.75,3205.8,755108.0,755280.0,145265.0,16030.0,609843.0,703824.0,719853.0,122055.5,-24308.0,274676.0,-87959.0,52.0,327381.0,239422.0,239765.0,147848.0,14091.25,35416.0,117463.0
1981-07-01,120.0,-2510.0,494517.0,0.0,187257.75,-5243.75,1885.4,798004.0,805076.0,145707.0,9426.0,652297.0,766892.0,776319.0,136982.875,-18164.0,303486.0,-97283.0,6952.0,379085.0,281801.0,280546.0,159130.6,13653.25,28761.0,119212.0
1981-10-01,120.0,-441.0,508426.0,0.0,187830.75,-13925.75,-3854.4,795380.0,799974.0,151985.0,-19271.0,643395.0,791916.0,772645.0,143131.5,-18604.0,286955.0,-128914.0,4474.0,393133.0,264219.0,298258.0,163850.6,11991.625,27335.0,113921.0
1982-01-01,120.0,667.0,521926.0,0.0,175429.375,-22519.625,-8814.2,738553.0,739203.0,150234.0,-44070.0,588318.0,781102.0,737031.0,140124.5,-12900.0,216626.0,-156629.0,531.0,371734.0,215105.0,290071.0,156655.0,10702.875,2174.0,93896.0
1982-04-01,116.0,2857.0,533877.0,0.0,183107.875,-23743.25,-9777.6,750007.0,767446.0,156387.0,-48888.0,593621.0,811086.0,762198.0,143656.0,-4744.0,216130.0,-164754.0,17323.0,393075.0,228321.0,298902.0,163266.0,10475.5,5244.0,96060.0
1982-07-01,108.0,6130.0,542749.0,0.0,182817.125,-36871.875,-17001.6,750355.0,736319.0,157401.0,-85008.0,592954.0,815840.0,730832.0,144838.75,-6396.0,207607.0,-203043.0,-14144.0,391126.0,188083.0,301016.0,164265.6,9914.75,5489.0,90376.0
1982-10-01,108.0,10485.0,549301.0,3485.0,178127.625,-47540.375,-23240.4,712994.0,695741.0,163752.0,-116203.0,549242.0,790253.0,674050.0,136334.75,-5980.0,163693.0,-236027.0,-17361.0,360777.0,124750.0,274808.0,163085.6,9455.25,21690.0,81464.0
1983-01-01,108.0,15923.0,552307.0,0.0,184263.375,-46704.0,-23680.4,730233.0,722338.0,164714.0,-118402.0,565520.0,810153.0,691751.0,140020.125,2248.0,177926.0,-238412.0,-8003.0,377856.0,139444.0,279101.0,168147.8,7891.125,30587.0,80584.0
1983-04-01,104.0,21059.0,559081.0,0.0,197048.875,-43600.625,-20073.0,780835.0,753199.0,167052.0,-100365.0,613783.0,801361.0,700996.0,132207.75,-7064.0,221754.0,-223425.0,-27740.0,365340.0,141915.0,253221.0,170713.8,11462.75,52209.0,98124.0
1983-07-01,96.0,25893.0,566169.0,4344.0,206407.25,-48732.5,-21596.6,826760.0,778850.0,174491.0,-107982.0,652269.0,811244.0,703261.0,134253.75,-15152.0,260591.0,-233503.0,-48005.0,370596.0,137092.0,252838.0,178235.8,14360.125,75591.0,107017.0
1983-10-01,96.0,30425.0,572932.0,0.0,218848.375,-39436.5,-16072.0,896895.0,840125.0,178399.0,-80360.0,718496.0,851462.0,771102.0,143116.75,-9812.0,323963.0,-207115.0,-56866.0,405284.0,198170.0,273544.0,184095.4,15756.75,69016.0,111127.0
1984-01-01,88.0,34656.0,582246.0,0.0,230770.75,-32980.375,-10822.6,974981.0,896446.0,184109.0,-54113.0,790872.0,908637.0,854524.0,157490.5,-6592.0,392735.0,-183749.0,-78624.0,456027.0,272278.0,309103.0,190111.2,19497.0,41918.0,118860.0
1984-04-01,92.0,39934.0,591493.0,0.0,236409.375,-35484.75,-11269.2,1008365.0,920439.0,189470.0,-56346.0,818894.0,930026.0,873680.0,163113.25,-9808.0,416872.0,-188293.0,-88018.0,470480.0,282187.0,321697.0,195355.8,21545.375,46754.0,118657.0
1984-07-01,100.0,46259.0,603176.0,0.0,242980.125,-37704.875,-13287.6,1032606.0,942169.0,193754.0,-66438.0,838852.0,964751.0,898314.0,170767.0,288.0,429431.0,-202629.0,-90538.0,497766.0,295138.0,341337.0,201721.2,19986.125,43855.0,109883.0
1984-10-01,112.0,53631.0,616669.0,0.0,244695.375,-40225.25,-14075.0,1037137.0,933717.0,205396.0,-70375.0,831741.0,970950.0,900575.0,168157.375,196.0,420468.0,-212116.0,-103532.0,496022.0,283906.0,333108.0,200821.6,21791.375,33158.0,109087.0
1985-01-01,136.0,62051.0,623649.0,0.0,242481.375,-24870.375,-6034.6,1018140.0,928730.0,208275.0,-30174.0,809865.0,919739.0,889565.0,148125.375,552.0,394491.0,-170449.0,-89547.0,436364.0,265916.0,278753.0,191777.2,22055.375,39147.0,95008.0
1985-04-01,148.0,66526.0,634561.0,0.0,248207.0,-42627.875,-15910.6,1045435.0,934074.0,218395.0,-79554.0,827040.0,967092.0,887538.0,162154.0,344.0,410873.0,-222147.0,-111509.0,475124.0,252977.0,314783.0,202726.2,22270.375,46539.0,93472.0
1985-07-01,152.0,67055.0,645165.0,3420.0,254475.25,-33768.25,-11892.2,1048412.0,927136.0,226256.0,-59461.0,822157.0,925646.0,866185.0,140870.875,7168.0,403247.0,-203919.0,-121428.0,424938.0,221020.0,254998.0,198006.2,21694.875,60964.0,95717.0
1985-10-01,136.0,63640.0,657178.0,3404.0,254150.875,-34364.75,-12501.0,1086124.0,950958.0,226580.0,-62504.0,859545.0,943814.0,881310.0,152654.5,-7980.0,428947.0,-210087.0,-135303.0,434219.0,224132.0,283224.0,203373.0,20800.375,69648.0,95335.0
1986-01-01,120.0,56280.0,668189.0,0.0,247150.75,-35329.0,-11032.2,1092454.0,964128.0,228996.0,-55162.0,863457.0,950980.0,895819.0,161108.125,19736.0,424265.0,-204723.0,-128446.0,432353.0,227630.0,302260.0,203856.0,24572.75,68300.0,54077.0
1986-04-01,108.0,51272.0,679916.0,0.0,241160.25,-42474.875,-16054.4,1089680.0,947820.0,234443.0,-80272.0,855237.0,951530.0,871258.0,166211.25,13924.0,409764.0,-232770.0,-141969.0,424112.0,191342.0,310378.0,205618.6,22615.875,76563.0,48538.0
1986-07-01,108.0,48615.0,690953.0,0.0,237604.5,-42599.25,-15956.4,1081507.0,931286.0,245674.0,-79783.0,835832.0,918643.0,838860.0,155923.5,5436.0,390554.0,-234769.0,-150328.0,382675.0,147907.0,279490.0,202215.0,24016.75,92432.0,49135.0
1986-10-01,108.0,48309.0,702121.0,0.0,235108.125,-28975.0,-9909.0,1085297.0,935001.0,243234.0,-49544.0,842063.0,902459.0,852915.0,150799.75,-10852.0,383176.0,-207390.0,-150404.0,358184.0,150794.0,262722.0,196911.2,21069.625,82097.0,58005.0
1987-01-01,128.0,50354.0,712600.0,0.0,244247.25,-28719.125,-11141.2,1118849.0,967910.0,247654.0,-55705.0,871196.0,953930.0,898225.0,162044.375,-13876.0,406249.0,-215965.0,-151068.0,401590.0,185625.0,290040.0,204723.6,18754.0,69687.0,75071.0
1987-04-01,136.0,51603.0,723770.0,0.0,252258.25,-7613.875,2412.2,1128044.0,973660.0,253456.0,12062.0,874588.0,914833.0,926895.0,135829.625,-19172.0,404274.0,-150555.0,-154520.0,353681.0,203125.0,216931.0,192320.2,23491.75,46767.0,104318.0
1987-07-01,144.0,52055.0,736076.0,0.0,256199.375,-11220.25,-1126.0,1134812.0,980761.0,258346.0,-5630.0,876466.0,966994.0,961363.0,147067.5,-15724.0,398736.0,-170993.0,-154195.0,396280.0,225288.0,244481.0,197279.6,20731.875,19404.0,115468.0
1987-10-01,144.0,51711.0,749086.0,0.0,269265.0,-14722.75,-2964.8,1205551.0,1048544.0,259093.0,-14824.0,946459.0,1024804.0,1009979.0,165536.25,-16184.0,456466.0,-182888.0,-157152.0,443782.0,260894.0,290912.0,212673.2,20542.25,38562.0,117343.0
1988-01-01,136.0,50270.0,763802.0,0.0,261830.625,-15143.625,-1621.2,1162094.0,1035227.0,253525.0,-8105.0,908569.0,1038149.0,1030044.0,167709.0,-18304.0,398292.0,-180045.0,-127003.0,446287.0,266242.0,295581.0,208662.6,22302.25,5163.0,118740.0
1988-04-01,132.0,48894.0,777680.0,0.0,267249.25,-11579.75,254.4,1192719.0,1082761.0,258194.0,1272.0,934525.0,1067883.0,1069155.0,176395.375,-25480.0,415039.0,-173789.0,-110089.0,465264.0,291475.0,316197.0,216297.0,22448.25,13603.0,125652.0
1988-07-01,136.0,47585.0,791371.0,0.0,263769.875,-9060.625,3458.8,1200108.0,1093651.0,258099.0,17294.0,942009.0,1079072.0,1096367.0,181633.875,-26148.0,408736.0,-160785.0,-106593.0,465780.0,304995.0,328473.0,215273.6,25548.5,-2704.0,115870.0
1988-10-01,132.0,46343.0,805134.0,0.0,272040.75,-11243.0,2170.4,1226534.0,1106919.0,263786.0,10851.0,962748.0,1100853.0,1111704.0,182541.875,-18764.0,421400.0,-170401.0,-119747.0,476971.0,306569.0,328187.0,219217.8,25628.875,-4765.0,121205.0
1989-01-01,132.0,45166.0,818428.0,0.0,271691.625,-2860.75,7043.0,1269293.0,1162601.0,263806.0,35214.0,1005487.0,1110016.0,1145230.0,193120.625,-33740.0,450865.0,-148827.0,-106824.0,475629.0,326802.0,354567.0,225473.0,26036.625,17349.0,109636.0
1989-04-01,144.0,43125.0,831683.0,0.0,279897.125,-10442.875,2515.8,1268283.0,1174708.0,267236.0,12579.0,1001047.0,1092191.0,1104770.0,182960.875,-18892.0,436600.0,-174422.0,-93719.0,447509.0,273087.0,327405.0,232423.4,25189.5,69927.0,95870.0
1989-07-01,143.0,40221.0,844888.0,16928.0,284954.625,-10764.5,1084.0,1271504.0,1189849.0,275043.0,5419.0,996460.0,1095288.0,1100707.0,181751.25,-432.0,426616.0,-184703.0,-81798.0,440522.0,255819.0,320011.0,240275.2,23411.875,89160.0,80722.0
1989-10-01,972.0,36452.0,858033.0,18904.0,279773.0,-12497.25,-1878.2,1271457.0,1183975.0,275648.0,-13474.0,995809.0,1102587.0,1089114.0,188805.125,-12328.0,413424.0,-206867.0,-88454.0,437948.0,231081.0,339675.0,242456.8,18236.875,94876.0,74148.0
1990-01-01,832.0,31819.0,870021.0,0.0,286809.875,-22215.875,-5567.2,1297681.0,1207642.0,286843.0,-27836.0,1010838.0,1130600.0,1102764.0,192340.875,-3572.0,427660.0,-223555.0,-90871.0,456298.0,232743.0,348433.0,247093.6,23167.625,104868.0,79617.0
1990-04-01,152.0,27866.0,882230.0,0.0,293842.125,-25097.0,-8391.2,1303036.0,1230175.0,288316.0,-41956.0,1014720.0,1176992.0,1135036.0,200785.375,2020.0,420806.0,-240381.0,-73013.0,493187.0,252806.0,372279.0,254424.0,20599.75,95129.0,91022.0
1990-07-01,156.0,24592.0,895014.0,0.0,283815.875,-21208.0,-7233.6,1292359.0,1209985.0,291574.0,-36167.0,1000785.0,1142032.0,1105865.0,195916.375,-30196.0,397345.0,-238033.0,-82530.0,448884.0,210851.0,361095.0,249231.8,18858.875,104127.0,93392.0
1990-10-01,28352.0,21998.0,906865.0,0.0,281266.25,-23793.625,-10337.2,1242198.0,1187888.0,294746.0,-51686.0,947453.0,1162289.0,1110603.0,194894.25,-19820.0,335333.0,-256219.0,-82662.0,459957.0,203737.0,360718.0,247917.6,15687.75,77299.0,97060.0
1991-01-01,4440.0,20083.0,918971.0,0.0,292191.125,-15601.75,-6644.6,1215686.0,1262265.0,291117.0,-33223.0,924569.0,1233378.0,1200155.0,204740.5,11436.0,296715.0,-240839.0,42139.0,522023.0,281184.0,388742.0,259097.0,13580.875,62107.0,101761.0
1991-04-01,568.0,18622.0,928946.0,0.0,295559.25,-36853.75,-19037.4,1222551.0,1237323.0,296010.0,-95187.0,926541.0,1240137.0,1144950.0,206980.75,8600.0,293606.0,-305127.0,14204.0,521132.0,216004.0,391179.0,266501.4,11917.25,92371.0,102731.0
1991-07-01,16012.0,17614.0,937781.0,0.0,298387.375,-47450.75,-23825.8,1243515.0,1230486.0,296039.0,-119129.0,947476.0,1241870.0,1122741.0,208557.375,1376.0,305735.0,-331629.0,-29041.0,516589.0,184960.0,391586.0,269924.6,13219.75,107752.0,106013.0
1991-10-01,176.0,17061.0,943873.0,6076.0,303604.75,-54208.375,-28580.0,1271997.0,1255205.0,293209.0,-142900.0,978788.0,1289488.0,1146589.0,225366.0,-1704.0,328124.0,-356590.0,-16968.0,559306.0,202715.0,432346.0,280837.0,10560.625,108621.0,111602.0
1992-01-01,224.0,16962.0,948169.0,0.0,302985.875,-67322.625,-35295.6,1256327.0,1234539.0,299510.0,-176477.0,956817.0,1332624.0,1156147.0,234437.0,2216.0,308158.0,-390937.0,-22013.0,598914.0,207978.0,453285.0,282205.4,11775.0,78403.0,126451.0
1992-04-01,420.0,17110.0,955181.0,0.0,311506.0,-68067.0,-36312.6,1310208.0,1270818.0,297124.0,-181563.0,1013084.0,1356959.0,1175397.0,243568.625,-10596.0,355027.0,-397953.0,-39810.0,618169.0,220216.0,472911.0,290477.2,10072.875,95427.0,138744.0
1992-07-01,-5944.0,17505.0,963352.0,71770.0,319788.875,-73599.0,-40478.0,1318297.0,1265597.0,294135.0,-202390.0,1024162.0,1328346.0,1125956.0,239609.125,-3352.0,354945.0,-420317.0,-46756.0,582922.0,162604.0,447506.0,307951.4,7228.75,139640.0,121262.0
1992-10-01,192.0,18148.0,974276.0,0.0,324934.625,-71301.75,-38484.0,1351662.0,1283241.0,293700.0,-192420.0,1057962.0,1327072.0,1134653.0,229333.0,448.0,377386.0,-413085.0,-68612.0,573461.0,160376.0,428287.0,295129.4,8273.625,148575.0,126578.0
1993-01-01,2640.0,19038.0,986166.0,8412.0,330730.125,-70986.0,-39364.4,1372317.0,1314997.0,288487.0,-196822.0,1083829.0,1328363.0,1131541.0,231449.0,-6088.0,386151.0,-419637.0,-59959.0,565012.0,145375.0,430371.0,304045.6,5387.0,183454.0,121691.0
1993-04-01,212.0,20836.0,997536.0,0.0,332307.25,-60257.5,-32081.6,1387672.0,1313178.0,293193.0,-160408.0,1094479.0,1328917.0,1168508.0,224281.75,-6324.0,390136.0,-384753.0,-74707.0,555726.0,170972.0,409397.0,294718.4,8710.375,144675.0,131817.0
1993-07-01,448.0,23542.0,1008696.0,8143.0,342106.75,-64351.75,-33663.4,1386526.0,1309112.0,290674.0,-168318.0,1095852.0,1312466.0,1144148.0,210796.5,404.0,377830.0,-393883.0,-77861.0,529335.0,135453.0,367083.0,297114.6,9371.0,164964.0,138306.0
1993-10-01,200.0,27156.0,1021600.0,0.0,347844.875,-52341.75,-23579.8,1448318.0,1340068.0,295176.0,-117899.0,1153142.0,1329359.0,1211460.0,211737.5,-4076.0,426718.0,-346328.0,-108450.0,536189.0,189860.0,363501.0,291593.6,16472.75,128608.0,149608.0
1994-01-01,172.0,31678.0,1033285.0,81662.0,372161.125,-45960.0,-19488.0,1485366.0,1392400.0,283691.0,-105636.0,1201675.0,1338609.0,1232973.0,208724.125,-8256.0,452081.0,-335610.0,-93138.0,535298.0,199688.0,344590.0,314300.0,14085.625,159425.0,167286.0
1994-04-01,3612.0,35018.0,1046970.0,0.0,375070.0,-33973.375,-14603.4,1555241.0,1446040.0,290292.0,-73016.0,1264948.0,1370342.0,1297326.0,213635.25,-10176.0,508271.0,-304942.0,-112812.0,555298.0,250356.0,358400.0,303811.0,13888.125,148713.0,172056.0
1994-07-01,1068.0,37176.0,1062270.0,0.0,377670.875,-39997.5,-16061.4,1553814.0,1432115.0,302064.0,-80307.0,1251749.0,1387187.0,1306880.0,211100.375,-15676.0,491543.0,-314204.0,-122767.0,558814.0,244609.0,351081.0,302483.6,18403.25,125232.0,186233.0
1994-10-01,228.0,38153.0,1079907.0,0.0,391199.0,-40494.0,-17614.6,1608210.0,1469682.0,300644.0,-88073.0,1307566.0,1434131.0,1346058.0,220087.25,-15636.0,528303.0,-324685.0,-138757.0,590836.0,266151.0,374720.0,311551.6,15470.875,123628.0,193599.0
1995-01-01,236.0,37947.0,1099150.0,0.0,395584.0,-38368.25,-16481.0,1634554.0,1515331.0,306968.0,-82406.0,1327586.0,1477382.0,1394976.0,231949.625,-32536.0,535404.0,-321744.0,-119460.0,617570.0,295825.0,406929.0,319546.0,15920.0,120348.0,205230.0
1995-04-01,-268.0,38379.0,1115753.0,0.0,402875.5,-34134.625,-17064.6,1614383.0,1495000.0,310395.0,-85323.0,1303988.0,1480284.0,1394961.0,218386.25,-28208.0,498630.0,-326291.0,-119115.0,605500.0,279209.0,372330.0,316064.2,10816.875,100037.0,222998.0
1995-07-01,1976.0,39449.0,1130762.0,0.0,408195.25,-35787.25,-15239.0,1610366.0,1510578.0,307118.0,-76194.0,1303248.0,1514121.0,1437927.0,220559.875,-9832.0,479604.0,-318741.0,-101764.0,625907.0,307165.0,373393.0,317353.2,15285.625,72644.0,222897.0
1995-10-01,-268.0,41156.0,1143859.0,9700.0,416868.0,-27491.375,-8250.0,1641405.0,1556352.0,306270.0,-41250.0,1335135.0,1522013.0,1480762.0,218928.375,-2560.0,497547.0,-285008.0,-84785.0,621912.0,336904.0,363505.0,321462.4,19836.875,75600.0,219810.0
1996-01-01,216.0,43501.0,1155575.0,0.0,422692.0,-26325.625,-7332.0,1672168.0,1569241.0,316816.0,-36659.0,1355353.0,1557680.0,1521021.0,223077.75,2136.0,516593.0,-281790.0,-103143.0,647235.0,365445.0,371232.0,321177.8,21539.125,48209.0,230367.0
1996-04-01,204.0,46112.0,1167560.0,0.0,429128.0,-10170.125,1395.6,1736141.0,1626798.0,317753.0,6978.0,1418388.0,1554216.0,1561194.0,223946.0,-1652.0,568581.0,-238534.0,-109547.0,632168.0,393634.0,366585.0,323964.2,21817.0,65605.0,221122.0
1996-07-01,204.0,48992.0,1181881.0,0.0,436314.125,-6882.0,4802.8,1795370.0,1661842.0,321020.0,24014.0,1474350.0,1573197.0,1597212.0,229144.875,4692.0,613489.0,-222952.0,-133732.0,638283.0,415331.0,377336.0,327568.2,25144.125,64643.0,207264.0
1996-10-01,212.0,52139.0,1196210.0,0.0,441890.375,2870.125,11198.4,1804375.0,1690079.0,324248.0,55993.0,1480128.0,1584445.0,1640438.0,224869.375,7108.0,608166.0,-191176.0,-114509.0,635404.0,444228.0,364602.0,326820.4,27762.25,49658.0,211554.0
1997-01-01,284.0,55554.0,1213302.0,0.0,452961.875,10402.75,15838.6,1841719.0,1709761.0,319315.0,79193.0,1522404.0,1617854.0,1697047.0,225068.375,18516.0,628418.0,-169679.0,-132242.0,653424.0,483745.0,361954.0,326111.6,28100.125,12705.0,217400.0
1997-04-01,576.0,58197.0,1231224.0,0.0,471899.625,17468.875,20183.8,1914190.0,1812302.0,323973.0,100918.0,1590218.0,1667383.0,1768301.0,235156.5,15696.0,682966.0,-150392.0,-102464.0,687469.0,537077.0,384605.0,342276.2,29458.25,43998.0,228970.0
1997-07-01,680.0,60070.0,1247806.0,0.0,480589.125,31299.375,29184.8,1956715.0,1833940.0,331464.0,145923.0,1625251.0,1674132.0,1820056.0,227665.625,15108.0,708909.0,-106386.0,-123455.0,678636.0,572250.0,359471.0,337604.2,33316.25,13888.0,243987.0
1997-10-01,364.0,61171.0,1264973.0,0.0,475012.125,29049.125,28530.8,1976198.0,1812439.0,331669.0,142654.0,1644529.0,1699375.0,1842028.0,237724.25,7040.0,711225.0,-111144.0,-164123.0,688200.0,577056.0,381029.0,333957.6,34179.875,-29587.0,238960.0
1998-01-01,216.0,61502.0,1281346.0,0.0,455906.5,47411.625,39729.4,2043561.0,1878700.0,331238.0,198647.0,1712324.0,1707949.0,1906595.0,266759.125,14420.0,762216.0,-55749.0,-165077.0,680999.0,625249.0,451659.0,336010.6,36686.0,-27895.0,153418.0
1998-04-01,196.0,62885.0,1300034.0,0.0,447812.75,53328.375,42319.4,2036840.0,1840761.0,341067.0,211597.0,1695773.0,1705958.0,1917555.0,263875.375,15368.0,736806.0,-45091.0,-196274.0,662612.0,617521.0,435520.0,325832.8,36567.625,-76795.0,148839.0
1998-07-01,272.0,65322.0,1318769.0,0.0,454892.125,65404.375,49236.6,2095803.0,1871177.0,354180.0,246183.0,1741623.0,1714713.0,1960896.0,262068.0,19092.0,777034.0,-12222.0,-224897.0,654350.0,642127.0,423314.0,324999.2,38886.125,-89718.0,146621.0
1998-10-01,236.0,68811.0,1338797.0,0.0,466616.625,65200.625,51313.6,2146484.0,1910704.0,349520.0,256568.0,1796964.0,1685314.0,1941882.0,251350.125,14092.0,807687.0,-4228.0,-236016.0,607313.0,603085.0,387857.0,330829.0,42103.125,-31168.0,136552.0
1999-01-01,1365.0,73353.0,1358687.0,0.0,493696.0,75934.25,54893.0,2210132.0,1975894.0,357069.0,274466.0,1853063.0,1775788.0,2050254.0,257530.0,24188.0,851445.0,12038.0,-235602.0,679529.0,691567.0,400568.0,340285.4,38820.5,-74360.0,181420.0
1999-04-01,1700.0,75029.0,1383208.0,0.0,500327.25,84157.375,57721.0,2210853.0,1948636.0,362512.0,288604.0,1848341.0,1701679.0,1990284.0,223896.5,3776.0,827646.0,23340.0,-263917.0,583736.0,607076.0,304702.0,332006.2,36225.25,-41648.0,200229.0
1999-07-01,1639.0,73838.0,1410656.0,13998.0,506391.375,85916.625,59781.6,2263777.0,1970402.0,370042.0,298908.0,1893735.0,1680739.0,1979646.0,218315.125,-14504.0,853122.0,31305.0,-295014.0,537686.0,568991.0,282767.0,337098.2,38978.875,-9245.0,195585.0
1999-10-01,22171.0,69780.0,1443195.0,0.0,515373.125,93259.25,64559.4,2337387.0,2020717.0,384290.0,322796.0,1953097.0,1689930.0,2012726.0,217038.125,-29276.0,894192.0,51189.0,-338840.0,518342.0,569531.0,275235.0,339584.2,41874.75,7991.0,202602.0
2000-01-01,2392.0,62856.0,1478970.0,0.0,483574.5,125919.5,84638.0,2339805.0,1969287.0,389155.0,423189.0,1950650.0,1699983.0,2123173.0,228071.5,-25240.0,860836.0,147768.0,-372911.0,496435.0,644203.0,296727.0,309220.0,46993.25,-153884.0,162092.0
2000-04-01,1798.0,57663.0,1506133.0,0.0,510723.25,115694.75,79597.6,2461603.0,2082105.0,385817.0,397988.0,2075786.0,1723755.0,2121742.0,236763.5,-21048.0,955470.0,119374.0,-381297.0,496236.0,615610.0,315106.0,336823.8,46951.25,-39636.0,144515.0
2000-07-01,3640.0,54200.0,1524963.0,0.0,500998.125,119597.125,78707.6,2446174.0,2029386.0,386205.0,393537.0,2059969.0,1760037.0,2153574.0,245551.125,-9084.0,921211.0,112073.0,-420428.0,516538.0,628611.0,336306.0,327170.0,41072.0,-124186.0,135115.0
2000-10-01,10402.0,52469.0,1534844.0,0.0,501937.25,120130.5,75396.6,2461450.0,2040779.0,394222.0,376982.0,2067227.0,1729137.0,2106119.0,240289.25,-11864.0,926606.0,93627.0,-431073.0,477647.0,571275.0,319143.0,332759.6,35096.25,-65337.0,117899.0
2001-01-01,587.0,48914.0,1566444.0,0.0,486325.625,109107.0,66604.4,2372210.0,1948549.0,400877.0,333022.0,1971333.0,1824719.0,2157741.0,258059.375,-18352.0,805766.0,47799.0,-424248.0,543498.0,591297.0,358495.0,323106.0,30233.0,-209190.0,154441.0
2001-04-01,729.0,44685.0,1594020.0,13855.0,514209.25,97043.875,54844.4,2391951.0,2012869.0,418918.0,274222.0,1973033.0,1871755.0,2145977.0,256035.125,-1084.0,797931.0,-12705.0,-379812.0,564662.0,551957.0,341631.0,350500.8,22288.375,-133106.0,179430.0
2001-07-01,-51168.0,61486.0,1611579.0,62947.0,515073.75,12979.25,7140.6,2348391.0,1936256.0,403481.0,28744.0,1944909.0,2028167.0,2056911.0,315164.75,16780.0,736811.0,-259998.0,-360966.0,705330.0,445332.0,494442.0,392700.4,13011.75,-120653.0,132621.0
2001-10-01,2207.0,91425.0,1625991.0,0.0,523008.125,49798.25,19245.6,2274347.0,1923563.0,424256.0,96227.0,1850091.0,1831288.0,1927515.0,227533.125,34832.0,648356.0,-194088.0,-352990.0,495611.0,301524.0,258046.0,365467.4,3029.5,-3950.0,111308.0
2002-01-01,8976.0,118818.0,1637530.0,0.0,550402.25,-21615.5,-19923.0,2347377.0,1942934.0,434718.0,-99615.0,1912659.0,2085823.0,1986208.0,297333.875,45436.0,709847.0,-392181.0,-413419.0,740859.0,348678.0,436958.0,408510.0,2029.0,-43273.0,139647.0
2002-04-01,1749.0,119186.0,1649251.0,0.0,553269.25,-34274.0,-30612.8,2371731.0,1915317.0,438449.0,-153063.0,1933282.0,2148258.0,1995194.0,314708.5,14104.0,722481.0,-447957.0,-458163.0,793901.0,345944.0,474767.0,413676.2,-5180.25,-79877.0,185844.0
2002-07-01,1826.0,113954.0,1664403.0,0.0,565188.375,-39409.5,-33006.6,2380263.0,1918566.0,447067.0,-165033.0,1933197.0,2151302.0,1986269.0,303858.125,-11276.0,715860.0,-462408.0,-463523.0,784274.0,321866.0,441534.0,416719.8,-3766.75,-67702.0,240062.0
2002-10-01,4183.0,106541.0,1680740.0,0.0,580181.875,-48529.0,-40668.4,2397002.0,1897791.0,454471.0,-203342.0,1942531.0,2236973.0,2033631.0,311902.625,-12800.0,716261.0,-503149.0,-503394.0,856039.0,352891.0,453135.0,420226.6,-8391.25,-135840.0,309163.0
2003-01-01,7920.0,89125.0,1695027.0,0.0,575006.125,-57761.625,-48244.8,2417332.0,1870944.0,457111.0,-241224.0,1960221.0,2183834.0,1942610.0,305963.875,-21312.0,722304.0,-543955.0,-554308.0,791537.0,247582.0,425661.0,422433.4,-13399.75,-71666.0,298064.0
2003-04-01,11924.0,107884.0,1708794.0,0.0,595783.75,-78131.125,-55742.8,2430676.0,1904638.0,458290.0,-278715.0,1972386.0,2247609.0,1968895.0,310157.875,-2916.0,721882.0,-584087.0,-537962.0,844187.0,260100.0,430175.0,436670.4,-7272.0,-64257.0,309044.0
2003-07-01,9937.0,106076.0,1725713.0,0.0,615325.75,-108208.25,-65760.8,2513375.0,1986724.0,469071.0,-328804.0,2044304.0,2314259.0,1985455.0,331069.75,-11144.0,787663.0,-637330.0,-536588.0,897072.0,259742.0,469914.0,463105.6,4974.625,1270.0,332226.0
2003-10-01,5433.0,100734.0,1746857.0,0.0,629068.25,-82137.875,-48073.0,2603725.0,2092262.0,472414.0,-240365.0,2131311.0,2294749.0,2054384.0,323242.125,-22512.0,856869.0,-552267.0,-516896.0,859795.0,307528.0,433820.0,466525.2,12065.25,37878.0,347754.0
2004-01-01,11798.0,86374.0,1773987.0,0.0,650728.375,-91395.625,-54333.6,2628373.0,2079433.0,474321.0,-271669.0,2154052.0,2343661.0,2071992.0,316069.125,-23968.0,854386.0,-587558.0,-560737.0,885563.0,298005.0,402134.0,470221.0,9323.75,7444.0,421023.0
2004-04-01,4710.0,77815.0,1803609.0,0.0,652273.875,-78217.875,-47988.4,2745878.0,2121371.0,483271.0,-239942.0,2262607.0,2396991.0,2157049.0,339660.0,-45340.0,942270.0,-561119.0,-629218.0,914559.0,353440.0,447439.0,472262.6,8501.375,-35677.0,434646.0
2004-07-01,-6915.0,69765.0,1835146.0,117796.0,679806.625,-65434.0,-38019.6,2808366.0,2159067.0,490094.0,-190098.0,2318272.0,2419934.0,2229836.0,334867.25,-40888.0,973221.0,-517533.0,-642384.0,912224.0,394691.0,405659.0,493392.0,14479.625,-70769.0,477689.0
2004-10-01,8825.0,54854.0,1874613.0,0.0,647382.625,-70493.25,-34520.0,2887210.0,2158888.0,497128.0,-172600.0,2390082.0,2344884.0,2172284.0,336503.75,-50648.0,1012597.0,-506966.0,-737148.0,804637.0,297672.0,412970.0,466297.2,26113.625,-13397.0,387461.0
2005-01-01,24790.0,-121170.0,1911601.0,0.0,725396.625,-40736.125,-14046.6,2987629.0,2298881.0,501561.0,-70232.0,2486068.0,2351882.0,2281650.0,272919.25,-40832.0,1076028.0,-409418.0,-713537.0,779467.0,370049.0,229277.0,473822.0,34696.125,17229.0,712192.0
2005-04-01,7995.0,-134514.0,1948969.0,0.0,724698.625,-40164.625,-13825.4,2986706.0,2264524.0,510231.0,-69127.0,2476474.0,2375756.0,2306629.0,270021.875,-25160.0,1037737.0,-414224.0,-730177.0,771885.0,357660.0,206960.0,466730.0,34883.875,-42107.0,724598.0
2005-07-01,-51678.0,-144612.0,1989675.0,433093.0,762980.25,-36457.5,1412.8,3048407.0,2293729.0,517331.0,-56800.0,2531076.0,2388463.0,2331663.0,285750.75,-39020.0,1058732.0,-408563.0,-702999.0,750552.0,341988.0,167231.0,543951.8,43836.5,-37934.0,766952.0
2005-10-01,16142.0,-160285.0,2033960.0,27462.0,746875.625,-21486.25,16.0,3169284.0,2330183.0,524022.0,80.0,2645263.0,2495296.0,2495376.0,292762.0,-39108.0,1135324.0,-357557.0,-855242.0,818973.0,461416.0,233243.0,471513.8,42314.125,-165188.0,785122.0
2006-01-01,10337.0,-149674.0,2070428.0,0.0,750108.0,-13606.875,10033.4,3249424.0,2447669.0,539684.0,50167.0,2709740.0,2594235.0,2644402.0,323343.5,-29264.0,1178996.0,-312161.0,-812092.0,886134.0,573974.0,309871.0,479500.2,54589.25,-196733.0,755202.0
2006-04-01,7656.0,-160015.0,2107094.0,0.0,746162.875,-6970.75,14385.4,3261065.0,2432295.0,551813.0,71927.0,2709252.0,2580027.0,2651954.0,315322.0,-54196.0,1153970.0,-297373.0,-836426.0,842233.0,544860.0,293767.0,472073.6,56757.625,-219660.0,762677.0
2006-07-01,5993.0,-170393.0,2141108.0,0.0,757761.5,18.25,13514.0,3259497.0,2383684.0,550078.0,67569.0,2709420.0,2570965.0,2638534.0,292431.75,-36864.0,1118390.0,-307620.0,-881807.0,805046.0,497426.0,241897.0,463223.2,47181.25,-254849.0,770406.0
2006-10-01,6879.0,-182191.0,2178031.0,0.0,755204.5,6749.875,13607.0,3237403.0,2466515.0,561997.0,68035.0,2675406.0,2566408.0,2634443.0,296189.375,-7440.0,1059373.0,-314444.0,-777767.0,770856.0,456412.0,258266.0,479696.0,41203.0,-167927.0,702221.0
2007-01-01,12557.0,-170263.0,2214675.0,0.0,721376.125,3590.0,13786.2,3238578.0,2433032.0,574284.0,68931.0,2664295.0,2490435.0,2559366.0,301817.375,-45368.0,1023904.0,-322026.0,-818104.0,666718.0,344691.0,279493.0,472820.8,45175.0,-126331.0,602856.0
2007-04-01,1580.0,-174993.0,2240928.0,0.0,747343.375,-2481.375,12263.6,3288861.0,2510182.0,589644.0,61318.0,2699217.0,2558154.0,2619472.0,305226.25,-45572.0,1047933.0,-335779.0,-780259.0,714323.0,378544.0,296279.0,489773.0,49543.875,-109289.0,638609.0
2007-07-01,4009.0,-176807.0,2265601.0,0.0,765447.125,-19557.875,-3234.4,3281943.0,2572987.0,595974.0,-16172.0,2685969.0,2490170.0,2473998.0,283701.875,-19636.0,1016342.0,-419494.0,-712966.0,627891.0,208397.0,249832.0,517831.8,37574.75,98989.0,574502.0
2007-10-01,7255.0,-176835.0,2289796.0,0.0,773674.125,-33243.125,-14590.4,3250754.0,2580497.0,608194.0,-72951.0,2642560.0,2467629.0,2394677.0,270241.0,-63944.0,960958.0,-482803.0,-677512.0,587685.0,104882.0,228090.0,530689.4,30679.125,185817.0,600375.0
2008-01-01,11804.0,-48735.0,2319795.0,0.0,731153.0,-64074.75,-31399.2,3175346.0,2439795.0,611645.0,-156996.0,2563701.0,2464337.0,2307341.0,292139.75,-120652.0,855552.0,-573968.0,-747356.0,561514.0,-12454.0,300736.0,519358.0,29535.375,132452.0,430165.0
2008-04-01,3956.0,-53536.0,2347200.0,0.0,755538.25,-201150.5,-104157.8,3168182.0,2436905.0,627587.0,-520789.0,2540595.0,2709892.0,2189103.0,368747.125,-151636.0,820982.0,-944199.0,-735232.0,786102.0,-158097.0,512392.0,591539.0,31376.875,247803.0,478883.0
2008-07-01,-20232.0,-63417.0,2376040.0,76331.0,780251.0,-140853.625,-87564.6,3135983.0,2416958.0,637741.0,-437823.0,2498242.0,2666786.0,2228963.0,321902.625,-60372.0,759942.0,-868168.0,-698793.0,721090.0,-147078.0,386320.0,586222.2,2594.5,187994.0,458559.0
2008-10-01,7561.0,-67492.0,2392814.0,0.0,682329.5,-169623.0,-112860.6,2949323.0,2318244.0,641407.0,-564303.0,2307915.0,2685999.0,2121696.0,393545.25,193340.0,556508.0,-1001655.0,-638640.0,730537.0,-271118.0,606447.0,576509.2,-16483.625,196547.0,-1757.0
2009-01-01,4169.0,-92338.0,2387440.0,0.0,766434.625,-320225.0,-198345.8,2654925.0,2251737.0,640048.0,-991729.0,2014878.0,2975117.0,1983388.0,391287.0,91956.0,267485.0,-1432364.0,-407357.0,1028311.0,-404053.0,616407.0,648693.6,-26746.75,268350.0,412286.0
2009-04-01,9622.0,-80142.0,2369055.0,0.0,765581.25,-394540.875,-239050.6,2510180.0,2155672.0,646530.0,-1195253.0,1863650.0,3158041.0,1962788.0,434813.5,7344.0,141125.0,-1636808.0,-364130.0,1230542.0,-406266.0,743161.0,670184.8,-28057.25,192883.0,560179.0
2009-07-01,5876.0,-75739.0,2358981.0,0.0,832955.875,-396211.5,-244307.6,2486360.0,2119726.0,644944.0,-1221537.0,1841416.0,3156022.0,1934484.0,364340.0,-20520.0,127379.0,-1664164.0,-372511.0,1239667.0,-424497.0,552529.0,668252.6,-36575.25,185241.0,783397.0
2009-10-01,5535.0,-82298.0,2369629.0,0.0,873459.125,-378833.25,-232458.0,2638824.0,2230727.0,640114.0,-1162290.0,1998710.0,3272610.0,2110320.0,378237.0,-68312.0,269195.0,-1608543.0,-413632.0,1349233.0,-259310.0,587654.0,678603.4,-32792.75,120407.0,912189.0
2010-01-01,13167.0,-95599.0,2374551.0,0.0,908608.375,-407823.875,-245806.0,2671339.0,2249784.0,633178.0,-1229030.0,2038161.0,3366711.0,2137681.0,382160.375,-47068.0,296788.0,-1679335.0,-434722.0,1442465.0,-236870.0,601846.0,695762.8,-30203.125,112103.0,983287.0
2010-04-01,4855.0,-101401.0,2382725.0,0.0,911860.25,-398928.875,-240998.0,2796820.0,2352685.0,648025.0,-1204991.0,2148795.0,3443200.0,2238209.0,421313.875,-36392.0,414096.0,-1660239.0,-448990.0,1515723.0,-144516.0,702739.0,711535.2,-28845.625,114476.0,950777.0
2010-07-01,5226.0,-57339.0,2391773.0,0.0,953997.125,-392471.75,-228355.4,2885910.0,2413215.0,649416.0,-1141777.0,2236495.0,3549560.0,2407782.0,415741.375,-18052.0,494137.0,-1600852.0,-477921.0,1616861.0,16009.0,696731.0,710998.8,-11902.25,5434.0,995521.0
2010-10-01,6416.0,27772.0,2412516.0,0.0,950579.0,-385953.125,-220969.6,2885835.0,2465077.0,647396.0,-1104849.0,2238440.0,3524161.0,2419312.0,412940.625,-88860.0,473320.0,-1568830.0,-427174.0,1575627.0,6797.0,684383.0,713985.4,-5438.375,45765.0,952333.0
2011-01-01,7268.0,62809.0,2437233.0,0.0,869035.75,-366419.25,-211139.6,2845313.0,2368688.0,639351.0,-1055698.0,2205962.0,3431883.0,2376185.0,446786.25,-141616.0,408080.0,-1525394.0,-483893.0,1464347.0,-61048.0,773709.0,684876.8,-8260.625,-7499.0,769444.0
2011-04-01,16826.0,60542.0,2463587.0,0.0,921059.625,-377180.5,-211642.6,2933631.0,2455689.0,636279.0,-1058214.0,2297352.0,3529442.0,2471229.0,439131.125,-82964.0,470044.0,-1533192.0,-494768.0,1540834.0,7642.0,749284.0,702779.6,512.875,-15544.0,813972.0
2011-07-01,6560.0,59397.0,2487576.0,0.0,929062.5,-355934.5,-205577.0,2957952.0,2521554.0,635112.0,-1027886.0,2322840.0,3602042.0,2574157.0,454557.375,-35680.0,470376.0,-1508055.0,-442958.0,1594636.0,86581.0,785916.0,709888.0,-10154.875,-52603.0,785004.0
2011-10-01,7209.0,58217.0,2509057.0,0.0,986429.5,-348905.625,-198863.0,3139825.0,2689448.0,635731.0,-994315.0,2504095.0,3705276.0,2710960.0,460211.0,-11772.0,630768.0,-1478088.0,-457586.0,1679991.0,201903.0,796225.0,736752.6,-4967.75,-21513.0,837322.0
2012-01-01,8601.0,-146535.0,2538270.0,0.0,971649.125,-315319.75,-180665.2,3194591.0,2727334.0,626841.0,-903327.0,2567750.0,3836683.0,2933356.0,506114.5,-31256.0,656321.0,-1391925.0,-475857.0,1787011.0,395086.0,909651.0,726132.8,-6147.625,-206019.0,1055150.0
2012-04-01,7577.0,-148985.0,2563894.0,0.0,970157.75,-308354.625,-176795.0,3263961.0,2818217.0,627098.0,-883975.0,2636863.0,3874743.0,2990768.0,531995.875,18280.0,700068.0,-1376557.0,-453321.0,1803431.0,426874.0,974069.0,740438.8,-6321.75,-172549.0,960067.0
2012-07-01,6490.0,-148371.0,2590148.0,0.0,984221.5,-305961.625,-176078.6,3263547.0,2865607.0,619428.0,-880393.0,2644119.0,3755744.0,2875351.0,491690.625,-24876.0,673399.0,-1376238.0,-404430.0,1661442.0,285203.0,859910.0,749199.0,-8737.625,-9749.0,974778.0
2012-10-01,-24760.0,-140853.0,2609909.0,182776.0,891041.125,-274110.5,-151662.8,3249040.0,2863970.0,610758.0,-787757.0,2638282.0,3877991.0,3090234.0,619814.75,-7944.0,639131.0,-1285204.0,-360310.0,1765528.0,480324.0,1162472.0,761009.2,-3454.0,-226277.0,751852.0
2013-01-01,7134.0,-154295.0,2633212.0,0.0,1003130.75,-190365.5,-107096.6,3345704.0,2964513.0,599285.0,-535483.0,2746420.0,3563270.0,3027788.0,401744.375,22660.0,712493.0,-1034738.0,-388325.0,1429314.0,394576.0,590013.0,699999.0,2063.125,-63275.0,970936.0
2013-04-01,7920.0,-151224.0,2664353.0,0.0,907527.875,-99272.0,-54754.6,3379772.0,3003046.0,599530.0,-273772.0,2780242.0,3396903.0,3123131.0,428657.875,30700.0,715419.0,-776744.0,-384647.0,1235522.0,458778.0,650812.0,655363.6,8677.125,-120085.0,705233.0
2013-07-01,6277.0,-150298.0,2694774.0,0.0,1010748.75,-163224.125,-95134.0,3496813.0,3144349.0,604458.0,-475670.0,2892354.0,3613169.0,3137499.0,433060.625,8120.0,802039.0,-982206.0,-358741.0,1424931.0,442726.0,652167.0,724003.8,-2911.75,6850.0,914942.0
2013-10-01,6543.0,-155860.0,2734074.0,0.0,996725.25,-96483.125,-58964.4,3538345.0,3243980.0,604054.0,-294821.0,2934291.0,3481443.0,3186622.0,404922.625,-5904.0,804271.0,-806100.0,-300909.0,1258647.0,452547.0,569795.0,707760.2,-2477.75,57358.0,850617.0
2014-01-01,9773.0,-142070.0,2774727.0,0.0,957301.75,-108189.625,-59663.6,3514433.0,3142794.0,591669.0,-298318.0,2922765.0,3556725.0,3258407.0,444901.25,-53448.0,739706.0,-813344.0,-381413.0,1297024.0,483680.0,667866.0,688222.4,5900.75,-115614.0,824676.0
2014-04-01,5549.0,-144313.0,2801795.0,0.0,1016909.625,-116450.625,-57384.8,3665036.0,3319767.0,605940.0,-286924.0,3059096.0,3740923.0,3454000.0,465949.5,-6496.0,863241.0,-803958.0,-350818.0,1456163.0,652204.0,715105.0,721338.4,19967.625,-134233.0,891867.0
2014-07-01,5246.0,-145416.0,2838028.0,0.0,1064971.875,-134148.5,-67930.2,3752397.0,3396377.0,610350.0,-339652.0,3142047.0,3860709.0,3521057.0,470196.5,23408.0,914369.0,-859535.0,-361266.0,1542563.0,683028.0,714945.0,747205.8,18087.5,-124679.0,949625.0
2014-10-01,6945.0,-141201.0,2864191.0,0.0,1047794.0,-127570.625,-65612.6,3789379.0,3361913.0,617364.0,-328061.0,3172016.0,3879209.0,3551148.0,486908.0,43856.0,925188.0,-849460.0,-434411.0,1536417.0,686957.0,750067.0,737994.8,16543.25,-189234.0,883695.0
2015-01-01,12408.0,-129739.0,2891206.0,0.0,1041460.75,-115417.125,-56202.4,3895871.0,3476934.0,613588.0,-281012.0,3282283.0,3907373.0,3626362.0,519394.5,79336.0,1004665.0,-804075.0,-431345.0,1539230.0,735156.0,828313.0,751591.0,21353.25,-149418.0,761320.0
2015-04-01,5461.0,-123583.0,2912862.0,0.0,1046846.75,-102447.75,-50604.8,3923795.0,3518422.0,632692.0,-253025.0,3291104.0,3872731.0,3619706.0,505617.875,24252.0,1010933.0,-777590.0,-410834.0,1484435.0,706844.0,781359.0,754289.8,21079.625,-101282.0,802407.0
2015-07-01,9148.0,-120729.0,2936825.0,0.0,1037798.0,-109921.25,-57672.2,3941318.0,3487134.0,637658.0,-288360.0,3303660.0,3834644.0,3546284.0,504433.125,58032.0,1004494.0,-814589.0,-463331.0,1424048.0,609459.0,766046.0,755099.4,15714.875,-59148.0,720700.0
2015-10-01,6380.0,-115259.0,2950860.0,0.0,983245.125,-100424.125,-34661.8,3910666.0,3496860.0,633787.0,-173309.0,3276879.0,3732215.0,3558906.0,515137.125,70024.0,959806.0,-699746.0,-420186.0,1307792.0,608046.0,786573.0,734034.4,48852.25,-62042.0,566454.0
2016-01-01,9348.0,-97078.0,2961432.0,0.0,1023393.5,-137194.625,-71399.4,3893162.0,3465019.0,648845.0,-356997.0,3244317.0,3888150.0,3531153.0,527587.0,68656.0,931730.0,-883637.0,-437491.0,1453358.0,569721.0,808121.0,764404.0,18596.375,-66130.0,673659.0
2016-04-01,4731.0,-103229.0,2994919.0,0.0,1032278.125,-142892.25,-76918.4,3893025.0,3495818.0,646644.0,-384593.0,3246381.0,3799127.0,3414534.0,500408.625,-29060.0,898106.0,-915954.0,-401938.0,1335569.0,419615.0,726508.0,776083.2,13080.125,81289.0,741349.0
2016-07-01,5820.0,-100474.0,3020245.0,0.0,1038173.25,-152845.5,-77076.4,3908461.0,3515654.0,646890.0,-385381.0,3261571.0,3809284.0,3423903.0,498683.875,-2288.0,888216.0,-919299.0,-398627.0,1322957.0,403658.0,713290.0,780208.8,22449.125,91759.0,712429.0
2016-10-01,8171.0,-102719.0,3055839.0,0.0,1071309.5,-156807.25,-76151.8,4017200.0,3629945.0,656249.0,-380760.0,3360952.0,3905991.0,3525230.0,511940.75,-16400.0,961361.0,-918955.0,-395427.0,1388346.0,469391.0,736869.0,802142.6,28778.875,104723.0,770597.0
2017-01-01,8873.0,-86114.0,3089409.0,0.0,1083215.875,-162006.875,-81295.6,4026292.0,3667136.0,663191.0,-406478.0,3363101.0,4030545.0,3624067.0,535629.125,-48192.0,936883.0,-948840.0,-368029.0,1483498.0,534658.0,788971.0,814722.8,24681.25,43069.0,828832.0
2017-04-01,8412.0,-86929.0,3128974.0,0.0,1073867.0,-167393.375,-87928.4,4107688.0,3679471.0,674720.0,-439642.0,3432968.0,4086400.0,3646758.0,568994.875,-36008.0,978714.0,-986631.0,-436629.0,1504415.0,517784.0,872081.0,823822.6,18494.125,32713.0,755270.0
2017-07-01,39537.0,-89462.0,3170459.0,416524.0,1129000.0,-171935.375,-81976.8,4183177.0,3833491.0,683035.0,-418407.0,3500142.0,4160932.0,3742524.0,603980.0,-45040.0,1012717.0,-970803.0,-389222.0,1542868.0,572065.0,883020.0,931979.8,32428.25,90967.0,794350.0
2017-10-01,7220.0,173346.0,3206970.0,0.0,1138505.0,-179910.0,-76495.6,4279208.0,3904284.0,704762.0,-382478.0,3574446.0,4181904.0,3799426.0,558476.0,-61112.0,1072237.0,-940282.0,-382144.0,1532737.0,592455.0,822514.0,857352.4,54850.75,104858.0,597990.0
2018-01-01,5788.0,99804.0,3249473.0,0.0,1173182.0,-222041.125,-97068.2,4358211.0,3966350.0,712577.0,-485341.0,3645635.0,4328095.0,3842754.0,585435.75,-58388.0,1108738.0,-1050241.0,-397650.0,1643522.0,593281.0,880197.0,890338.2,58497.875,123596.0,721909.0
2018-04-01,12155.0,95055.0,3295191.0,0.0,1184887.25,-227139.375,-107447.6,4394294.0,4017634.0,731567.0,-537237.0,3662727.0,4444160.0,3906922.0,613067.0,-87384.0,1099103.0,-1110144.0,-388815.0,1721875.0,611731.0,939953.0,910974.4,45508.0,110712.0,774251.0
2018-07-01,2224.0,96227.0,3334438.0,140628.0,1187083.875,-217868.625,-102508.0,4529256.0,4044711.0,740565.0,-513176.0,3788692.0,4519993.0,4006817.0,659262.375,-38576.0,1194818.0,-1091826.0,-486769.0,1764205.0,672379.0,1028508.0,939575.8,45746.375,37894.0,678046.0
2018-10-01,-1463.0,103364.0,3371311.0,64000.0,1177256.375,-246438.875,-117606.8,4539916.0,4028348.0,737888.0,-588034.0,3802028.0,4634830.0,4046796.0,693432.75,-19700.0,1168605.0,-1172787.0,-510104.0,1848272.0,675485.0,1137964.0,936076.6,45067.875,-18447.0,626644.0
2019-01-01,11378.0,99243.0,3418317.0,0.0,1193003.25,-272519.375,-129016.0,4614779.0,4151542.0,764009.0,-645081.0,3850770.0,4896281.0,4251200.0,758485.0,-11040.0,1196462.0,-1235349.0,-474615.0,2068232.0,832883.0,1316642.0,959324.8,52331.5,-99658.0,663387.0
2019-04-01,3887.0,96911.0,3462789.0,0.0,1216249.375,-281352.625,-123515.6,4671015.0,4193714.0,767020.0,-617578.0,3903996.0,4782749.0,4165170.0,710476.125,4536.0,1208226.0,-1213386.0,-481189.0,1915768.0,702381.0,1178103.0,962258.6,71162.0,28543.0,636217.0
2019-07-01,4045.0,95274.0,3499797.0,0.0,1256527.625,-282642.875,-136389.8,4720297.0,4273813.0,780698.0,-681948.0,3939599.0,4796283.0,4114334.0,692059.75,21804.0,1220500.0,-1282519.0,-450530.0,1897056.0,614537.0,1117232.0,991152.2,49428.125,159479.0,662746.0
2019-10-01,8233.0,89766.0,3529160.0,0.0,1243076.75,-264184.875,-132502.2,4664602.0,4262582.0,784032.0,-662511.0,3880570.0,4785299.0,4122788.0,688386.0,-13140.0,1135442.0,-1267112.0,-410253.0,1860741.0,593629.0,1100657.0,985018.4,38172.5,139794.0,683458.0
2020-01-01,12066.0,-89503.0,3570155.0,0.0,1130577.25,-282341.25,-144874.2,4608994.0,4218680.0,806998.0,-724372.0,3801997.0,4975548.0,4251176.0,836396.875,60008.0,1038839.0,-1334175.0,-402381.0,2015196.0,681021.0,1482259.0,988610.2,35351.25,-32497.0,562432.0
2020-04-01,4404.0,-100635.0,3600747.0,0.0,1037819.375,-1883332.25,-872175.6,4086909.0,3568448.0,816551.0,-4360878.0,3270358.0,7783821.0,3422943.0,1934839.375,50720.0,486161.0,-4975568.0,-522865.0,4797764.0,-177804.0,4429828.0,1585865.2,273235.625,145505.0,417851.0
2020-07-01,2828.0,-94322.0,3636575.0,0.0,1349762.125,-1136836.0,-587244.8,4720482.0,4064598.0,819135.0,-2936224.0,3901347.0,6578240.0,3642016.0,1280745.5,-52060.0,1083907.0,-3558213.0,-658713.0,3563655.0,5441.0,2635766.0,1400164.4,60395.25,422581.0,1074270.0
2020-10-01,5051.0,-83390.0,3686528.0,0.0,1170261.125,-615287.875,-293966.4,4878803.0,4151945.0,832455.0,-1469833.0,4046349.0,5726840.0,4257008.0,1087921.875,-139636.0,1192276.0,-2100017.0,-731909.0,2670497.0,570480.0,2088186.0,1124355.4,89384.625,-105063.0,805337.0
2021-01-01,31309.0,-17776.0,3730710.0,0.0,1266798.5,-1437558.0,-732200.8,4867917.0,4088791.0,822419.0,-3661004.0,4045497.0,7779563.0,4118559.0,1766101.0,-221912.0,1137206.0,-4300491.0,-810435.0,4688340.0,387848.0,3867915.0,1549959.0,87547.875,-29768.0,1060113.0
2021-04-01,3089.0,-3819.0,3813220.0,0.0,1305591.875,-1131610.625,-388124.2,4839325.0,3977273.0,821744.0,-1940621.0,4017581.0,5887896.0,3947275.0,1013344.375,-313144.0,1026105.0,-2594064.0,-865141.0,2728119.0,134055.0,1836750.0,1183578.8,424915.375,29999.0,1208332.0
2021-07-01,-12459.0,-6332.0,3914446.0,248000.0,1315157.25,-720749.5,-278090.2,5059885.0,4114781.0,827060.0,-1406450.0,4232825.0,5546913.0,4140463.0,914064.0,-285824.0,1145439.0,-2074784.0,-932644.0,2300800.0,226017.0,1520442.0,1150646.4,215171.625,-25681.0,1072514.0
2021-10-01,7110.0,-21683.0,4027084.0,0.0,1332591.375,-449307.625,-143531.4,5440754.0,4509507.0,841570.0,-717657.0,4599184.0,5195340.0,4477683.0,776979.5,-228456.0,1413669.0,-1404280.0,-938358.0,1854878.0,450599.0,1157692.0,1045432.6,199554.625,31823.0,947326.0
2022-01-01,5913.0,-48986.0,4154957.0,0.0,1318031.5,-200461.625,-5278.4,5643514.0,4503935.0,858694.0,-26392.0,4784820.0,4670051.0,4643658.0,582832.875,-282972.0,1488557.0,-733016.0,-1145492.0,1221717.0,488702.0,604070.0,906065.4,209573.25,-139723.0,949605.0
2022-04-01,10768.0,-69201.0,4278678.0,0.0,1402635.625,-200859.0,-5329.0,5664119.0,4598733.0,877577.0,-26645.0,4786542.0,4732237.0,4705592.0,513105.625,-286868.0,1385441.0,-754859.0,-1076154.0,1181773.0,426914.0,400952.0,925075.8,209537.375,-106859.0,1136890.0
2022-07-01,-24646.0,-83902.0,4379270.0,239996.0,1495492.875,-253468.625,-50286.2,5691402.0,4731593.0,889778.0,-263431.0,4801624.0,5177683.0,4914252.0,597643.75,-55796.0,1312132.0,-1007785.0,-935164.0,1542767.0,534982.0,592731.0,1044604.0,174360.0,-182659.0,1089734.0
2022-10-01,11387.0,-85961.0,4440577.0,0.0,1537470.5,-313681.875,-95390.2,5834782.0,4915801.0,922882.0,-476951.0,4911900.0,5265855.0,4788905.0,606407.375,61244.0,1394205.0,-1232188.0,-930368.0,1580516.0,348328.0,666630.0,1078550.6,155780.875,126897.0,938602.0
2023-01-01,10551.0,-176969.0,4510565.0,0.0,1541878.125,-466943.75,-183195.8,5790952.0,4861657.0,943742.0,-915979.0,4847210.0,5577768.0,4661788.0,712664.375,42572.0,1280388.0,-1682503.0,-939847.0,1833726.0,151223.0,950671.0,1155527.2,145603.875,199869.0,1017452.0
2023-04-01,4766.0,-178430.0,4558937.0,0.0,1567502.25,-473139.0,-191337.6,5897252.0,4979647.0,971587.0,-956689.0,4925665.0,5711817.0,4755128.0,744912.875,24784.0,1338315.0,-1729313.0,-922371.0,1925504.0,196191.0,1033091.0,1187267.2,139251.25,224519.0,1046059.0
2023-07-01,4531.0,-173443.0,4613042.0,0.0,1651719.875,-478237.5,-197923.4,6060870.0,5144557.0,997517.0,-989618.0,5063353.0,5794393.0,4804775.0,717483.25,11496.0,1447828.0,-1769974.0,-920844.0,1961707.0,191733.0,942911.0,1226834.8,134275.875,339782.0,1180742.0
2023-10-01,7492.0,-178235.0,4668451.0,0.0,1695217.875,-481871.625,-188451.8,6136240.0,5235913.0,1033426.0,-942258.0,5102814.0,5963863.0,5021605.0,720796.875,40420.0,1467789.0,-1730115.0,-907820.0,2083269.0,353154.0,942225.0,1235634.2,159221.0,214308.0,1278860.0
2024-01-01,7964.0,-261127.0,4714085.0,0.0,1656361.5,-502107.25,-200762.8,6200775.0,5228033.0,1040872.0,-1003814.0,5159903.0,6106990.0,5103176.0,804607.875,-17116.0,1486690.0,-1799924.0,-980706.0,2189016.0,389091.0,1148073.0,1246369.6,156272.25,124857.0,1319185.0
2024-04-01,6613.0,-267569.0,4781017.0,0.0,1734520.125,-516160.0,-216207.2,6358746.0,5297411.0,1060902.0,-1081036.0,5297844.0,6183611.0,5102575.0,773800.75,-3892.0,1577730.0,-1885107.0,-1067948.0,2206666.0,321559.0,1061122.0,1275689.4,142875.375,194835.0,1417004.0
2024-07-01,7346.0,-273966.0,4853893.0,164000.0,1773993.0,-564360.125,-232526.8,6432516.0,5222423.0,1087352.0,-1170635.0,5345165.0,6073505.0,4902870.0,726305.75,-520.0,1578623.0,-1985688.0,-1217439.0,2034664.0,48977.0,888977.0,1309811.4,160409.375,319552.0,1420173.0
2024-10-01,-39092.0,-278480.0,4916043.0,120000.0,1821147.875,-545721.375,-218954.2,6391615.0,5285217.0,1102851.0,-1106771.0,5288763.0,6212427.0,5105655.0,694151.75,-40876.0,1475571.0,-1931606.0,-1067306.0,2121218.0,189612.0,802833.0,1299997.4,166934.125,179561.0,1637741.0
