Date,Durable goods,Farm,Final sales of domestic business,Final sales of goods and structures of domestic business,Manufacturing,Merchant wholesalers,Motor vehicle dealers,Nondurable goods,Nonfarm,Nonmerchant wholesalers,Other,Private inventories,Residual,Retail trade,Wholesale trade
1947-01-01,58074.25,187400.0,112396.0,61774.0,130664.0,,,66916.0,265876.0,,33302.0,462581.0,7399.0,47761.0,55144.0
1947-04-01,58611.0,185745.0,113232.0,61920.0,130431.0,,,66933.25,267152.0,,33664.0,461500.0,6663.0,48290.0,55900.0
1947-07-01,59590.5,183244.0,114707.0,62943.0,131146.0,,,65281.25,266016.0,,34754.0,457281.0,5344.0,47301.0,54563.0
1947-10-01,59293.25,180916.0,115120.0,63657.0,131391.0,,,66865.25,269222.0,,35887.0,456576.0,3944.0,50262.0,53132.0
1948-01-01,60068.5,181462.0,115466.0,63929.0,131329.0,,,67809.75,272793.0,,35235.0,460100.0,4265.0,53411.0,53263.0
1948-04-01,60507.25,184293.0,115757.0,63823.0,133767.0,,,69213.0,276423.0,,35116.0,466803.0,4539.0,53772.0,54003.0
1948-07-01,61035.0,187360.0,115525.0,63777.0,135939.0,,,70990.25,281017.0,,35164.0,474636.0,4691.0,54443.0,55593.0
1948-10-01,61640.75,189788.0,115851.0,63881.0,136648.0,,,72025.0,284413.0,,35342.0,480697.0,5014.0,55777.0,56614.0
1949-01-01,61592.25,189356.0,116266.0,63887.0,137625.0,,,72086.75,284301.0,,35342.0,480078.0,4666.0,54532.0,57015.0
1949-04-01,59731.75,188233.0,117493.0,64762.0,134881.0,,,71947.25,279696.0,,34549.0,474620.0,4823.0,53957.0,56421.0
1949-07-01,60086.75,187370.0,117370.0,64928.0,132124.0,,,71480.0,279510.0,,33409.0,473425.0,5701.0,56458.0,56764.0
1949-10-01,58067.25,187045.0,118168.0,65704.0,129789.0,,,71176.0,273876.0,,32176.0,467970.0,5806.0,54342.0,56885.0
1950-01-01,57713.25,186679.0,120236.0,67010.0,130410.0,,,73129.25,276854.0,,32498.0,470258.0,5101.0,54961.0,58390.0
1950-04-01,59455.25,185760.0,123612.0,69149.0,131399.0,,,73615.5,281812.0,,32776.0,473598.0,4844.0,56676.0,60231.0
1950-07-01,60555.0,185973.0,130063.0,73239.0,132102.0,,,74546.5,286460.0,,33299.0,477983.0,4938.0,59566.0,60357.0
1950-10-01,65220.0,186547.0,126623.0,70680.0,138320.0,,,76783.0,301822.0,,35740.0,492028.0,3236.0,63437.0,63309.0
1951-01-01,67327.75,187503.0,128415.0,71914.0,142623.0,,,78801.75,310679.0,,36125.0,500755.0,2863.0,66494.0,63748.0
1951-04-01,71652.0,188419.0,127287.0,70341.0,152662.0,,,80830.0,324224.0,,36869.0,513444.0,1590.0,67078.0,65502.0
1951-07-01,75145.0,189009.0,130069.0,72193.0,163026.0,,,81391.25,333175.0,,37761.0,521811.0,670.0,64856.0,65424.0
1951-10-01,76092.0,189625.0,131875.0,73555.0,167238.0,,,81855.5,336538.0,,39051.0,525407.0,-37.0,63766.0,64763.0
1952-01-01,77098.5,190593.0,132161.0,73461.0,172806.0,,,82575.75,340447.0,,40141.0,529919.0,-656.0,62031.0,64052.0
1952-04-01,76206.5,191933.0,133276.0,74076.0,171599.0,,,81878.0,337227.0,,40502.0,528822.0,-235.0,60593.0,63580.0
1952-07-01,76464.0,193600.0,131131.0,72561.0,172394.0,,,83360.0,340652.0,,40421.0,533821.0,-157.0,61814.0,64864.0
1952-10-01,78049.75,194125.0,136440.0,76247.0,174261.0,,,84207.25,345593.0,,39346.0,538834.0,374.0,63588.0,66489.0
1953-01-01,79690.0,195045.0,139541.0,78088.0,176532.0,,,84019.75,348832.0,,38751.0,542884.0,1066.0,64163.0,67016.0
1953-04-01,80983.25,194957.0,140224.0,78481.0,179157.0,,,84849.75,353141.0,,37588.0,546859.0,1891.0,65595.0,67561.0
1953-07-01,82247.75,195596.0,140051.0,78413.0,180485.0,,,84326.5,354910.0,,36799.0,549269.0,2768.0,66137.0,67752.0
1953-10-01,80921.5,196985.0,138698.0,77846.0,178878.0,,,84088.5,351139.0,,35887.0,547203.0,2990.0,65342.0,67128.0
1954-01-01,79380.75,197776.0,139043.0,77633.0,175483.0,,,84494.75,348319.0,,36073.0,545366.0,2429.0,65484.0,67756.0
1954-04-01,77703.25,197960.0,140599.0,78553.0,171733.0,,,84873.5,345016.0,,35974.0,542409.0,1826.0,65665.0,68412.0
1954-07-01,76655.5,198249.0,142741.0,79465.0,168788.0,,,84675.5,342242.0,,36011.0,540053.0,1624.0,66135.0,68221.0
1954-10-01,76425.25,197690.0,145512.0,81416.0,169263.0,,,84854.0,341978.0,,36076.0,539183.0,1320.0,65468.0,68195.0
1955-01-01,77545.5,197054.0,148818.0,83623.0,170075.0,,,85776.75,346254.0,,35641.0,542690.0,1872.0,68167.0,68746.0
1955-04-01,79408.0,196265.0,150962.0,86002.0,172404.0,,,86770.25,352380.0,,35688.0,547865.0,2163.0,69862.0,70555.0
1955-07-01,80505.25,195541.0,153636.0,87205.0,175311.0,,,88441.25,357845.0,,35312.0,552587.0,2440.0,71077.0,71839.0
1955-10-01,82320.75,194973.0,154529.0,87141.0,178740.0,,,90008.25,364798.0,,34675.0,559091.0,3341.0,73252.0,73094.0
1956-01-01,84075.25,193907.0,154369.0,86794.0,183251.0,,,91039.0,371154.0,,35528.0,564577.0,3943.0,73708.0,73527.0
1956-04-01,84898.25,192647.0,155704.0,87676.0,187550.0,,,92597.5,376110.0,,36096.0,568388.0,4074.0,73832.0,73252.0
1956-07-01,84990.5,191469.0,156502.0,87966.0,190062.0,,,94763.5,380161.0,,36679.0,571346.0,3282.0,73439.0,74860.0
1956-10-01,85750.75,190267.0,159100.0,89079.0,192148.0,,,95610.25,383870.0,,37915.0,573964.0,3180.0,73551.0,75476.0
1957-01-01,86101.75,189918.0,159984.0,90131.0,193486.0,,,96012.25,385604.0,,38360.0,575379.0,3229.0,73711.0,75257.0
1957-04-01,87071.25,189854.0,158993.0,89312.0,193905.0,,,95830.0,387679.0,,38301.0,577416.0,3885.0,74955.0,75512.0
1957-07-01,88089.5,190517.0,160232.0,90072.0,194331.0,,,95517.5,389983.0,,39300.0,580391.0,4246.0,76082.0,75425.0
1957-10-01,87129.5,190909.0,159226.0,88670.0,190910.0,,,94870.25,386864.0,,40175.0,577618.0,3727.0,76690.0,74708.0
1958-01-01,84708.5,193701.0,154673.0,86033.0,187339.0,,,94708.0,380615.0,,40167.0,574148.0,2467.0,75323.0,73825.0
1958-04-01,82575.75,196247.0,154044.0,85625.0,183016.0,,,94474.5,374940.0,,40167.0,571123.0,1473.0,74467.0,73833.0
1958-07-01,82179.0,198513.0,157297.0,87113.0,182199.0,,,94622.75,374190.0,,40139.0,572656.0,1240.0,74402.0,74090.0
1958-10-01,52815.0,199407.0,160603.0,89490.0,183923.0,50882.0,12036.0,66001.71428571429,377431.0,23000.0,29091.0,576690.0,1126.0,75165.0,74664.0
1959-01-01,53805.142857142855,198118.0,165944.0,92183.0,185488.0,51697.0,12863.0,66322.71428571429,381999.0,23236.0,29238.0,579960.0,-1275.0,76757.0,75709.0
1959-04-01,55679.57142857143,196165.0,168471.0,93675.0,189651.0,53714.0,14181.0,67615.57142857143,392329.0,23938.0,29656.0,588240.0,-915.0,79344.0,78431.0
1959-07-01,55468.142857142855,194187.0,170776.0,94856.0,190747.0,55340.0,13685.0,69187.14285714286,395278.0,23878.0,29818.0,589220.0,-1842.0,79641.0,79917.0
1959-10-01,56376.42857142857,192520.0,169256.0,93636.0,193979.0,57932.0,12576.0,70742.85714285714,401734.0,24461.0,30308.0,594071.0,-2542.0,79342.0,83053.0
1960-01-01,59059.28571428572,192641.0,172606.0,95953.0,198066.0,59367.0,15670.0,71200.85714285714,413652.0,24985.0,30365.0,606180.0,-758.0,84335.0,85017.0
1960-04-01,59262.42857142857,193338.0,173668.0,96482.0,199044.0,59798.0,16243.0,72070.28571428571,416393.0,25552.0,30719.0,609640.0,-1422.0,84562.0,86073.0
1960-07-01,59672.142857142855,194500.0,173262.0,96415.0,201451.0,59639.0,16494.0,72728.0,420096.0,25646.0,30933.5,614533.0,-1444.0,85282.0,86027.0
1960-10-01,58458.857142857145,195058.0,173641.0,96263.0,196649.0,59376.0,16269.0,72328.42857142857,413902.0,25321.0,30992.5,608837.0,-2476.0,84888.0,85407.0
1961-01-01,57043.857142857145,195956.0,174167.0,96430.0,195615.0,60055.0,13905.0,73497.0,410452.0,25400.0,31305.5,606241.0,-4863.0,81843.0,86146.0
1961-04-01,56623.28571428572,196775.0,175657.0,96818.0,196097.0,59729.0,13920.0,74651.42857142857,411878.0,25706.0,31706.5,608481.0,-6109.0,82017.0,86181.0
1961-07-01,57768.857142857145,197741.0,177413.0,98065.0,199905.0,60360.0,13911.0,75394.57142857143,418299.0,26052.0,31992.5,615916.0,-5851.0,82766.0,87176.0
1961-10-01,58699.28571428572,198769.0,181605.0,100608.0,202569.0,60440.0,13921.0,76012.85714285714,423432.0,26586.0,32772.5,622085.0,-6084.0,83264.0,87854.0
1962-01-01,60203.71428571428,199677.0,183293.0,101692.0,208159.0,60947.0,14174.0,76949.42857142857,432287.0,27071.0,32746.5,631833.0,-5018.0,84908.0,88885.0
1962-04-01,60971.57142857143,199959.0,186259.0,103291.0,211177.0,62073.0,14105.0,78153.71428571429,438153.0,27618.0,32920.0,637957.0,-5217.0,85731.0,90579.0
1962-07-01,62289.28571428572,200470.0,187633.0,104136.0,215606.0,61617.0,14924.0,78523.85714285714,444877.0,28105.0,33031.5,645138.0,-4356.0,87344.0,90687.0
1962-10-01,62708.42857142857,201286.0,188794.0,104628.0,216007.0,62317.0,15754.0,79315.71428571429,448341.0,28604.0,32934.5,649402.0,-4588.0,89137.0,91918.0
1963-01-01,63487.71428571428,204094.0,190393.0,105655.0,218677.0,62783.0,16130.0,80244.14285714286,453914.0,29000.0,33336.5,657788.0,-4589.0,90252.0,92809.0
1963-04-01,64522.42857142857,204334.0,194406.0,108003.0,221255.0,64479.0,15862.0,81005.28571428571,459234.0,29487.0,33774.5,663318.0,-4654.0,90278.0,94984.0
1963-07-01,65510.142857142855,203691.0,197794.0,110066.0,224103.0,66865.0,16336.0,82518.0,466465.0,29867.0,34044.5,669881.0,-4846.0,91618.0,97708.0
1963-10-01,65908.28571428571,203376.0,200346.0,111311.0,224265.0,68348.0,17878.0,84017.0,471567.0,30154.0,34738.5,674676.0,-5732.0,94006.0,99457.0
1964-01-01,66919.57142857143,201947.0,205575.0,114477.0,227011.0,69390.0,18777.0,84938.14285714286,478022.0,30269.0,35160.0,679794.0,-5377.0,95913.0,100592.0
1964-04-01,68046.0,200388.0,208093.0,115736.0,227657.0,71665.0,19203.0,85955.0,484361.0,30364.0,36096.0,684704.0,-5476.0,98299.0,102892.0
1964-07-01,69399.28571428571,198867.0,211699.0,117825.0,230765.0,72721.0,20500.0,86677.14285714286,491630.0,30506.0,36445.0,690588.0,-4929.0,100395.0,104070.0
1964-10-01,70379.42857142857,197754.0,212209.0,117594.0,236738.0,73859.0,18129.0,87807.85714285714,498270.0,30779.0,36935.5,696216.0,-4615.0,99102.0,105472.0
1965-01-01,73020.71428571429,198075.0,216182.0,120157.0,240517.0,76959.0,20515.0,88786.85714285714,510749.0,30886.0,37565.5,709109.0,-3355.0,103798.0,108589.0
1965-04-01,74685.57142857143,199125.0,220133.0,122230.0,243599.0,78942.0,22106.0,89577.57142857143,518987.0,31116.0,38023.0,718399.0,-2862.0,105840.0,110763.0
1965-07-01,76679.42857142857,200263.0,224247.0,124869.0,249549.0,80481.0,22943.0,90145.0,528308.0,31260.0,38222.5,728860.0,-1760.0,106873.0,112411.0
1965-10-01,77470.85714285714,201426.0,230598.0,128984.0,253394.0,80436.0,23931.0,91474.28571428571,535558.0,31503.0,38350.0,737274.0,-1817.0,109092.0,112637.0
1966-01-01,80300.28571428571,201847.0,235030.0,132238.0,260733.0,83941.0,24139.0,92960.42857142857,549879.0,31889.0,38822.5,752014.0,-687.0,111706.0,116463.0
1966-04-01,82839.14285714286,200838.0,234474.0,130951.0,268545.0,85931.0,25951.0,94913.42857142857,565219.0,32611.0,39111.5,766181.0,211.0,115698.0,119185.0
1966-07-01,85608.57142857143,200206.0,236249.0,132238.0,278523.0,88159.0,24800.0,95891.28571428571,578599.0,33212.0,39492.0,778773.0,2092.0,115449.0,122007.0
1966-10-01,88837.0,199373.0,236177.0,131593.0,287289.0,93202.0,20823.0,98548.28571428571,596922.0,34000.0,42138.0,796103.0,3391.0,117993.0,127765.0
1967-01-01,90668.0,200789.0,236645.0,131446.0,297087.0,95388.0,19817.0,101522.0,611783.0,35194.0,42505.0,812321.0,3382.0,118486.0,131195.0
1967-04-01,91284.85714285714,203444.0,239510.0,133501.0,301124.0,94801.0,17826.0,102220.85714285714,616267.0,35817.0,43504.0,819446.0,3465.0,117495.0,131305.0
1967-07-01,92469.42857142857,203959.0,240643.0,133770.0,305710.0,98765.0,16634.0,104494.14285714286,625350.0,36219.0,44839.5,829047.0,2434.0,116339.0,135598.0
1967-10-01,94295.0,203082.0,242363.0,134671.0,310000.0,100833.0,17581.0,105882.85714285714,635484.0,36811.0,45812.5,838387.0,2268.0,117958.0,138254.0
1968-01-01,95068.0,205781.0,247193.0,137489.0,311805.0,101242.0,18902.0,106776.57142857143,641323.0,36796.0,46361.5,846920.0,2457.0,120577.0,138642.0
1968-04-01,96653.71428571429,210373.0,249935.0,138683.0,315942.0,103674.0,20695.0,108583.85714285714,651680.0,37542.0,46677.0,861866.0,2355.0,123305.0,141826.0
1968-07-01,97369.71428571429,210852.0,254372.0,141299.0,321414.0,104799.0,19267.0,110440.42857142857,659343.0,37916.0,47281.0,870025.0,2020.0,123116.0,143333.0
1968-10-01,98931.57142857143,209074.0,255507.0,141756.0,324245.0,104287.0,22850.0,110941.0,667837.0,38163.0,47559.5,876804.0,2974.0,128042.0,143089.0
1969-01-01,100584.57142857143,210328.0,259042.0,144249.0,328852.0,106906.0,23034.0,112552.28571428571,677925.0,38815.0,48124.5,888169.0,3291.0,129518.0,146363.0
1969-04-01,101903.85714285714,211708.0,259475.0,143749.0,331292.0,109720.0,22604.0,114097.28571428571,686045.0,39373.0,48933.5,897667.0,2853.0,130960.0,149734.0
1969-07-01,103861.71428571429,210907.0,260806.0,144349.0,335393.0,111947.0,24309.0,115823.71428571429,697863.0,39839.0,49812.0,908641.0,2837.0,134813.0,152429.0
1969-10-01,105489.42857142857,209105.0,260258.0,143210.0,339263.0,112846.0,25381.0,116230.28571428571,705648.0,40095.0,50059.5,914585.0,4129.0,136947.0,153587.0
1970-01-01,105420.85714285714,210177.0,261876.0,143528.0,338139.0,115839.0,24252.0,116947.14285714286,705642.0,39926.0,50042.5,915667.0,3138.0,135969.0,156394.0
1970-04-01,105424.57142857143,210692.0,261514.0,142727.0,338747.0,117529.0,25046.0,118924.42857142857,710183.0,40397.0,49902.0,920705.0,1812.0,137996.0,158560.0
1970-07-01,106976.85714285714,209106.0,264373.0,144130.0,340671.0,120550.0,25619.0,119519.57142857143,716879.0,40513.0,50019.5,925767.0,2348.0,139634.0,161697.0
1970-10-01,105898.71428571429,205619.0,262865.0,142989.0,339219.0,123728.0,21206.0,121674.28571428571,716192.0,40801.0,50774.0,921560.0,-153.0,137035.0,165169.0
1971-01-01,107482.42857142857,207972.0,266945.0,145415.0,339570.0,123725.0,26009.0,122643.57142857143,725768.0,40925.0,51420.5,933484.0,134.0,144797.0,165292.0
1971-04-01,108288.57142857143,211764.0,269033.0,146587.0,338391.0,126864.0,28825.0,124250.85714285714,732069.0,40682.0,52164.5,943631.0,-1001.0,148674.0,168190.0
1971-07-01,109761.57142857143,213723.0,272098.0,148408.0,336844.0,129284.0,33567.0,125079.57142857143,739760.0,40349.0,52299.0,953276.0,-756.0,155774.0,170276.0
1971-10-01,109415.71428571429,211621.0,276092.0,150290.0,335137.0,133022.0,30804.0,126960.42857142857,741407.0,40167.0,53043.0,952719.0,-2848.0,155638.0,173831.0
1972-01-01,110035.71428571429,211754.0,280192.0,152725.0,335806.0,132808.0,30727.0,127130.85714285714,744807.0,39957.0,54003.0,956202.0,-2373.0,157756.0,173406.0
1972-04-01,111545.57142857143,213848.0,285679.0,156472.0,338023.0,135669.0,30687.0,128727.57142857143,754173.0,40024.0,55166.0,967612.0,-2607.0,160918.0,176339.0
1972-07-01,113316.71428571429,214605.0,289905.0,158195.0,342921.0,139094.0,30426.0,130892.28571428571,765948.0,40637.0,55980.5,979821.0,-2647.0,163162.0,180390.0
1972-10-01,115792.42857142857,212230.0,298886.0,164060.0,344309.0,140348.0,31857.0,130233.28571428571,774025.0,40583.0,57149.0,984725.0,-1359.0,167711.0,181594.0
1973-01-01,118406.71428571429,209002.0,307483.0,169659.0,349971.0,142628.0,33626.0,131368.85714285713,787120.0,40784.0,57835.5,992767.0,-2049.0,171482.0,184080.0
1973-04-01,121500.57142857143,212780.0,308847.0,170105.0,355943.0,141437.0,36105.0,130828.57142857143,798835.0,41524.0,58682.0,1008484.0,516.0,176352.0,183619.0
1973-07-01,124412.42857142857,214237.0,309436.0,169740.0,361132.0,141003.0,37243.0,128756.71428571429,804919.0,41571.0,59392.5,1015978.0,3316.0,176385.0,183223.0
1973-10-01,127233.85714285714,214849.0,308764.0,169643.0,369778.0,143624.0,39097.0,131619.42857142858,823550.0,42202.0,60151.0,1033368.0,1670.0,181220.0,186488.0
1974-01-01,129079.14285714286,213073.0,306475.0,168511.0,374935.0,148875.0,38288.0,134180.0,835703.0,42507.0,62355.0,1041848.0,-957.0,180006.0,192093.0
1974-04-01,130231.42857142857,213043.0,306616.0,167784.0,382552.0,153833.0,36795.0,137513.2857142857,847820.0,42923.0,62193.0,1052969.0,-2706.0,179241.0,197492.0
1974-07-01,132117.7142857143,213314.0,304622.0,165936.0,388321.0,152627.0,35870.0,136111.42857142858,851386.0,43382.0,62033.5,1056527.0,-1671.0,176971.0,196733.0
1974-10-01,136231.2857142857,208443.0,297528.0,159603.0,397655.0,157841.0,39326.0,138381.2857142857,871244.0,45225.0,63159.5,1069650.0,-3154.0,178529.0,203809.0
1975-01-01,134821.0,213918.0,299480.0,160177.0,397296.0,153209.0,35042.0,135816.2857142857,859515.0,46387.0,62096.0,1064363.0,-1421.0,171184.0,200336.0
1975-04-01,133322.7142857143,215857.0,302945.0,161232.0,392102.0,149589.0,35785.0,133070.57142857142,847719.0,45416.0,62250.5,1055089.0,110.0,168914.0,195729.0
1975-07-01,132105.57142857142,215813.0,306797.0,164454.0,387716.0,150171.0,37830.0,134434.85714285713,846200.0,45698.0,62929.5,1053607.0,-1717.0,170705.0,196599.0
1975-10-01,130808.42857142857,216856.0,311641.0,166937.0,387666.0,148625.0,35506.0,135736.14285714287,845088.0,45679.0,64282.0,1053704.0,-3659.0,169551.0,195033.0
1976-01-01,131693.42857142858,216774.0,317890.0,170675.0,389290.0,149636.0,37339.0,138150.0,855249.0,45760.0,65203.5,1063502.0,-5037.0,175829.0,196126.0
1976-04-01,134238.2857142857,216106.0,318691.0,170928.0,394655.0,154911.0,37744.0,141102.42857142858,871098.0,46809.0,66392.0,1078243.0,-5955.0,179001.0,202469.0
1976-07-01,136577.2857142857,217704.0,321358.0,171843.0,400233.0,158595.0,39352.0,142677.42857142858,882985.0,48128.0,66138.0,1091560.0,-5478.0,181265.0,207490.0
1976-10-01,138387.57142857142,214557.0,327193.0,175025.0,406149.0,159375.0,39796.0,142729.14285714287,891058.0,47799.0,66324.5,1096425.0,-3103.0,182628.0,207936.0
1977-01-01,139811.85714285713,212826.0,330723.0,176851.0,407196.0,162913.0,41477.0,145013.2857142857,901139.0,48442.0,68074.5,1104712.0,-4584.0,185128.0,212133.0
1977-04-01,141154.85714285713,216806.0,337181.0,181525.0,410300.0,165983.0,42665.0,146654.14285714287,909625.0,48512.0,68071.0,1117077.0,-5489.0,187455.0,215275.0
1977-07-01,143431.14285714287,222232.0,341139.0,183387.0,415710.0,171597.0,44343.0,149961.14285714287,926092.0,47941.0,70141.0,1138781.0,-6580.0,190518.0,220282.0
1977-10-01,145357.42857142858,225142.0,344717.0,185252.0,417512.0,176208.0,46254.0,150978.57142857142,934673.0,47808.0,70094.5,1150198.0,-6539.0,193141.0,224743.0
1978-01-01,149075.57142857142,224002.0,343991.0,183543.0,419252.0,184456.0,47742.0,152168.57142857142,949609.0,46838.0,71592.0,1163796.0,-5872.0,198199.0,231961.0
1978-04-01,151921.0,224183.0,361409.0,195654.0,425397.0,188884.0,46769.0,153253.14285714287,963123.0,45573.0,72793.0,1177173.0,-4748.0,201032.0,235068.0
1978-07-01,153545.14285714287,227971.0,364994.0,197962.0,430474.0,189892.0,46237.0,154498.14285714287,972996.0,45639.0,74429.0,1190807.0,-4433.0,201988.0,236138.0
1978-10-01,157231.85714285713,228162.0,370424.0,201871.0,436669.0,195430.0,49825.0,156069.57142857142,989531.0,46645.0,74328.0,1207017.0,-4148.0,206025.0,242688.0
1979-01-01,160616.14285714287,230453.0,371302.0,201517.0,440968.0,201338.0,51654.0,155568.2857142857,999623.0,45883.0,74618.0,1219279.0,-1970.0,206276.0,247748.0
1979-04-01,163215.2857142857,232289.0,370727.0,200691.0,445801.0,202880.0,55093.0,156533.14285714287,1011954.0,46951.0,74753.0,1233151.0,-1396.0,210762.0,250379.0
1979-07-01,163998.85714285713,234695.0,378359.0,206495.0,449050.0,205480.0,51659.0,156867.85714285713,1014472.0,47299.0,74588.5,1238262.0,-1091.0,207352.0,253296.0
1979-10-01,164536.2857142857,234370.0,379090.0,206418.0,453438.0,206097.0,49925.0,157647.42857142858,1018596.0,48045.0,74074.0,1241938.0,-621.0,205887.0,254702.0
1980-01-01,164943.57142857142,233312.0,379269.0,206510.0,460153.0,207940.0,46851.0,159473.57142857142,1023929.0,49770.0,72347.0,1246000.0,-1203.0,203497.0,258455.0
1980-04-01,164965.57142857142,231082.0,367380.0,198037.0,462090.0,210879.0,43590.0,162040.7142857143,1029826.0,50958.0,73039.0,1249468.0,-2150.0,202119.0,262682.0
1980-07-01,163008.42857142858,226172.0,374605.0,202243.0,454777.0,214115.0,41735.0,161424.0,1019841.0,48164.0,72317.0,1234490.0,-3290.0,201104.0,262645.0
1980-10-01,164131.14285714287,223882.0,379286.0,204353.0,453932.0,215150.0,41600.0,159328.7142857143,1018043.0,46200.0,72813.0,1230240.0,-2895.0,200030.0,261416.0
1981-01-01,165545.85714285713,227724.0,380434.0,206097.0,458646.0,218605.0,39227.0,162916.42857142858,1031688.0,48577.0,74528.5,1247550.0,-3775.0,201029.0,267519.0
1981-04-01,166866.57142857142,231622.0,380450.0,205338.0,458555.0,216474.0,42324.0,161064.14285714287,1032195.0,47983.0,74126.0,1251888.0,-3359.0,205361.0,264757.0
1981-07-01,167867.14285714287,236703.0,380636.0,205651.0,462012.0,217382.0,42362.0,164002.2857142857,1045238.0,47803.0,77106.5,1269748.0,-3855.0,209035.0,265404.0
1981-10-01,167948.14285714287,238588.0,377301.0,202982.0,459994.0,220235.0,41930.0,166870.85714285713,1052502.0,48388.0,79765.0,1278828.0,-5370.0,211128.0,268830.0
1982-01-01,165985.14285714287,240960.0,375314.0,201268.0,455421.0,218069.0,39396.0,165885.14285714287,1042030.0,48930.0,79745.5,1270296.0,-6919.0,205776.0,267303.0
1982-04-01,166224.57142857142,243332.0,374428.0,200326.0,449964.0,222040.0,40008.0,164655.7142857143,1038281.0,46827.0,79636.5,1268620.0,-7001.0,206191.0,268898.0
1982-07-01,165706.14285714287,247488.0,369743.0,195873.0,447233.0,220126.0,43381.0,164687.7142857143,1036564.0,47709.0,78872.0,1270483.0,-8292.0,210135.0,267981.0
1982-10-01,161135.85714285713,249569.0,375600.0,199023.0,439421.0,217560.0,39206.0,164773.42857142858,1018974.0,47690.0,77466.5,1254210.0,-12121.0,206312.0,265444.0
1983-01-01,157407.0,245547.0,380357.0,200914.0,427664.0,215301.0,39854.0,165483.7142857143,1007539.0,46297.0,79149.0,1239046.0,-14262.0,208709.0,261714.0
1983-04-01,157168.57142857142,240607.0,387162.0,204525.0,429639.0,210502.0,40932.0,165441.2857142857,1009528.0,45799.0,79434.5,1236661.0,-12926.0,214001.0,256457.0
1983-07-01,158490.2857142857,227858.0,395526.0,209774.0,433492.0,213614.0,42107.0,168070.42857142858,1019927.0,47214.0,78811.0,1235836.0,-13111.0,218195.0,261042.0
1983-10-01,161008.85714285713,224071.0,404736.0,216211.0,438834.0,216715.0,43949.0,169026.42857142858,1031888.0,47185.0,78515.5,1244452.0,-11324.0,223132.0,264067.0
1984-01-01,165264.2857142857,226715.0,407825.0,218440.0,447727.0,221119.0,47537.0,172452.7142857143,1056777.0,47391.0,79233.5,1271888.0,-11892.0,234702.0,268629.0
1984-04-01,169102.2857142857,229089.0,415951.0,224068.0,462315.0,223993.0,47124.0,175710.85714285713,1080242.0,48792.0,79606.0,1297682.0,-11184.0,239055.0,272957.0
1984-07-01,173429.7142857143,231951.0,420140.0,226355.0,475268.0,232267.0,45949.0,179337.2857142857,1104277.0,49957.0,80002.5,1324611.0,-10333.0,239924.0,282361.0
1984-10-01,177046.14285714287,233315.0,427282.0,230935.0,477017.0,234709.0,51131.0,179776.14285714287,1119732.0,49839.0,81560.0,1341568.0,-7876.0,250374.0,284647.0
1985-01-01,177222.7142857143,236380.0,436342.0,235216.0,474006.0,237825.0,51199.0,181003.42857142858,1122304.0,49809.0,82890.0,1346809.0,-9079.0,252020.0,287691.0
1985-04-01,177883.14285714287,238072.0,439393.0,236345.0,473643.0,239930.0,52848.0,182484.7142857143,1128400.0,49815.0,83743.0,1354491.0,-9447.0,255603.0,289779.0
1985-07-01,177486.85714285713,241410.0,446535.0,239987.0,470789.0,242197.0,52702.0,184443.2857142857,1132055.0,48481.0,85389.0,1360949.0,-11076.0,259929.0,290603.0
1985-10-01,178225.7142857143,243604.0,447703.0,239811.0,468654.0,243921.0,59343.0,187221.7142857143,1141819.0,48414.0,86190.0,1372829.0,-13378.0,269692.0,292236.0
1986-01-01,179542.7142857143,243972.0,452746.0,242818.0,466298.0,246969.0,62832.0,189249.14285714287,1151730.0,48198.0,88003.5,1383366.0,-13584.0,278001.0,295029.0
1986-04-01,180029.14285714287,241776.0,454907.0,243814.0,466715.0,249443.0,63062.0,191378.14285714287,1158297.0,48611.0,89754.0,1388493.0,-14166.0,278734.0,297910.0
1986-07-01,178889.7142857143,240408.0,461654.0,248420.0,463018.0,255957.0,56866.0,193619.0,1156486.0,48239.0,90601.0,1385549.0,-16145.0,274452.0,304052.0
1986-10-01,177747.57142857142,240290.0,465161.0,249859.0,463695.0,254113.0,57693.0,194349.7142857143,1154206.0,48797.0,89137.5,1383055.0,-17822.0,273986.0,302759.0
1987-01-01,180326.2857142857,236733.0,463815.0,246171.0,463675.0,255025.0,66690.0,195290.42857142858,1167736.0,48264.0,89664.0,1394415.0,-15307.0,286584.0,303138.0
1987-04-01,182534.7142857143,231654.0,471692.0,251351.0,465098.0,258078.0,67744.0,195853.42857142858,1177755.0,47261.0,91097.0,1400785.0,-12712.0,292770.0,305180.0
1987-07-01,181560.0,229581.0,478557.0,255937.0,468524.0,257067.0,65394.0,197494.14285714287,1178843.0,47074.0,91247.0,1400236.0,-13533.0,291453.0,303985.0
1987-10-01,186354.57142857142,226969.0,478756.0,254998.0,474799.0,264533.0,69654.0,200783.2857142857,1204105.0,47956.0,93167.5,1424168.0,-11648.0,300600.0,312331.0
1988-01-01,187516.0,223917.0,487765.0,259775.0,479307.0,270305.0,64604.0,202825.0,1211651.0,48407.0,93362.0,1429429.0,-11595.0,297956.0,318558.0
1988-04-01,188623.14285714287,218551.0,495354.0,264324.0,483992.0,273999.0,66987.0,205991.14285714287,1223258.0,48561.0,93335.5,1436728.0,-11366.0,301402.0,322416.0
1988-07-01,191627.85714285713,214204.0,497934.0,263938.0,487611.0,276805.0,67998.0,205364.85714285713,1232985.0,48650.0,93683.5,1442801.0,-8376.0,305039.0,325322.0
1988-10-01,194513.7142857143,207783.0,503561.0,267557.0,497061.0,274523.0,71816.0,205662.14285714287,1246991.0,49722.0,93983.0,1451144.0,-5292.0,310191.0,324080.0
1989-01-01,197573.2857142857,210240.0,507220.0,269170.0,503388.0,273054.0,77554.0,205764.7142857143,1261104.0,49947.0,93634.5,1467634.0,-3039.0,319741.0,322828.0
1989-04-01,199457.57142857142,211465.0,511230.0,272156.0,510857.0,277226.0,74758.0,207907.0,1272501.0,50977.0,92593.0,1480263.0,-3357.0,320529.0,328023.0
1989-07-01,199438.0,209593.0,518675.0,277406.0,515261.0,277128.0,71418.0,209786.85714285713,1277575.0,51743.0,93276.5,1483753.0,-3819.0,320278.0,328676.0
1989-10-01,200807.85714285713,207763.0,517847.0,274769.0,515726.0,277477.0,76880.0,210010.85714285713,1284178.0,50826.0,92565.5,1488817.0,-2691.0,328375.0,328127.0
1990-01-01,201001.14285714287,208413.0,523921.0,279381.0,521080.0,278812.0,71467.0,211608.0,1288164.0,52030.0,93412.5,1493463.0,-3678.0,323661.0,330646.0
1990-04-01,203007.0,207708.0,523139.0,276161.0,523610.0,283147.0,73936.0,213778.2857142857,1300250.0,52582.0,93918.5,1505101.0,-3524.0,328191.0,335536.0
1990-07-01,204641.2857142857,209232.0,524057.0,275841.0,527497.0,286478.0,75754.0,214070.0,1306398.0,52149.0,92956.0,1512720.0,-3014.0,328562.0,338447.0
1990-10-01,203525.42857142858,223021.0,519399.0,272476.0,527397.0,286973.0,75206.0,213903.57142857142,1300935.0,52110.0,90486.0,1509139.0,-15394.0,326333.0,338903.0
1991-01-01,200865.7142857143,223115.0,514371.0,269220.0,525749.0,289358.0,69469.0,216156.85714285713,1295284.0,52141.0,90269.0,1503482.0,-18271.0,319382.0,341320.0
1991-04-01,198019.7142857143,222843.0,520004.0,270862.0,520148.0,285941.0,70305.0,217279.42857142858,1288899.0,51192.0,91418.5,1496770.0,-20267.0,320865.0,336963.0
1991-07-01,198244.14285714287,218310.0,520879.0,270797.0,518610.0,286869.0,72180.0,218621.7142857143,1292829.0,51720.0,91721.0,1497054.0,-20133.0,324850.0,338404.0
1991-10-01,198511.14285714287,220258.0,520021.0,268912.0,518516.0,291989.0,70975.0,222024.2857142857,1300953.0,51977.0,92166.5,1506915.0,-22648.0,327015.0,343797.0
1992-01-01,197109.57142857142,223916.0,531010.0,274421.0,515240.0,293406.0,71400.0,223618.2857142857,1298773.0,51433.0,92674.0,1507661.0,-25735.0,325638.0,344696.0
1992-04-01,197980.85714285713,227914.0,535745.0,276746.0,513025.0,296247.0,72460.0,224198.2857142857,1302573.0,51481.0,92973.5,1514832.0,-26490.0,328799.0,347599.0
1992-07-01,197954.7142857143,229807.0,541207.0,279532.0,515401.0,296858.0,72001.0,226202.2857142857,1307538.0,52571.0,92824.5,1521409.0,-27976.0,329707.0,349266.0
1992-10-01,197912.14285714287,230923.0,548161.0,283326.0,512283.0,303062.0,72453.0,229577.14285714287,1314104.0,51734.0,93852.0,1528953.0,-30363.0,332820.0,354696.0
1993-01-01,199836.0,229311.0,547089.0,282254.0,513160.0,304523.0,78051.0,231763.57142857142,1328208.0,51655.0,93929.5,1541977.0,-29024.0,344949.0,356092.0
1993-04-01,200898.14285714287,227917.0,552491.0,286357.0,516413.0,306104.0,79025.0,233859.57142857142,1337977.0,51438.0,95654.5,1550764.0,-29076.0,347512.0,357477.0
1993-07-01,201980.0,221017.0,557477.0,288272.0,518166.0,309142.0,76863.0,234945.0,1344091.0,51449.0,96583.0,1551346.0,-27646.0,348401.0,360551.0
1993-10-01,203712.42857142858,219706.0,566067.0,294558.0,517046.0,310395.0,76637.0,234743.2857142857,1350059.0,51874.0,98760.0,1556232.0,-26082.0,352180.0,362220.0
1994-01-01,205573.7142857143,226878.0,569810.0,296034.0,520506.0,309210.0,79746.0,235165.14285714287,1359392.0,52643.0,99844.0,1571716.0,-26000.0,357162.0,361744.0
1994-04-01,209418.7142857143,234772.0,575483.0,299412.0,524624.0,314908.0,80516.0,237754.2857142857,1380536.0,52467.0,102169.5,1599668.0,-25919.0,366516.0,367334.0
1994-07-01,212258.14285714287,238978.0,581791.0,303243.0,528042.0,320022.0,82111.0,239454.42857142858,1394442.0,53139.0,102758.5,1617120.0,-25812.0,371267.0,373130.0
1994-10-01,216192.14285714287,240281.0,588679.0,307859.0,532942.0,327443.0,84482.0,243221.0,1417406.0,54518.0,104976.0,1641646.0,-25242.0,377933.0,381922.0
1995-01-01,220400.57142857142,238460.0,592129.0,309876.0,539919.0,332602.0,88151.0,245569.57142857142,1438864.0,55518.0,105952.0,1662157.0,-23100.0,384961.0,388072.0
1995-04-01,223262.2857142857,233458.0,596587.0,310839.0,544927.0,335906.0,89979.0,247430.85714285713,1454034.0,56902.0,106457.5,1673860.0,-20743.0,390549.0,392702.0
1995-07-01,225244.7142857143,223853.0,605927.0,316491.0,549054.0,339159.0,88699.0,248672.42857142858,1463878.0,57661.0,107536.0,1676522.0,-17819.0,392163.0,396699.0
1995-10-01,227952.14285714287,220744.0,611516.0,320329.0,551414.0,339737.0,90373.0,247350.42857142858,1470593.0,58611.0,108365.0,1680803.0,-15145.0,393224.0,398160.0
1996-01-01,228929.42857142858,219257.0,618843.0,324303.0,557077.0,339578.0,86351.0,246889.57142857142,1472392.0,59820.0,108817.5,1681379.0,-14983.0,388639.0,399113.0
1996-04-01,230396.57142857142,222208.0,628491.0,331032.0,555961.0,341449.0,89572.0,247031.0,1478352.0,59440.0,109387.5,1689777.0,-14041.0,393558.0,400661.0
1996-07-01,233488.85714285713,231912.0,632300.0,334313.0,560581.0,338615.0,93411.0,245710.57142857142,1488766.0,59734.0,110089.0,1708325.0,-13081.0,400806.0,398069.0
1996-10-01,234150.2857142857,233255.0,642923.0,340481.0,564724.0,341715.0,93024.0,248592.57142857142,1498362.0,59618.0,110703.5,1719136.0,-14357.0,402525.0,401097.0
1997-01-01,236495.2857142857,230291.0,647689.0,343407.0,567486.0,349055.0,91777.0,251043.14285714287,1509344.0,59959.0,112016.0,1728046.0,-14591.0,403128.0,408828.0
1997-04-01,243532.42857142858,233172.0,652889.0,346431.0,580759.0,359867.0,92540.0,255050.42857142858,1541393.0,61003.0,114470.0,1763147.0,-15358.0,410003.0,420731.0
1997-07-01,247799.7142857143,236481.0,666744.0,356067.0,591394.0,365544.0,94365.0,258170.7142857143,1561531.0,61404.0,116229.5,1786415.0,-18593.0,414574.0,426846.0
1997-10-01,252796.2857142857,238675.0,670970.0,357818.0,601483.0,374318.0,97537.0,261832.42857142858,1584039.0,63218.0,117621.5,1811237.0,-22756.0,418221.0,437411.0
