Date,Durable goods industries,Farm,Food and beverage stores,General merchandise stores,Manufacturing,Merchant wholesale trade,"Mining, utilities, and construction",Motor vehicle and parts dealers,Nondurable goods industries,Nonfarm industries,Nonmerchant wholesale trade,Other industries,Other retail stores,Private inventories,Retail trade,Wholesale trade
1996-10-01,89.23025000000001,58.541,63.978,76.507,75.435,76.464,60.1,95.747,61.6215,76.625,71.65,73.683,80.974,74.727,82.944,75.744
1997-01-01,89.0165,60.116,64.146,76.496,75.103,76.223,61.614,95.367,61.43675,76.555,71.556,73.667,80.581,74.878,82.685,75.525
1997-04-01,87.71725,59.228,63.77,76.516,73.894,75.495,58.752,94.446,60.854749999999996,75.712,70.033,72.957,79.738,74.023,82.027,74.673
1997-07-01,86.7005,58.514,63.979,76.572,72.969,75.094,59.045,93.749,60.749249999999996,75.357,69.753,73.365,79.223,73.617,81.643,74.29
1997-10-01,86.001,57.356,63.876,76.679,72.623,74.607,60.646,93.147,60.56,75.188,68.986,73.259,78.726,73.315,81.266,73.76
1998-01-01,84.7485,55.676,63.963,77.099,71.377,73.86,57.49,93.196,59.90225,74.345,67.124,73.434,78.164,72.356,81.112,72.842
1998-04-01,83.969,53.382,64.021,77.36,70.996,73.076,57.857,93.369,59.41475,73.991,66.152,73.367,77.887,71.748,81.085,72.029
1998-07-01,83.173,50.581,64.346,77.547,70.642,72.028,56.989,93.602,58.605000000000004,73.513,64.979,73.675,77.136,70.969,80.869,70.963
1998-10-01,82.4545,49.976,64.838,77.707,69.964,71.9,56.761,93.811,58.681,73.193,64.456,73.372,76.95,70.612,80.918,70.775
1999-01-01,81.985,51.177,64.651,77.634,69.607,71.542,56.441,93.065,58.550250000000005,72.889,64.233,73.383,76.856,70.496,80.643,70.437
1999-04-01,81.962,50.83,64.88,77.737,69.941,71.552,58.537,93.539,58.97075,73.251,65.067,73.967,77.166,70.771,80.956,70.57
1999-07-01,82.16575,51.28,65.383,78.01,70.737,71.903,60.879,94.279,59.94925,73.942,66.23,74.557,77.696,71.434,81.498,71.044
1999-10-01,82.64475,52.765,65.129,78.117,71.75,72.268,61.918,94.369,60.794000000000004,74.622,67.385,75.699,78.15,72.213,81.723,71.527
2000-01-01,83.12675,55.367,65.362,78.278,73.137,72.861,61.92,94.211,62.2045,75.436,68.651,76.513,78.677,73.238,81.971,72.222
2000-04-01,83.0265,54.195,65.848,78.334,73.382,72.826,64.378,94.632,62.474250000000005,75.674,68.825,76.813,78.652,73.315,82.133,72.218
2000-07-01,82.87725,52.931,65.891,78.338,73.723,72.662,67.299,94.616,62.706,75.874,69.082,77.046,78.551,73.35,82.086,72.119
2000-10-01,82.319,56.723,66.506,78.428,73.559,72.91,71.922,95.357,63.81425,76.143,69.222,77.557,78.521,74.018,82.358,72.351
2001-01-01,82.08149999999999,57.923,67.579,78.83,74.035,72.587,75.946,95.384,64.051,76.317,68.101,77.461,78.124,74.309,82.355,71.905
2001-04-01,81.5545,57.413,67.661,78.951,73.167,72.369,69.877,94.837,63.586749999999995,75.657,67.57,77.2,77.985,73.666,82.168,71.639
2001-07-01,81.30025,55.48,68.069,78.97,72.41,72.128,65.173,94.621,62.7335,74.984,66.383,76.32,77.507,72.848,81.932,71.257
2001-10-01,80.91675000000001,54.13,67.974,78.762,71.509,71.5,63.815,94.241,61.48175,74.191,64.285,75.552,76.691,71.99,81.408,70.413
2002-01-01,79.9165,54.774,68.625,78.498,68.966,71.651,64.73,93.631,61.0005,73.365,64.478,75.593,76.744,71.334,81.283,70.57
2002-04-01,80.32825,54.518,67.191,78.36,69.909,71.931,67.325,93.275,61.52375,73.815,64.637,75.601,76.941,71.704,81.108,70.832
2002-07-01,80.7235,56.155,67.352,78.417,71.341,73.141,67.228,93.13,63.5075,74.649,65.393,75.828,77.164,72.631,81.194,71.977
2002-10-01,81.07675,59.483,67.711,78.692,72.68,72.939,70.059,92.566,64.093,75.246,65.969,76.52,77.344,73.536,81.193,71.887
2003-01-01,81.43525,59.255,68.447,80.239,74.181,73.707,83.607,94.827,66.08250000000001,76.903,68.107,77.189,77.726,74.983,82.363,72.851
2003-04-01,81.348,59.659,69.049,80.411,73.706,73.588,82.072,93.971,65.54075,76.474,66.724,76.748,77.29,74.647,82.003,72.551
2003-07-01,81.319,65.405,70.927,80.847,73.848,74.232,79.236,92.53,66.61500000000001,76.562,67.505,76.705,77.521,75.37,81.918,73.214
2003-10-01,81.962,66.039,72.295,81.157,75.085,75.237,78.183,90.915,67.84925,77.144,67.904,76.762,77.94,75.958,81.788,74.132
2004-01-01,83.7425,67.934,72.351,81.414,76.912,76.603,83.858,91.14,69.066,78.507,69.761,77.107,78.712,77.382,82.242,75.567
2004-04-01,84.745,69.486,73.301,81.886,78.596,77.341,87.982,91.535,70.33175,79.665,71.636,77.69,79.338,78.585,82.797,76.465
2004-07-01,86.194,65.742,73.89,81.686,80.731,77.95,89.25,92.594,70.97175,80.849,73.218,78.567,79.892,79.215,83.388,77.212
2004-10-01,86.7625,65.343,74.433,81.937,80.949,78.333,94.24,93.297,71.08125,81.436,73.301,79.506,80.388,79.693,83.91,77.552
2005-01-01,87.29599999999999,67.014,74.952,82.297,82.189,79.351,94.633,93.239,72.932,82.478,76.212,81.395,81.208,80.805,84.355,78.837
2005-04-01,86.732,65.54,74.618,82.254,82.207,79.396,97.58,93.594,73.72800000000001,82.742,77.119,82.57,81.08,80.878,84.369,79.005
2005-07-01,87.36325,66.935,74.949,82.428,84.326,80.452,107.404,94.171,76.35325,84.5,80.707,83.677,82.194,82.596,85.095,80.422
2005-10-01,87.9975,68.61,76.405,82.571,84.729,80.795,123.856,92.871,76.4935,85.289,79.535,83.865,82.417,83.482,84.953,80.547
2006-01-01,89.42925,65.418,74.941,82.555,85.983,81.61,109.794,93.294,76.536,85.459,81.833,83.772,82.977,83.29,85.204,81.577
2006-04-01,91.1785,65.855,75.303,82.719,88.263,83.48,102.22,93.461,78.66025,86.796,85.952,86.235,83.834,84.534,85.699,83.775
2006-07-01,91.59925,69.749,77.364,83.038,88.72,83.72,101.541,93.024,78.70275000000001,86.876,83.595,86.061,83.848,85.019,85.803,83.637
2006-10-01,91.7265,70.181,77.872,83.531,88.21,84.493,101.398,92.781,78.92925,86.797,81.936,85.686,83.903,84.997,85.882,84.053
2007-01-01,92.524,76.211,80.667,84.363,89.35,86.031,104.543,92.274,81.17824999999999,87.968,83.984,86.183,84.765,86.667,86.504,85.666
2007-04-01,93.2985,75.4,80.003,84.785,91.037,87.132,108.316,92.653,83.19275,89.337,87.067,88.269,85.277,87.808,86.863,87.061
2007-07-01,92.9935,78.679,81.088,85.351,91.633,87.753,103.218,93.049,84.788,89.602,86.942,88.759,85.717,88.381,87.365,87.57
2007-10-01,93.43025,80.745,83.92,86.065,94.374,90.083,106.766,93.484,89.524,91.747,90.089,90.367,86.965,90.513,88.419,90.021
2008-01-01,96.13074999999999,85.516,85.592,87.266,98.353,93.188,116.871,93.894,93.827,94.862,94.978,92.189,88.129,93.792,89.414,93.412
2008-04-01,99.41425000000001,91.604,87.305,88.345,105.259,96.617,134.752,93.666,100.47875,99.637,103.396,95.331,89.863,98.692,90.465,97.653
2008-07-01,99.224,87.931,87.999,89.163,102.726,95.477,131.793,93.7,97.0715,98.429,98.959,96.707,90.306,97.238,90.877,95.997
2008-10-01,93.88974999999999,78.78,86.475,88.677,90.872,88.694,110.371,92.866,84.3765,90.537,83.675,92.795,87.403,89.229,89.099,87.856
2009-01-01,92.75775,77.446,85.135,88.359,89.155,87.794,100.038,91.738,82.8545,88.808,82.075,89.595,87.114,87.543,88.479,86.843
2009-04-01,92.94825,75.307,85.329,88.614,90.418,89.131,93.397,92.628,85.21875,89.578,85.067,90.084,87.924,88.011,89.162,88.446
2009-07-01,94.45824999999999,73.755,84.992,88.464,92.35,89.749,94.429,93.634,85.71074999999999,90.675,85.987,91.242,88.557,88.831,89.663,89.113
2009-10-01,95.30225,74.425,87.747,89.093,94.228,91.235,100.923,95.439,88.279,92.494,88.262,91.905,89.904,90.528,91.145,90.723
2010-01-01,96.73375,78.353,89.621,89.703,96.282,92.363,108.68,96.367,90.0915,94.317,90.615,92.826,91.576,92.575,92.469,92.042
2010-04-01,97.254,77.979,87.945,89.944,96.428,92.824,103.452,97.339,90.0985,94.382,90.682,94.111,91.611,92.6,92.614,92.441
2010-07-01,97.3385,83.274,88.314,90.24,97.184,94.515,105.013,97.952,92.7895,95.314,91.856,94.666,91.985,93.974,93.042,94.049
2010-10-01,98.51325,92.6,91.361,91.317,100.191,97.423,102.999,97.065,97.548,97.407,95.188,95.941,93.397,96.771,93.952,97.025
2011-01-01,100.70425,104.365,94.678,93.003,104.88,100.65,108.333,98.162,103.38775,100.898,100.847,98.662,95.067,101.045,95.636,100.649
2011-04-01,101.7445,103.396,94.025,94.186,106.601,102.316,111.35,100.632,105.82425,102.606,103.684,100.623,95.975,102.496,96.857,102.506
2011-07-01,101.831,106.1,95.409,95.533,105.937,102.799,112.299,101.362,105.94925,102.759,102.847,100.923,96.773,102.887,97.795,102.771
2011-10-01,101.1345,108.774,95.992,95.931,104.881,101.955,107.354,100.422,105.0735,102.043,102.619,101.463,97.256,102.488,97.894,102.028
2012-01-01,101.93525,111.856,95.844,96.314,106.173,102.931,101.712,100.893,106.61325,102.871,105.328,103.167,98.096,103.514,98.464,103.287
2012-04-01,101.131,113.465,96.206,96.392,103.605,102.035,97.847,102.738,104.4485,101.578,102.724,103.309,97.485,102.477,98.77,102.114
2012-07-01,101.054,118.587,97.918,97.109,104.372,104.005,101.56,102.264,108.0125,102.688,105.947,102.226,98.31,103.927,99.29,104.285
2012-10-01,101.36,113.716,99.304,97.426,104.499,103.626,107.236,100.988,106.9705,102.749,104.229,102.079,98.329,103.567,99.11,103.689
2013-01-01,100.81075,107.726,99.491,97.409,107.758,103.613,107.684,100.789,110.04575,104.011,106.007,102.676,98.726,104.231,99.238,103.966
2013-04-01,100.14475,108.11,99.574,97.512,107.6,102.827,110.185,100.253,109.5865,103.628,103.859,102.129,98.187,103.909,98.862,102.958
2013-07-01,100.24125000000001,108.266,99.922,97.282,107.78,101.572,108.708,100.142,108.15899999999999,103.28,104.399,101.096,98.431,103.601,98.927,101.994
2013-10-01,100.883,110.543,99.865,97.601,107.118,101.575,109.405,100.842,107.17125,103.282,105.471,101.447,98.873,103.79,99.383,102.166
2014-01-01,101.27775,118.978,101.735,99.402,109.371,102.717,117.928,100.78,110.453,104.983,107.281,102.079,99.75,106.044,100.202,103.414
2014-04-01,101.49725000000001,119.736,103.03,99.976,109.442,102.846,116.893,101.54,110.52674999999999,105.173,107.601,102.541,99.816,106.278,100.676,103.574
2014-07-01,101.6105,120.164,103.198,100.427,107.869,101.989,110.542,101.322,107.9535,104.072,106.313,101.45,99.976,105.299,100.762,102.65
2014-10-01,101.0795,120.93,103.827,100.335,103.533,100.56,107.735,99.266,102.81,101.516,100.152,100.169,98.919,103.008,99.683,100.475
2015-01-01,100.0225,117.623,100.855,99.595,99.695,99.113,100.013,100.79,99.05825,99.326,98.095,98.516,98.311,100.728,99.537,98.933
2015-04-01,99.37925,113.737,100.87,99.702,100.06,99.203,97.85,101.861,100.278,99.64,99.119,99.465,98.754,100.713,100.094,99.171
2015-07-01,98.49000000000001,104.736,101.035,99.607,97.3,98.282,96.27,101.344,97.5715,98.241,96.307,99.923,98.207,98.732,99.69,97.949
2015-10-01,97.47825,99.327,101.394,99.244,95.12,97.181,91.459,99.742,95.38425000000001,96.801,94.788,99.979,97.889,96.99,99.01,96.782
2016-01-01,97.69200000000001,102.126,100.165,99.317,94.012,96.732,89.139,100.878,93.70425,96.19,93.102,100.239,97.514,96.63,99.129,96.13
2016-04-01,98.7985,97.376,100.233,99.46,97.049,98.189,92.457,100.816,96.53075,98.054,95.574,102.378,98.28,98.006,99.471,97.753
2016-07-01,98.9385,87.107,99.712,99.468,97.187,97.793,97.071,100.1,95.79625,98.279,95.615,103.83,98.466,97.462,99.271,97.428
2016-10-01,99.271,91.76,99.61,99.582,98.468,98.616,99.13,99.826,97.7045,99.22,97.463,105.297,98.941,98.671,99.393,98.421
2017-01-01,99.61125,98.528,100.859,100.062,98.855,99.651,104.139,99.856,99.372,100.159,99.248,106.322,99.865,100.033,99.973,99.582
2017-04-01,99.99625,100.235,101.552,100.054,98.705,99.909,102.05,99.789,99.0195,99.98,98.63,105.376,99.8,99.992,99.978,99.69
2017-07-01,100.40125,89.923,101.059,100.222,99.503,100.471,96.939,99.851,99.57675,100.306,100.518,105.468,100.273,99.571,100.183,100.481
2017-10-01,100.74375,96.878,100.422,100.288,101.591,101.312,101.258,100.164,102.2245,101.615,102.583,106.066,101.054,101.277,100.581,101.536
2018-01-01,102.35,99.007,101.187,100.804,103.569,103.033,102.991,100.796,104.114,103.22,103.723,108.905,102.046,102.922,101.36,103.154
2018-04-01,103.72425,94.406,101.856,101.061,105.512,104.066,101.236,100.962,105.211,104.298,105.863,109.43,102.746,103.614,101.806,104.384
2018-07-01,103.8075,92.12,100.799,101.066,106.284,103.878,102.929,100.499,105.50325000000001,104.661,106.369,110.602,103.254,103.802,101.76,104.32
2018-10-01,104.102,97.39,102.909,101.29,105.024,103.873,110.252,100.832,104.2865,104.507,104.048,111.007,103.058,104.009,102.009,103.904
2019-01-01,104.07525,102.456,102.801,101.672,104.631,103.901,105.255,101.356,104.32825,104.422,104.845,110.934,104.105,104.257,102.678,104.068
2019-04-01,103.17224999999999,97.129,102.753,101.845,103.601,103.744,97.405,101.425,104.217,103.84,104.338,111.769,104.446,103.386,102.865,103.849
2019-07-01,103.10025,92.451,102.946,102.13,102.896,103.771,95.221,101.183,103.56075,103.467,103.765,111.219,104.548,102.756,102.873,103.768
2019-10-01,103.22275,101.409,105.497,102.621,103.647,104.187,96.84,100.559,104.81725,103.943,104.543,111.061,104.819,103.725,103.035,104.251
2020-01-01,103.29650000000001,93.841,103.23,101.843,100.208,102.616,90.403,101.399,99.4055,101.747,99.719,110.048,103.791,101.233,102.639,102.091
2020-04-01,103.41525,87.916,104.836,102.051,99.962,101.721,86.539,101.188,97.58225,100.946,98.345,106.669,103.569,100.145,102.631,101.111
2020-07-01,104.83425,90.111,105.087,102.182,101.663,104.46,90.497,104.784,101.06225,103.057,101.324,108.64,104.166,102.258,104.19,103.893
2020-10-01,107.13225,92.116,105.383,102.498,105.871,107.403,98.929,104.74,105.33475,105.852,103.924,110.245,104.948,105.005,104.576,106.775
2021-01-01,111.31925,99.707,106.294,103.51,113.291,111.857,112.011,106.702,112.28275,110.946,110.05,114.204,106.898,110.231,106.308,111.529
2021-04-01,117.76175,105.309,109.764,105.138,121.663,117.176,110.861,116.568,118.18875,116.531,115.026,116.011,109.128,115.813,111.058,116.783
2021-07-01,121.13024999999999,105.136,113.174,106.995,127.233,119.427,125.499,117.079,121.724,120.316,118.229,119.145,111.539,119.374,112.889,119.211
2021-10-01,125.02025,112.032,116.095,108.828,131.385,122.83,142.17,120.872,125.4305,124.394,122.23,122.948,114.482,123.601,115.923,122.724
2022-01-01,126.82124999999999,115.204,120.228,111.543,136.39,127.939,146.86,122.591,134.6165,129.213,130.579,129.237,118.301,128.342,118.989,128.431
2022-04-01,128.209,116.756,122.596,113.974,141.721,130.611,173.889,124.403,141.8855,134.193,137.586,137.824,121.479,133.153,121.588,131.901
2022-07-01,126.5145,118.784,125.531,115.251,136.923,129.447,186.365,123.516,138.88875000000002,132.967,132.157,142.791,121.716,132.093,121.864,129.954
2022-10-01,125.43025,128.011,129.966,116.331,132.177,128.649,160.083,120.66,135.33125,130.275,129.878,142.451,122.397,129.981,121.83,128.881
2023-01-01,127.027,136.18,125.375,115.788,130.999,128.06,137.182,120.45,131.44875,128.962,128.786,143.659,123.347,129.116,121.755,128.198
2023-04-01,127.241,145.219,124.444,115.701,129.603,127.151,119.315,123.83,128.841,127.733,126.741,142.601,123.453,128.367,122.807,127.075
2023-07-01,127.113,143.849,124.124,116.117,129.75,127.714,123.768,121.59,130.199,128.151,130.344,141.22,124.556,128.698,122.6,128.219
2023-10-01,127.505,136.209,125.421,115.963,128.557,127.317,126.929,120.622,127.736,127.473,127.609,140.537,124.205,127.696,122.21,127.373
2024-01-01,128.2655,145.694,126.506,116.561,130.017,127.295,123.812,120.015,128.26,127.978,129.512,140.224,125.075,128.612,122.542,127.72
2024-04-01,127.69749999999999,147.927,125.306,116.3,129.086,126.945,120.139,119.724,127.46950000000001,127.274,127.043,140.972,124.742,128.043,122.164,126.966
2024-07-01,128.16500000000002,148.313,126.724,116.686,128.339,127.405,121.181,119.606,126.978,127.324,127.307,140.686,125.543,128.108,122.621,127.388
2024-10-01,128.186,148.597,130.14,117.492,128.795,127.886,126.742,121.54,128.237,128.2,127.882,141.024,126.075,128.956,123.937,127.888
