Date,Durable goods industries,Farm,Final sales of domestic business,Final sales of goods and structures of domestic business,Food and beverage stores,General merchandise stores,Manufacturing,Merchant wholesale trade,"Mining, utilities, and construction",Motor vehicle and parts dealers,Nondurable goods industries,Nonfarm industries,Nonmerchant wholesale trade,Other industries,Other retail stores,Private inventories,Residual,Retail trade,Wholesale trade
1996-10-01,334671.75,233255.0,642923.0,340481.0,43019.0,75784.0,558110.0,317005.0,51784.0,106390.0,408611.25,1498362.0,59618.0,111458.0,174597.0,1719136.0,-15067.0,396345.0,376416.0
1997-01-01,338253.25,230291.0,647689.0,343407.0,43146.0,75656.0,560620.0,323448.0,51735.0,106584.0,411660.5,1509344.0,59959.0,113788.0,176341.0,1728046.0,-16789.0,398252.0,383243.0
1997-04-01,349053.0,233172.0,652889.0,346431.0,43323.0,76695.0,573647.0,333782.0,53266.0,108408.0,418123.75,1541393.0,61003.0,116054.0,180294.0,1763147.0,-18226.0,405308.0,394669.0
1997-07-01,355207.5,236481.0,666744.0,356067.0,43868.0,76306.0,584273.0,339056.0,54685.0,109855.0,423811.0,1561531.0,61404.0,116737.0,183704.0,1786415.0,-21464.0,410348.0,400378.0
1997-10-01,362633.0,238675.0,670970.0,357818.0,43572.0,75969.0,594102.0,347605.0,54397.0,111852.0,430343.25,1584039.0,63218.0,118894.0,185770.0,1811237.0,-24166.0,414094.0,410724.0
1998-01-01,374641.5,240742.0,679046.0,360931.0,43965.0,75913.0,607638.0,356863.0,57090.0,114505.0,434811.0,1619414.0,64565.0,119130.0,191458.0,1849173.0,-21830.0,422891.0,421349.0
1998-04-01,378954.0,239869.0,692078.0,368215.0,44676.0,75861.0,613238.0,361372.0,59408.0,112835.0,437339.75,1633476.0,64634.0,120631.0,193742.0,1862998.0,-21730.0,423678.0,425985.0
1998-07-01,384683.75,240847.0,700760.0,374434.0,44623.0,76664.0,614434.0,370335.0,61152.0,111716.0,440449.0,1649714.0,65386.0,121842.0,197216.0,1880493.0,-21158.0,426437.0,435769.0
1998-10-01,389682.5,241136.0,714757.0,384183.0,45079.0,76446.0,617368.0,374739.0,64142.0,113816.0,443269.75,1669292.0,66300.0,124534.0,200797.0,1900980.0,-19911.0,432434.0,441075.0
1999-01-01,396911.5,240496.0,721152.0,386356.0,45802.0,77423.0,622953.0,381743.0,64100.0,120457.0,447632.0,1697093.0,67059.0,126442.0,203514.0,1929307.0,-16955.0,444218.0,448883.0
1999-04-01,398893.5,240855.0,732621.0,393352.0,46402.0,78117.0,624210.0,383408.0,64185.0,120610.0,449998.5,1708549.0,68334.0,129012.0,206712.0,1941423.0,-16294.0,448593.0,451745.0
1999-07-01,403322.75,236875.0,742818.0,398675.0,47208.0,78763.0,630075.0,389776.0,63252.0,121285.0,454220.0,1725811.0,69399.0,131362.0,207309.0,1956440.0,-15041.0,451207.0,459184.0
1999-10-01,411193.75,235581.0,752440.0,403815.0,47483.0,79922.0,637228.0,397924.0,61848.0,127102.0,458955.25,1754347.0,70158.0,132325.0,211528.0,1985025.0,-12033.0,463287.0,468138.0
2000-01-01,413132.75,228796.0,763202.0,409860.0,47452.0,80047.0,634429.0,402471.0,62688.0,127642.0,459979.25,1764115.0,71316.0,135918.0,213321.0,1990032.0,-9951.0,465729.0,473823.0
2000-04-01,420624.0,231088.0,771624.0,413321.0,46718.0,80874.0,638199.0,409093.0,61667.0,133877.0,463877.25,1791084.0,73124.0,140290.0,216836.0,2019528.0,-7319.0,476484.0,482222.0
2000-07-01,425210.0,230316.0,774590.0,414991.0,46867.0,80607.0,641789.0,412246.0,61327.0,138067.0,467237.0,1812141.0,74831.0,146485.0,218652.0,2040701.0,-5220.0,482923.0,487029.0
2000-10-01,431155.25,232917.0,779124.0,416671.0,46611.0,81260.0,647092.0,418562.0,58500.0,139690.0,470542.0,1829044.0,75879.0,148666.0,221197.0,2060050.0,-4547.0,487652.0,494395.0
2001-01-01,425688.25,235123.0,780503.0,417436.0,46936.0,82903.0,639995.0,417402.0,61792.0,132756.0,471583.75,1817287.0,74746.0,149914.0,220725.0,2049660.0,-7486.0,481013.0,492153.0
2001-04-01,420949.75,234031.0,781768.0,418948.0,47160.0,83134.0,636303.0,416413.0,65888.0,135192.0,475839.75,1818160.0,73445.0,150319.0,219511.0,2049694.0,-8504.0,483089.0,489932.0
2001-07-01,413121.75,234609.0,778076.0,415967.0,47165.0,83088.0,626935.0,411129.0,67884.0,137474.0,476339.25,1807156.0,70662.0,150635.0,220182.0,2038814.0,-9493.0,486324.0,481986.0
2001-10-01,402420.0,233090.0,784535.0,421286.0,47230.0,81468.0,615746.0,407065.0,70743.0,129824.0,476459.75,1781190.0,69474.0,150310.0,219231.0,2010912.0,-13799.0,475076.0,476776.0
2002-01-01,400783.75,233984.0,783144.0,418289.0,47419.0,81120.0,611040.0,405655.0,70844.0,135050.0,475527.0,1779054.0,67636.0,148698.0,219683.0,2009374.0,-13083.0,481359.0,473665.0
2002-04-01,401918.25,230385.0,784763.0,416454.0,47671.0,81156.0,612320.0,406820.0,69664.0,139973.0,477409.0,1789621.0,67687.0,149067.0,221968.0,2017478.0,-11154.0,489430.0,474894.0
2002-07-01,403122.5,229152.0,787992.0,418052.0,48518.0,82562.0,613916.0,408058.0,67972.0,140741.0,478977.5,1797012.0,68229.0,148378.0,225107.0,2024119.0,-10596.0,495351.0,476646.0
2002-10-01,404455.5,228500.0,787370.0,415828.0,48493.0,84080.0,613612.0,408340.0,66748.0,148311.0,480466.75,1807224.0,69289.0,147570.0,225443.0,2034056.0,-9023.0,505773.0,477900.0
2003-01-01,408220.0,229580.0,792273.0,419655.0,48186.0,84166.0,614774.0,408081.0,68463.0,152765.0,478370.75,1816444.0,67652.0,147144.0,228751.0,2044375.0,-7029.0,513799.0,476124.0
2003-04-01,407146.5,229260.0,803399.0,426535.0,47126.0,84370.0,610706.0,405744.0,69330.0,155850.0,476687.75,1814395.0,68139.0,148682.0,227095.0,2042030.0,-6101.0,515051.0,474209.0
2003-07-01,405147.75,229317.0,822030.0,441425.0,47587.0,85030.0,605227.0,405276.0,71106.0,157915.0,477466.5,1815182.0,67665.0,149076.0,228294.0,2042889.0,-5933.0,519532.0,473299.0
2003-10-01,409400.5,228680.0,830200.0,446605.0,46742.0,85373.0,603320.0,409959.0,73370.0,161945.0,477771.5,1826839.0,68702.0,149350.0,229517.0,2054185.0,-4588.0,524766.0,479004.0
2004-01-01,412772.5,230579.0,832246.0,446566.0,46819.0,87110.0,601214.0,414296.0,72156.0,165907.0,479253.0,1838911.0,68699.0,150721.0,232817.0,2068075.0,-3853.0,534105.0,483400.0
2004-04-01,419667.75,235774.0,837815.0,448996.0,47109.0,88142.0,603460.0,419394.0,71984.0,169525.0,480831.0,1857100.0,69452.0,152608.0,236027.0,2091077.0,-3142.0,542461.0,489264.0
2004-07-01,426570.75,238543.0,848514.0,455999.0,47171.0,88514.0,605379.0,427071.0,73684.0,170039.0,483078.25,1874609.0,70769.0,153779.0,239034.0,2111238.0,-2541.0,546333.0,498263.0
2004-10-01,431809.75,240530.0,858781.0,461043.0,47154.0,90819.0,609773.0,434115.0,74211.0,170023.0,487948.25,1894557.0,71120.0,155267.0,243258.0,2133223.0,-2774.0,552601.0,505708.0
2005-01-01,442739.0,238866.0,867416.0,466786.0,47215.0,92977.0,623221.0,443537.0,75240.0,170843.0,493144.5,1925662.0,75345.0,153913.0,245022.0,2163622.0,-1462.0,557375.0,519261.0
2005-04-01,448208.0,239131.0,878933.0,475121.0,47212.0,93380.0,624765.0,449039.0,77620.0,165728.0,492371.5,1932801.0,76207.0,153856.0,247188.0,2171140.0,-842.0,554195.0,525646.0
2005-07-01,451738.25,240232.0,888074.0,481077.0,46552.0,94156.0,628630.0,452153.0,76799.0,163694.0,491778.5,1935731.0,75105.0,153718.0,247533.0,2175035.0,-899.0,552453.0,527691.0
2005-10-01,460607.25,240870.0,888006.0,478676.0,46895.0,94459.0,635706.0,459905.0,77375.0,166894.0,494848.25,1959921.0,76841.0,155005.0,249479.0,2200290.0,66.0,558465.0,537196.0
2006-01-01,464186.5,241432.0,903701.0,491388.0,47481.0,93836.0,641931.0,464027.0,81297.0,167107.0,501539.25,1982576.0,79420.0,155726.0,253078.0,2223833.0,1439.0,562116.0,543884.0
2006-04-01,471363.75,239016.0,907201.0,490616.0,47977.0,93342.0,649663.0,470710.0,87392.0,167121.0,505443.25,2007705.0,80263.0,155665.0,255454.0,2247634.0,4519.0,564408.0,551403.0
2006-07-01,478817.75,236943.0,907778.0,489085.0,48056.0,94992.0,654196.0,477594.0,91756.0,167278.0,508549.5,2032688.0,81807.0,158565.0,257592.0,2271463.0,6818.0,568336.0,559832.0
2006-10-01,481481.5,235374.0,920393.0,495891.0,48035.0,95901.0,656848.0,480057.0,96136.0,166127.0,511586.5,2047458.0,83393.0,159831.0,259477.0,2285154.0,8284.0,569797.0,563859.0
2007-01-01,484945.75,237412.0,924979.0,496686.0,47769.0,95989.0,660009.0,482132.0,97232.0,163693.0,511685.25,2052996.0,84006.0,160791.0,259703.0,2292571.0,8788.0,567252.0,566542.0
2007-04-01,484101.25,239469.0,929506.0,500027.0,48236.0,96232.0,666371.0,482707.0,98928.0,164507.0,518415.25,2064725.0,84707.0,159452.0,261581.0,2306302.0,8379.0,570636.0,567812.0
2007-07-01,485801.0,234572.0,936496.0,502749.0,49000.0,95444.0,670839.0,486242.0,99062.0,169476.0,522155.0,2077857.0,85420.0,159025.0,261152.0,2315387.0,9134.0,575453.0,572062.0
2007-10-01,490467.75,234135.0,942436.0,505696.0,49376.0,95812.0,677438.0,489115.0,96056.0,169186.0,522541.75,2085914.0,86092.0,158830.0,262305.0,2323199.0,9019.0,576994.0,575610.0
2008-01-01,491126.75,232198.0,936593.0,499000.0,49224.0,93739.0,687095.0,487778.0,93075.0,165682.0,524506.5,2085976.0,91585.0,158908.0,257256.0,2321499.0,9347.0,566152.0,579733.0
2008-04-01,488638.0,232884.0,944088.0,503287.0,49240.0,93233.0,681539.0,493151.0,89921.0,163272.0,527432.5,2078043.0,95464.0,157546.0,254043.0,2314094.0,8247.0,559966.0,589000.0
2008-07-01,491348.25,233652.0,932674.0,495438.0,48987.0,93512.0,672926.0,499560.0,91696.0,159055.0,524869.25,2073706.0,95769.0,158563.0,252934.0,2310394.0,8264.0,554522.0,595574.0
2008-10-01,490765.5,233395.0,907748.0,471683.0,48815.0,91587.0,661223.0,499608.0,89584.0,156023.0,518633.75,2054675.0,99697.0,160821.0,247588.0,2290868.0,7174.0,544023.0,599328.0
2009-01-01,471693.0,231534.0,895304.0,462676.0,49651.0,90617.0,653510.0,486115.0,92905.0,144529.0,518078.25,2014990.0,93493.0,160108.0,243364.0,2248934.0,6350.0,527730.0,579799.0
2009-04-01,452040.0,229394.0,893654.0,461866.0,49304.0,89685.0,644908.0,464993.0,95358.0,134241.0,510578.5,1962942.0,87877.0,157205.0,238244.0,2194158.0,5492.0,510713.0,553115.0
2009-07-01,434710.0,226071.0,898472.0,465653.0,49228.0,88266.0,634160.0,447513.0,93199.0,122354.0,501041.5,1907634.0,83551.0,154839.0,233580.0,2134955.0,4396.0,492220.0,531325.0
2009-10-01,429338.5,224320.0,895991.0,463054.0,48498.0,87508.0,632915.0,449561.0,87796.0,120414.0,503441.75,1895010.0,81547.0,154482.0,231610.0,2120587.0,3588.0,486773.0,531433.0
2010-01-01,432190.25,221435.0,897441.0,462647.0,48998.0,87475.0,635659.0,448771.0,83704.0,123369.0,500842.5,1895793.0,83878.0,154032.0,229647.0,2118869.0,3754.0,488348.0,532915.0
2010-04-01,435662.75,217702.0,906498.0,468343.0,48624.0,88119.0,635239.0,450696.0,87321.0,128013.0,500960.25,1907652.0,86175.0,152184.0,230601.0,2127688.0,4826.0,494396.0,537099.0
2010-07-01,444920.75,212827.0,910705.0,467697.0,48699.0,89229.0,646104.0,464785.0,87230.0,132631.0,509687.0,1941486.0,89068.0,151695.0,231383.0,2157753.0,5774.0,501153.0,554079.0
2010-10-01,450915.75,208347.0,923628.0,477192.0,48971.0,89352.0,656371.0,470228.0,90152.0,132454.0,513748.75,1962717.0,91126.0,151875.0,231148.0,2174981.0,6720.0,501094.0,561556.0
2011-01-01,458358.25,207812.0,924891.0,476786.0,48413.0,90698.0,662175.0,470872.0,87297.0,133279.0,510294.5,1970489.0,92804.0,152517.0,231529.0,2182262.0,6573.0,503082.0,563865.0
2011-04-01,466597.0,206675.0,931727.0,481373.0,48709.0,90228.0,672072.0,480935.0,85450.0,132124.0,514042.5,1988009.0,94413.0,152509.0,230347.0,2198642.0,6959.0,500545.0,575541.0
2011-07-01,472403.5,206168.0,941186.0,488381.0,48838.0,90041.0,670755.0,479721.0,83938.0,132665.0,506770.75,1984791.0,95301.0,152656.0,229822.0,2194928.0,6354.0,500530.0,575224.0
2011-10-01,479383.0,206138.0,947047.0,495052.0,48814.0,90380.0,679907.0,489329.0,86080.0,134898.0,513127.25,2009290.0,95993.0,153401.0,229053.0,2219352.0,6749.0,502378.0,585525.0
2012-01-01,487479.75,204319.0,961206.0,503958.0,49432.0,89588.0,686440.0,494327.0,90883.0,143581.0,514225.0,2030621.0,96393.0,149176.0,229251.0,2238790.0,6694.0,511267.0,590920.0
2012-04-01,497180.5,200838.0,967622.0,508913.0,48963.0,89920.0,689476.0,502056.0,94109.0,149446.0,514893.5,2056824.0,96414.0,152770.0,232252.0,2261153.0,5941.0,520127.0,598657.0
2012-07-01,506116.0,194607.0,968755.0,509317.0,48887.0,88948.0,698513.0,512895.0,92019.0,154679.0,519656.5,2085335.0,98843.0,155744.0,233014.0,2282527.0,5426.0,525234.0,611934.0
2012-10-01,511493.25,189612.0,977936.0,515239.0,48908.0,90440.0,698177.0,516868.0,92294.0,157647.0,518284.0,2096893.0,100509.0,156963.0,233393.0,2288531.0,4519.0,530095.0,617586.0
2013-01-01,517569.75,188375.0,987671.0,524069.0,49008.0,90959.0,706057.0,523390.0,88892.0,162156.0,522403.25,2117284.0,101284.0,157380.0,236617.0,2307516.0,4318.0,538502.0,624884.0
2013-04-01,520447.75,191450.0,990468.0,525793.0,49486.0,91217.0,707851.0,525516.0,89927.0,166048.0,526285.5,2133977.0,102317.0,160130.0,240160.0,2327398.0,4014.0,546718.0,628058.0
2013-07-01,528444.25,194972.0,998925.0,531826.0,49392.0,92008.0,716566.0,534915.0,89247.0,169884.0,533831.75,2164681.0,102666.0,164485.0,244390.0,2361720.0,3987.0,555502.0,637790.0
2013-10-01,537607.25,198388.0,1014909.0,542072.0,49474.0,92914.0,723869.0,546215.0,85906.0,178556.0,539691.75,2191511.0,102228.0,164057.0,247625.0,2392073.0,3702.0,568492.0,648589.0
2014-01-01,544278.0,197862.0,1015255.0,541335.0,49751.0,92783.0,728412.0,554143.0,82879.0,179282.0,542143.25,2206735.0,103241.0,166743.0,249232.0,2406652.0,2913.0,570976.0,657509.0
2014-04-01,553083.75,197482.0,1031547.0,553532.0,49762.0,91612.0,735904.0,560127.0,85441.0,182357.0,544589.5,2230564.0,105066.0,169130.0,250567.0,2429855.0,2899.0,574251.0,665342.0
2014-07-01,561378.25,196997.0,1047171.0,563331.0,50234.0,92112.0,741519.0,568467.0,88342.0,184786.0,549110.0,2257881.0,107309.0,172790.0,251631.0,2456368.0,2603.0,578734.0,675946.0
2014-10-01,565561.5,195622.0,1057807.0,568158.0,50390.0,91739.0,741443.0,580012.0,90282.0,188790.0,555964.0,2280529.0,107755.0,175682.0,254027.0,2477173.0,1847.0,584909.0,687907.0
2015-01-01,572992.25,196337.0,1060481.0,566184.0,51616.0,91512.0,754997.0,589673.0,95396.0,189045.0,567931.0,2322567.0,110245.0,181878.0,257658.0,2519516.0,1570.0,589775.0,700054.0
2015-04-01,579109.5,196589.0,1069764.0,573363.0,51616.0,93706.0,767270.0,597867.0,101289.0,190886.0,578721.5,2358988.0,112858.0,182198.0,260775.0,2555843.0,1161.0,596897.0,710856.0
2015-07-01,581630.25,196237.0,1076505.0,578098.0,52375.0,94605.0,769767.0,604022.0,105506.0,197194.0,588066.25,2389621.0,115427.0,183699.0,266456.0,2585918.0,976.0,610563.0,719565.0
2015-10-01,585372.25,196559.0,1078626.0,578995.0,52539.0,94646.0,777598.0,606222.0,110577.0,200315.0,593997.25,2414200.0,116974.0,185490.0,269426.0,2610811.0,804.0,616844.0,723289.0
2016-01-01,585687.0,193446.0,1088833.0,586537.0,52758.0,94296.0,779195.0,607529.0,118625.0,206767.0,599146.75,2433033.0,118816.0,182950.0,272059.0,2626407.0,182.0,625825.0,726408.0
2016-04-01,583767.25,192591.0,1095855.0,590700.0,53480.0,93845.0,774829.0,609377.0,119788.0,211419.0,602747.75,2438664.0,121105.0,181910.0,272762.0,2631205.0,98.0,631499.0,730505.0
2016-07-01,582731.75,192598.0,1106770.0,598503.0,53874.0,93790.0,773149.0,607459.0,118021.0,216139.0,602465.25,2437697.0,122304.0,178246.0,274560.0,2630283.0,144.0,638369.0,729766.0
2016-10-01,587438.75,191141.0,1110291.0,599975.0,54185.0,93796.0,776894.0,612462.0,118870.0,219602.0,605106.75,2452769.0,124187.0,176839.0,275910.0,2644171.0,279.0,643493.0,736651.0
2017-01-01,589016.75,189567.0,1123053.0,607331.0,54236.0,93203.0,772596.0,613401.0,117828.0,224883.0,603737.25,2456113.0,125702.0,177845.0,276318.0,2645926.0,342.0,648646.0,739103.0
2017-04-01,593440.5,188191.0,1129574.0,612688.0,54443.0,92302.0,769901.0,619839.0,111705.0,229356.0,604325.75,2464081.0,129045.0,179787.0,277696.0,2652438.0,196.0,653796.0,748877.0
2017-07-01,600725.25,186841.0,1139043.0,620667.0,55053.0,91316.0,775379.0,629533.0,106817.0,230227.0,607902.75,2479272.0,133765.0,178946.0,278304.0,2666310.0,135.0,654901.0,763284.0
2017-10-01,601818.25,185462.0,1156688.0,633525.0,56257.0,90515.0,777711.0,631654.0,104609.0,233753.0,611480.25,2491122.0,135324.0,180376.0,280898.0,2676844.0,279.0,661423.0,766980.0
2018-01-01,607120.0,184672.0,1168881.0,640549.0,56345.0,90589.0,781923.0,637762.0,100057.0,237404.0,612586.25,2500471.0,135945.0,181054.0,279465.0,2685358.0,146.0,663776.0,773708.0
2018-04-01,608233.0,183906.0,1178400.0,648017.0,56268.0,92216.0,782530.0,629618.0,96507.0,242759.0,608254.5,2501403.0,138415.0,182942.0,280307.0,2685475.0,-102.0,671483.0,768078.0
2018-07-01,618998.0,180881.0,1177845.0,644386.0,57074.0,93207.0,792846.0,641780.0,94257.0,247819.0,612215.5,2527243.0,139415.0,182436.0,278752.0,2708688.0,115.0,676702.0,781216.0
2018-10-01,633651.0,177450.0,1178821.0,646255.0,57886.0,93865.0,791630.0,657166.0,92116.0,251523.0,610898.75,2552756.0,140496.0,183837.0,285007.0,2731141.0,-58.0,688160.0,797662.0
2019-01-01,641448.5,172776.0,1185184.0,652331.0,57774.0,94651.0,804042.0,665358.0,95852.0,255977.0,618217.0,2585823.0,143500.0,184043.0,285293.0,2759706.0,171.0,693503.0,808862.0
2019-04-01,651970.0,168660.0,1196690.0,660444.0,58930.0,93651.0,812204.0,673815.0,100033.0,257006.0,619874.25,2610402.0,146375.0,184690.0,284313.0,2780325.0,363.0,693680.0,820198.0
2019-07-01,659860.0,164353.0,1213861.0,671646.0,58756.0,93310.0,825457.0,670815.0,101971.0,261001.0,618894.0,2631121.0,149763.0,185846.0,284841.0,2797202.0,776.0,697626.0,820593.0
2019-10-01,656720.5,161857.0,1224553.0,676968.0,58831.0,91446.0,833466.0,667923.0,107292.0,256684.0,624068.0,2639736.0,149634.0,187283.0,287831.0,2803527.0,1119.0,694647.0,817570.0
2020-01-01,654658.25,157303.0,1202548.0,677360.0,55834.0,89065.0,825052.0,660462.0,110790.0,268793.0,615793.75,2633557.0,143650.0,190229.0,290414.0,2792766.0,1610.0,703748.0,804167.0
2020-04-01,628152.75,154451.0,1086851.0,643503.0,57952.0,81981.0,833251.0,651948.0,110490.0,222588.0,624061.75,2570980.0,143151.0,192493.0,277912.0,2727140.0,921.0,640625.0,795117.0
2020-07-01,629402.5,152916.0,1179696.0,689547.0,59514.0,84813.0,831620.0,656031.0,111146.0,234075.0,630868.75,2598961.0,142370.0,196842.0,282718.0,2754005.0,1974.0,661271.0,798459.0
2020-10-01,631368.0,150164.0,1198818.0,698594.0,59817.0,87806.0,831456.0,655345.0,110893.0,242176.0,633022.75,2621008.0,141259.0,198791.0,293387.0,2773883.0,3002.0,683325.0,796683.0
2021-01-01,632839.75,152962.0,1225493.0,716673.0,60270.0,86580.0,828274.0,654071.0,106428.0,229999.0,630177.5,2613073.0,147010.0,199197.0,300789.0,2768389.0,3104.0,677873.0,801052.0
2021-04-01,624186.75,152726.0,1263365.0,731735.0,59383.0,88569.0,817681.0,648600.0,101460.0,207936.0,625057.0,2578269.0,148453.0,201360.0,304369.0,2733130.0,2885.0,659870.0,796998.0
2021-07-01,625753.0,152145.0,1264228.0,717144.0,59191.0,91422.0,815177.0,653624.0,94668.0,199552.0,626834.75,2581141.0,151613.0,204034.0,312136.0,2735496.0,2144.0,661348.0,805172.0
2021-10-01,642204.5,147825.0,1276054.0,721491.0,58485.0,98317.0,814290.0,681858.0,91858.0,204146.0,637576.0,2634630.0,154521.0,206427.0,327588.0,2785519.0,234.0,687245.0,836346.0
2022-01-01,654670.25,145337.0,1272270.0,715406.0,59638.0,107444.0,819915.0,702147.0,88765.0,206224.0,649901.25,2685775.0,159419.0,207907.0,339974.0,2834474.0,-1960.0,711457.0,861544.0
2022-04-01,670345.0,140802.0,1280879.0,717267.0,60176.0,109143.0,820752.0,719689.0,87925.0,207575.0,649674.25,2711505.0,162228.0,205646.0,345383.0,2856153.0,-3535.0,720438.0,881868.0
2022-07-01,686831.5,137457.0,1293083.0,725021.0,59982.0,104693.0,822655.0,734608.0,88955.0,214846.0,646032.0,2729182.0,164690.0,204090.0,341283.0,2870843.0,-3770.0,719422.0,899226.0
2022-10-01,701305.0,137589.0,1299295.0,724500.0,59067.0,102606.0,833689.0,745658.0,94785.0,221812.0,649740.5,2762873.0,169761.0,203823.0,336431.0,2904630.0,-2118.0,718666.0,915386.0
2023-01-01,696501.5,136815.0,1319037.0,736609.0,60739.0,102439.0,835868.0,741571.0,98456.0,227227.0,654389.75,2768765.0,170817.0,204391.0,331500.0,2909777.0,-1186.0,720588.0,912368.0
2023-04-01,700082.0,136439.0,1328527.0,743485.0,60532.0,102413.0,838869.0,733992.0,97714.0,235704.0,648394.75,2769060.0,172544.0,205749.0,325757.0,2909724.0,-1405.0,722966.0,906521.0
2023-07-01,702679.5,136103.0,1339312.0,750360.0,60867.0,101010.0,846286.0,732370.0,99207.0,245287.0,651511.0,2786256.0,174089.0,207189.0,324216.0,2926536.0,-1644.0,729948.0,906461.0
2023-10-01,706744.25,135156.0,1354698.0,759774.0,60053.0,99969.0,850003.0,734437.0,101676.0,255228.0,652245.0,2798413.0,174135.0,208208.0,319174.0,2937684.0,-1850.0,732784.0,908573.0
2024-01-01,710939.5,134388.0,1361834.0,760725.0,59302.0,99648.0,850645.0,730896.0,103765.0,263466.0,647482.75,2803711.0,173529.0,209314.0,317938.0,2942120.0,-2445.0,738548.0,904428.0
2024-04-01,715454.25,135068.0,1368614.0,762814.0,59364.0,100215.0,851285.0,735733.0,102281.0,276482.0,649732.75,2820944.0,172355.0,209718.0,319077.0,2960037.0,-3154.0,753066.0,908073.0
2024-07-01,715763.75,135986.0,1380500.0,769530.0,59991.0,101318.0,851399.0,736538.0,101118.0,284380.0,652951.25,2834436.0,170343.0,213684.0,321360.0,2974508.0,-3174.0,764817.0,906866.0
2024-10-01,712673.5,136857.0,1393240.0,776900.0,59610.0,101832.0,854728.0,731340.0,102001.0,282704.0,654825.5,2835661.0,170572.0,216320.0,321936.0,2976731.0,-2571.0,763857.0,901898.0
