Date,Accommodation,Accommodation and food services,Administrative and support services,Administrative and waste management services,"Agriculture, forestry, fishing, and hunting",Air transportation,Ambulatory health care services,"Amusements, gambling, and recreation industries",Apparel and leather and allied products,"Arts, entertainment, and recreation",Broadcasting and telecommunications,Chemical products,Civilian,Compensation of employees,Computer and electronic products,Computer systems design and related services,Construction,Domestic industries,Durable goods,Education,Educational services,"Electrical equipment, appliances, and components",Fabricated metal products,Farms,Federal,"Federal Reserve banks, credit intermediation, and related activities",Finance and insurance,Food and beverage and tobacco products,Food and beverage stores,Food services and drinking places,"Forestry, fishing, and related activities","Funds, trusts, and other financial vehicles",Furniture and related products,General government,General merchandise stores,Government,Government enterprises,Health care and social assistance,Hospitals,Information,Information and data processing services,Insurance carriers and related activities,Legal services,Less: Payments to the rest of the world,Machinery,Management of companies and enterprises,Manufacturing,Military,Mining,"Mining, except oil and gas",Miscellaneous manufacturing,"Miscellaneous professional, scientific, and technical services",Motion picture and sound recording industries,Motor vehicle and parts dealers,"Motor vehicles, bodies and trailers, and parts",Nondurable goods,Nonmetallic mineral products,Nursing and residential care facilities,Oil and gas extraction,Other,Other retail,"Other services, except government",Other transportation and support activities,Other transportation equipment,Paper products,"Performing arts, spectator sports, museums, and related activities",Petroleum and coal products,Pipeline transportation,Plastics and rubber products,Primary metals,Printing and related support activities,Private industries,"Professional, scientific, and technical services",Publishing industries (includes software),Rail transportation,Real estate,Real estate and rental and leasing,Receipts from the rest of the world,Rental and leasing services and lessors of intangible assets,Rest of the world,Retail trade,"Securities, commodity contracts, and investments",Social assistance,State and local,Support activities for mining,Textile mills and textile product mills,Transit and ground passenger transportation,Transportation and warehousing,Truck transportation,Utilities,Warehousing and storage,Waste management and remediation services,Water transportation,Wholesale trade,Wood products
1998-01-01,41837.0,149813.0,164513.0,177755.0,27848.0,33336.0,197234.0,24284.0,17793.0,45832.0,85379.0,67012.0,116328.0,5071138.0,118402.0,78353.0,253007.0,5075701.0,364630.5,343596.0,64357.0,28107.0,74259.0,18139.0,234412.0,123372.0,350353.0,66630.0,61884.0,107976.0,9709.0,944.0,21261.0,416073.5,49405.0,928781.0,48317.0,436213.0,148214.0,189515.0,25067.0,121899.0,65575.0,7000.0,74947.0,118526.0,834443.0,69519.0,35866.0,14066.0,34094.0,223182.0,19214.0,69610.0,71421.0,197116.0,23369.0,56163.0,12344.0,302703.0,181816.0,153018.0,43544.0,49954.0,31893.0,21548.0,10656.0,3562.0,36774.0,33266.0,33419.0,4146921.0,367110.0,59855.0,16414.0,46816.0,67702.0,2437.0,20885.0,-4563.0,362715.0,104139.0,34602.0,694369.0,9456.0,20730.0,9209.0,180705.0,53236.0,43093.0,18363.0,13242.0,3040.0,289049.0,20456.0
1999-01-01,46379.0,164220.0,178210.0,192170.0,29474.0,36976.0,206125.0,26034.0,16587.0,49773.0,98764.0,70098.0,120357.0,5402682.0,128596.0,93498.0,278246.0,5409932.0,383087.5,366706.0,69479.0,29501.0,76190.0,18808.0,241612.0,130432.0,375539.0,69389.0,63387.0,117840.0,10666.0,1006.0,22711.0,439886.5,51250.0,980828.0,50527.5,460800.0,156041.0,219617.0,32496.0,127383.0,68814.0,11496.0,76056.0,126275.0,870204.0,71326.0,34789.0,13638.0,35571.0,241911.0,19437.0,73962.0,77205.0,203148.0,24557.0,59818.0,12338.0,321385.0,191971.0,159508.0,44857.0,50967.0,32706.0,23739.0,11065.0,3844.0,38777.0,33678.0,34283.0,4429104.0,404222.0,68919.0,17029.0,50650.0,73093.0,4246.0,22443.0,-7250.0,380569.0,116718.0,38816.0,739216.0,8813.0,20552.0,10235.0,191671.0,58116.0,47188.0,17382.0,13960.0,3232.0,302267.0,21716.0
2000-01-01,49949.0,175131.0,204233.0,218762.0,30202.0,39610.0,218869.0,28815.0,15874.0,55253.0,108584.0,74173.0,128009.0,5847146.0,149631.0,114027.0,307654.0,5854629.0,410985.0,391822.0,74443.0,31274.0,80195.0,19645.0,256305.0,134484.0,411892.0,71893.0,66019.0,125181.0,10556.0,1093.0,23926.0,467463.0,55834.0,1043379.0,54226.5,488822.0,163450.0,245982.0,43475.0,133478.0,75132.0,11879.0,80170.0,147585.0,918025.0,74438.0,35992.0,13117.0,37341.0,273469.0,20404.0,77750.0,80210.0,211971.5,26049.0,64107.0,13358.0,340656.0,206125.0,171795.0,48965.0,50461.0,33240.0,26438.0,11084.0,4915.0,40306.0,34422.0,35198.0,4811250.0,462628.0,73519.0,16656.0,54648.0,78990.0,4395.0,24343.0,-7484.0,405728.0,142837.0,42397.0,787074.0,9517.0,20387.0,10486.0,204266.0,60383.0,50214.0,19984.0,14529.0,3265.0,327888.0,22190.0
2001-01-01,50641.0,183123.0,208692.0,224015.0,31309.0,41791.0,234869.0,30112.0,14393.0,57957.0,108257.0,74761.0,131205.0,6038348.0,136221.0,112046.0,325444.0,6046343.0,393597.5,420095.0,79624.0,30045.0,77112.0,20831.0,264870.0,150907.0,445265.0,73546.0,68169.0,132482.0,10477.0,1174.0,22918.0,498283.5,57799.0,1112050.0,57741.0,524878.0,177124.0,247207.0,44588.0,142816.0,81044.0,12507.0,74926.0,150293.0,881895.0,79978.0,38614.0,13239.0,37371.0,284172.0,22414.0,81629.0,73360.0,212450.5,26171.0,68743.0,14099.0,365289.0,209063.0,177329.0,49179.0,51393.0,32610.0,27845.0,12082.0,4884.0,38893.0,31665.0,34316.0,4934293.0,477262.0,71948.0,16407.0,56691.0,81322.0,4512.0,24632.0,-7994.0,416660.0,150368.0,44142.0,847180.0,11277.0,18541.0,10755.0,207991.0,61211.0,53904.0,20180.0,15323.0,3584.0,330201.0,21569.0
2002-01-01,49799.0,187975.0,211852.0,227751.0,31636.0,40779.0,251753.0,31718.0,12733.0,61333.0,103632.0,74138.0,143863.0,6135115.0,120047.0,99185.0,327111.0,6143368.0,376119.0,442942.0,88687.0,28038.0,74071.0,20789.0,290663.0,161163.0,443298.0,74836.0,69925.0,138176.0,10847.0,1187.0,22469.0,532736.5,61390.0,1185376.0,59951.5,566084.0,191861.0,228422.0,36719.0,146841.0,85176.0,12823.0,69567.0,150454.0,846528.0,92468.0,35761.0,12358.0,37073.0,284818.0,21720.0,84850.0,73815.0,211713.0,25882.0,74368.0,13251.0,386200.0,212302.0,189088.0,49127.0,50783.0,31981.0,29615.0,11235.0,3783.0,38737.0,29314.0,32715.0,4957991.0,469179.0,66351.0,16058.0,61064.0,86131.0,4570.0,25067.0,-8253.0,428467.0,134107.0,48102.0,894713.0,10152.0,17562.0,11081.0,206300.0,61183.0,54652.0,20592.0,15899.0,3697.0,329135.0,21534.0
2003-01-01,50947.0,198081.0,218865.0,235526.0,31645.0,38870.0,267448.0,32845.0,12059.0,64009.0,103328.0,76133.0,157073.0,6353606.0,115829.0,97637.0,335793.0,6362296.0,375915.5,462941.0,94309.0,27703.0,73494.0,20488.0,321905.0,176125.0,459762.0,77627.0,71963.0,147134.0,11157.0,1283.0,22359.0,566306.0,65450.0,1255684.0,61536.0,606639.0,208421.0,230520.0,36453.0,154262.0,89874.0,13361.0,68687.0,159726.0,846989.0,110635.0,37119.0,12519.0,38356.0,290518.0,22264.0,88019.0,75610.0,216140.0,25912.0,78728.0,13653.0,401964.0,219407.0,196364.0,51138.0,51066.0,31824.0,31165.0,12167.0,3722.0,38880.0,28570.0,32169.0,5106611.0,478029.0,68474.0,16363.0,62705.0,87548.0,4671.0,24843.0,-8690.0,444839.0,128092.0,52043.0,933779.0,10947.0,16795.0,11455.0,209657.0,62443.0,52935.0,21854.0,16661.0,3811.0,337122.0,21750.0
2004-01-01,54875.0,212288.0,235541.0,253148.0,34943.0,38399.0,288706.0,34428.0,11887.0,67016.0,106254.0,78089.0,166912.0,6719488.0,119634.0,104300.0,357958.0,6729301.0,393923.5,484635.0,101863.0,28558.0,77178.0,22179.0,342295.0,183960.0,497689.0,78938.0,72685.0,157413.0,12764.0,1534.0,23219.0,595909.5,68209.0,1323010.0,65596.0,650430.0,223822.0,238018.0,38876.0,164176.0,93974.0,14547.0,71844.0,175600.0,873695.0,117357.0,41512.0,13459.0,40149.0,308386.0,24157.0,90040.0,76231.0,221571.0,26696.0,82855.0,15578.0,422915.0,228418.0,206048.0,55247.0,56073.0,31316.0,32588.0,12528.0,3720.0,39274.0,30053.0,32282.0,5406291.0,506659.0,68731.0,16982.0,68750.0,95118.0,4734.0,26368.0,-9813.0,459351.0,148019.0,55048.0,980716.0,12475.0,16506.0,12226.0,222027.0,65814.0,55635.0,25451.0,17606.0,4188.0,357294.0,23240.0
2005-01-01,57112.0,222028.0,255884.0,274789.0,34647.0,36534.0,306027.0,35322.0,11311.0,68387.0,106112.0,80842.0,176649.0,7066107.0,123200.0,114528.0,387531.0,7077721.0,409653.0,505510.0,105884.0,29093.0,81071.0,22033.0,362119.0,196571.0,534590.0,79944.0,73698.0,164916.0,12614.0,1687.0,23605.0,624188.5,72252.0,1383362.0,67492.5,687536.0,236682.0,241485.0,40379.0,172819.0,98602.0,16410.0,75459.0,185333.0,895469.0,126819.0,47195.0,14379.0,41393.0,340473.0,24446.0,93165.0,75371.0,227796.5,28194.0,85377.0,17199.0,439399.0,238626.0,209404.0,58042.0,57121.0,31314.0,33064.0,13466.0,3767.0,40356.0,30701.0,32639.0,5694360.0,553603.0,70548.0,17904.0,74076.0,101562.0,4796.0,27486.0,-11614.0,477741.0,163514.0,59450.0,1021243.0,15617.0,15568.0,12719.0,231618.0,70123.0,56130.0,27863.0,18905.0,4667.0,379429.0,24823.0
2006-01-01,59310.0,233330.0,272457.0,292428.0,37996.0,36857.0,327481.0,36485.0,10962.0,73082.0,106895.0,81640.0,182635.0,7479676.0,129631.0,127443.0,421295.0,7491255.0,430081.5,531894.0,113118.0,30291.0,85389.0,21886.0,374790.0,207683.0,579181.0,81154.0,75027.0,174020.0,16110.0,1801.0,23980.0,652182.0,75049.0,1444176.0,69906.0,733177.0,253468.0,248790.0,42969.0,183069.0,103978.0,16648.0,79304.0,200744.0,923977.0,131887.0,56998.0,15757.0,42981.0,375985.0,24983.0,94781.0,75409.0,234206.5,29254.0,90138.0,20896.0,457948.0,247316.0,218850.0,59951.0,61792.0,31081.0,36597.0,15609.0,4233.0,40986.0,31978.0,32962.0,6047079.0,607406.0,73943.0,18707.0,79081.0,108049.0,5069.0,28968.0,-11579.0,492172.0,186629.0,62090.0,1069386.0,20345.0,14771.0,13557.0,241002.0,74019.0,60885.0,28588.0,19971.0,5090.0,404598.0,24803.0
2007-01-01,63212.0,247803.0,289490.0,310118.0,41802.0,39908.0,346413.0,38186.0,10652.0,77010.0,117101.0,85766.0,191619.0,7878475.0,131825.0,140560.0,439998.0,7889369.0,443586.5,560760.0,120870.0,31037.0,88907.0,25338.0,389995.0,210036.0,617429.0,84278.0,77432.0,184592.0,16465.0,667.0,23780.0,687408.5,77976.0,1519600.0,72390.5,775071.0,267770.0,260485.0,37364.0,190201.0,110025.0,16113.0,82800.0,219915.0,943645.0,137448.0,62709.0,16262.0,45019.0,404421.0,26357.0,96269.0,72483.0,242863.5,29684.0,94809.0,22581.0,484991.0,254712.0,231079.0,63845.0,65784.0,31376.0,38824.0,15770.0,4733.0,40611.0,32497.0,33339.0,6369769.0,655006.0,79664.0,19287.0,81668.0,112182.0,5219.0,30515.0,-10894.0,506389.0,216525.0,66079.0,1129605.0,23866.0,14433.0,14288.0,255917.0,76841.0,63083.0,31263.0,20628.0,5752.0,429255.0,23603.0
2008-01-01,65487.0,252497.0,292366.0,314084.0,42138.0,38372.0,366906.0,39865.0,10451.0,80634.0,113957.0,86640.0,202299.0,8056826.0,128167.0,149610.0,433948.0,8068679.0,438946.5,586225.0,129386.0,30871.0,90495.0,25680.0,409608.0,199951.0,612139.0,86051.0,80625.0,187010.0,16458.0,664.0,22174.0,722722.5,79875.0,1593186.0,73871.0,824574.0,286333.0,257826.0,37353.0,194576.0,113302.0,17218.0,84206.0,221119.0,931892.0,147256.0,72820.0,17525.0,45548.0,430590.0,27193.0,90103.0,63683.0,244828.0,27779.0,100993.0,27291.0,509665.0,250324.0,240092.0,64153.0,68301.0,31216.0,40769.0,16349.0,4776.0,39979.0,33007.0,32253.0,6475493.0,693503.0,79323.0,20420.0,80182.0,110333.0,5364.0,30151.0,-11854.0,500927.0,216948.0,70341.0,1183578.0,28004.0,13480.0,14851.0,255641.0,74996.0,66284.0,31993.0,21719.0,6080.0,435657.0,21240.0
2009-01-01,59793.0,242758.0,267836.0,289154.0,42318.0,35249.0,381524.0,38368.0,8585.0,78584.0,112123.0,84325.0,218678.0,7759019.0,118619.0,147439.0,368352.0,7767191.0,388490.0,598664.0,139900.0,28567.0,77502.0,25747.0,433586.0,184990.0,547984.0,85503.0,79294.0,182965.0,16571.0,632.0,17713.0,746871.0,82266.0,1640866.0,73562.0,862407.0,302491.0,251503.0,36775.0,187761.0,109776.0,13912.0,73943.0,207948.0,835178.0,157155.0,64696.0,16014.0,43488.0,412233.0,26823.0,77994.0,47971.0,231665.0,22709.0,104993.0,25867.0,519244.0,234703.0,235120.0,61006.0,66796.0,28472.0,40216.0,16465.0,4910.0,34491.0,25597.0,27249.0,6126325.0,669449.0,75781.0,18831.0,75773.0,103651.0,5740.0,27878.0,-8172.0,474257.0,174601.0,73400.0,1207280.0,22814.0,10873.0,14972.0,241101.0,67877.0,66832.0,32367.0,21318.0,5890.0,405132.0,16311.0
2010-01-01,60833.0,248330.0,278729.0,306508.0,41360.0,36815.0,398978.0,38845.0,8384.0,79393.0,107820.0,85980.0,239579.0,7925369.0,123467.0,156457.0,343763.0,7932969.0,393515.5,614619.0,145542.0,29199.0,77964.0,24281.0,459429.0,187677.0,573340.0,88147.0,80138.0,187497.0,17079.0,557.0,16693.0,771953.5,80884.0,1691683.0,73888.0,888494.0,303903.0,248567.0,38752.0,193192.0,108576.0,13530.0,75165.0,227175.0,847169.0,163215.0,69168.0,16776.0,43795.0,417682.0,27943.0,81524.0,48568.0,236200.5,22324.0,109232.0,27581.0,526494.0,236369.0,231692.0,61900.0,66508.0,28905.0,40548.0,16445.0,5301.0,36098.0,26684.0,26060.0,6241287.0,682715.0,74052.0,18461.0,76334.0,103781.0,5930.0,27447.0,-7600.0,478915.0,191914.0,76381.0,1232254.0,24811.0,10931.0,15375.0,245459.0,68905.0,67652.0,32703.0,27779.0,5999.0,412262.0,15854.0
2011-01-01,64298.0,262395.0,298528.0,321932.0,41180.0,39237.0,416262.0,39710.0,8148.0,81512.0,109659.0,86691.0,247068.0,8226175.0,128747.0,172212.0,347303.0,8234013.0,417957.0,614774.0,152774.0,30644.0,83943.0,23097.0,468185.0,198705.0,606487.0,88066.0,80808.0,198097.0,18083.0,615.0,16840.0,776773.0,84594.0,1702026.0,74240.0,921976.0,318014.0,260147.0,43554.0,204608.0,112361.0,13943.0,83233.0,237912.0,882357.0,164547.0,80269.0,18201.0,44880.0,442488.0,29080.0,87144.0,52541.0,241331.5,22690.0,111190.0,30627.0,527157.0,243119.0,239301.0,64052.0,69228.0,29194.0,41802.0,16912.0,5734.0,37729.0,29684.0,25928.0,6531987.0,727061.0,77854.0,20593.0,77931.0,106410.0,6105.0,28479.0,-7838.0,495664.0,202559.0,76510.0,1233841.0,31441.0,11000.0,16355.0,259903.0,74444.0,71183.0,33156.0,23404.0,6333.0,436221.0,16258.0
2012-01-01,67344.0,282536.0,317140.0,341278.0,48063.0,40571.0,435740.0,41931.0,8167.0,86098.0,111402.0,89663.0,246195.0,8567363.0,130662.0,192561.0,365908.0,8575371.0,437132.0,616695.0,161398.0,31889.0,90276.0,28304.0,465152.0,211117.0,630088.0,91887.0,82848.0,215192.0,19759.0,518.0,17302.0,778091.0,84366.0,1703806.0,73811.5,963585.0,329834.0,271577.0,49172.0,215124.0,115473.0,14311.0,88411.0,259416.0,916945.0,162860.0,90527.0,18912.0,46226.0,468621.0,30338.0,92380.0,56837.0,250178.0,23380.0,113072.0,34978.0,530433.0,250523.0,250938.0,67163.0,71523.0,29123.0,44167.0,17958.0,6754.0,39040.0,31220.0,25571.0,6871565.0,776655.0,80666.0,22308.0,83720.0,114251.0,6302.0,30531.0,-8008.0,510117.0,203329.0,84939.0,1238654.0,36637.0,11156.0,17112.0,274752.0,78692.0,69760.0,35599.0,24137.0,6554.0,457675.0,16656.0
2013-01-01,69641.0,295765.0,329191.0,353687.0,48999.0,43077.0,453291.0,43514.0,8194.0,89695.0,112087.0,92365.0,242591.0,8835039.0,128136.0,197383.0,387823.0,8843638.0,444350.5,644709.0,165202.0,33017.0,91192.0,28689.0,455142.0,218966.0,641324.0,94372.0,85381.0,226124.0,20310.0,585.0,17894.0,798783.5,84626.0,1748357.0,75394.5,997276.0,338011.0,286473.0,62876.0,219180.0,117227.0,15212.0,88681.0,274980.0,931827.0,157214.0,93523.0,18562.0,47204.0,486882.0,29729.0,98037.0,59315.0,255381.0,24081.0,115991.0,36431.0,553053.0,258620.0,257867.0,68990.0,73897.0,29352.0,46181.0,18595.0,6170.0,40030.0,30869.0,25433.0,7095280.0,801492.0,81781.0,21618.0,87912.0,118916.0,6613.0,31004.0,-8599.0,526663.0,202593.0,89983.0,1293215.0,38530.0,11490.0,17691.0,283355.0,82494.0,72778.0,36449.0,24497.0,6866.0,467636.0,17711.0
2014-01-01,73923.0,316203.0,350814.0,376718.0,50971.0,44412.0,469249.0,47008.0,8370.0,96725.0,115320.0,97235.0,250437.0,9250208.0,132262.0,213681.0,422384.0,9259655.0,463766.5,660730.0,174871.0,33582.0,95323.0,29109.0,459954.0,222567.0,681085.0,100054.0,87586.0,242281.0,21862.0,864.0,18724.0,818311.0,87191.0,1790952.0,77165.5,1028260.0,345371.0,304390.0,69082.0,234022.0,118965.0,15949.0,92621.0,287434.0,973018.0,153729.0,101138.0,18454.0,48796.0,516302.0,32331.0,103389.0,64720.0,267692.5,25637.0,118991.0,39296.0,571725.0,267305.0,272838.0,72008.0,75694.0,29785.0,49717.0,19062.0,6575.0,42102.0,31826.0,25771.0,7468702.0,848948.0,87657.0,23162.0,93282.0,126376.0,6503.0,33094.0,-9446.0,545470.0,223632.0,94650.0,1330998.0,43387.0,12081.0,18630.0,296785.0,86802.0,75188.0,38054.0,25904.0,7142.0,489900.0,19374.0
2015-01-01,77673.0,340858.0,371539.0,398148.0,50616.0,48445.0,494895.0,48669.0,8174.0,100888.0,112649.0,100482.0,258531.0,9699419.0,137529.0,234630.0,458477.0,9709535.0,481689.0,682932.0,180447.0,34671.0,97092.0,27205.0,469030.0,236473.0,715705.0,103480.0,92549.0,263185.0,23410.0,1121.0,20277.0,842598.0,90339.0,1846322.0,80563.0,1085134.0,366378.0,318675.0,79426.0,250693.0,122863.0,16695.0,94664.0,302345.0,1006425.0,151392.0,91867.0,18055.0,51622.0,551939.0,34244.0,110163.0,69905.0,276429.0,27080.0,123477.0,38814.0,592341.0,280575.0,286397.0,77801.0,77790.0,30172.0,52218.0,19815.0,7146.0,43560.0,31636.0,26028.0,7863213.0,909431.0,92356.0,24226.0,102208.0,136707.0,6578.0,34499.0,-10117.0,573627.0,227418.0,100385.0,1377292.0,34998.0,12017.0,19815.0,320031.0,92014.0,77628.0,43261.0,26608.0,7322.0,509809.0,20428.0
2016-01-01,79693.0,362027.0,382677.0,409854.0,53650.0,53399.0,519488.0,51873.0,8060.0,108126.0,112702.0,99020.0,269000.0,9966108.0,142701.0,246312.0,485888.0,9977096.0,484367.0,698474.0,190531.0,34952.0,95605.0,29030.0,479723.0,248127.0,734148.0,107643.0,93460.0,282334.0,24619.0,1609.0,20968.0,862208.0,91737.0,1887399.0,81491.5,1136513.0,380869.0,329035.0,87033.0,255773.0,126066.0,17317.0,90788.0,304599.0,1013141.0,152113.0,74501.0,16383.0,51757.0,566699.0,35656.0,114735.0,72429.0,277721.0,28007.0,128648.0,33722.0,604828.0,287735.0,295297.0,80880.0,77315.0,29957.0,56253.0,19421.0,7228.0,44897.0,30388.0,26146.0,8089697.0,939078.0,93644.0,21943.0,106032.0,140673.0,6329.0,34641.0,-10988.0,587666.0,228639.0,107508.0,1407676.0,24396.0,12034.0,20768.0,332527.0,92645.0,81409.0,48606.0,27177.0,7056.0,511034.0,21052.0
2017-01-01,82723.0,380759.0,409331.0,439526.0,56189.0,57095.0,545209.0,54197.0,7885.0,113713.0,112173.0,101682.0,277326.0,10424372.0,150705.0,264757.0,520422.0,10434978.0,506124.5,716832.0,192422.0,36458.0,99341.0,30857.0,489537.0,263353.0,787648.0,113482.0,96461.0,298036.0,25332.0,2059.0,21959.0,884617.5,93086.0,1935485.0,83125.5,1187110.0,396274.0,348773.0,100973.0,271004.0,131525.0,16954.0,94780.0,324519.0,1053399.0,152992.0,76881.0,17623.0,53804.0,594263.0,35436.0,118071.0,75338.0,287045.5,29470.0,131540.0,29293.0,622084.0,299250.0,305492.0,86152.0,78966.0,30386.0,59516.0,19430.0,7617.0,47155.0,31764.0,26233.0,8499494.0,990544.0,100191.0,21893.0,112429.0,148656.0,6347.0,36227.0,-10607.0,606868.0,251232.0,114086.0,1445948.0,29965.0,12300.0,21954.0,352054.0,96307.0,81578.0,53892.0,30195.0,7144.0,532941.0,22261.0
2018-01-01,86451.0,400976.0,431646.0,464349.0,55200.0,60234.0,576264.0,56919.0,7762.0,120479.0,112990.0,104531.0,288545.0,10957404.0,158131.0,285894.0,558275.0,10967687.0,529819.0,743161.0,202256.0,37625.0,105283.0,28423.0,509636.0,273775.0,819121.0,117465.0,98846.0,314524.0,26777.0,2524.0,22579.0,920815.0,95703.0,2014879.0,86624.0,1247413.0,411911.0,376835.0,116578.0,285664.0,137272.0,17225.0,100457.0,341754.0,1101197.0,159889.0,84771.0,19021.0,56378.0,636538.0,36993.0,121988.0,79772.0,293557.0,30734.0,137396.0,29839.0,650035.0,311624.0,323026.0,93058.0,83345.0,31315.0,63560.0,19902.0,7773.0,49309.0,33977.0,26550.0,8952809.0,1059704.0,110275.0,23200.0,120307.0,159086.0,6941.0,38778.0,-10284.0,628161.0,257158.0,121842.0,1505243.0,35911.0,12544.0,24560.0,380162.0,103272.0,84491.0,60702.0,32703.0,7364.0,545555.0,23537.0
2019-01-01,91212.0,423695.0,455187.0,489446.0,56166.0,62918.0,606955.0,58830.0,7644.0,125379.0,113385.0,110248.0,295649.0,11446611.0,161193.0,309089.0,598437.0,11458472.0,542148.0,763558.0,213500.0,38230.0,106864.0,28627.0,523608.0,289647.0,851646.0,121601.0,103400.0,332483.0,27540.0,2842.0,22394.0,947855.5,96660.0,2072177.0,88233.0,1308111.0,427517.0,400177.0,127176.0,298612.0,143700.0,18910.0,101911.0,357415.0,1129240.0,166791.0,86235.0,18995.0,57797.0,677674.0,39205.0,128531.0,80308.0,301729.0,31789.0,141950.0,30827.0,669713.0,323283.0,337298.0,102530.0,87538.0,32452.0,66550.0,20956.0,8566.0,50626.0,34039.0,26639.0,9386295.0,1130464.0,120410.0,23009.0,128818.0,169591.0,7050.0,40773.0,-11860.0,651874.0,260545.0,131689.0,1548568.0,36412.0,12376.0,31172.0,411164.0,110457.0,87943.0,64770.0,34259.0,7742.0,558516.0,24637.0
2020-01-01,67755.0,338469.0,450356.0,485802.0,60722.0,57402.0,620542.0,47765.0,6744.0,101730.0,113393.0,114192.0,312084.0,11596428.0,169944.0,327393.0,597767.0,11604034.0,533751.0,779128.0,215497.0,37374.0,101671.0,30592.0,550456.0,319314.0,912341.0,127612.0,113602.0,270715.0,30130.0,3385.0,21806.0,981199.0,100156.0,2141599.0,89600.5,1362114.0,445382.0,425663.0,147146.0,315930.0,146773.0,14432.0,96132.0,356982.0,1115101.0,175093.0,70160.0,17526.0,56143.0,704197.0,33292.0,128417.0,72870.0,304940.0,31444.0,156796.0,27586.0,696092.0,327050.0,337123.0,108198.0,84262.0,32016.0,53965.0,20036.0,8509.0,50564.0,30946.0,24387.0,9462435.0,1178364.0,131833.0,20268.0,132951.0,169347.0,6826.0,36396.0,-7606.0,669225.0,273711.0,139394.0,1591143.0,25048.0,11524.0,22465.0,410234.0,109323.0,93512.0,76895.0,35446.0,7174.0,562281.0,25434.0
2021-01-01,79344.0,425844.0,505635.0,543477.0,60933.0,57774.0,677089.0,58404.0,7294.0,119817.0,116844.0,118028.0,323161.0,12557025.0,183859.0,375658.0,636879.0,12568208.0,573246.0,801767.0,227839.0,39788.0,107973.0,30590.0,573941.0,349519.0,990594.0,135709.0,115171.0,346499.0,30343.0,4064.0,23616.0,1011685.5,111339.0,2207458.0,92043.0,1438157.0,461178.0,508557.0,185574.0,323827.0,158921.0,18276.0,101888.0,393357.0,1181408.0,185074.0,66864.0,18611.0,60987.0,778389.0,43272.0,156083.0,79871.0,321007.0,33112.0,151500.0,24136.0,713371.0,365350.0,353405.0,126632.0,83564.0,32518.0,61413.0,19002.0,8240.0,54545.0,34460.0,24649.0,10360749.0,1312968.0,162867.0,20028.0,150013.0,190005.0,7092.0,39992.0,-11183.0,747943.0,313185.0,148389.0,1633517.0,24117.0,12329.0,25350.0,460901.0,121340.0,94704.0,94224.0,37842.0,7313.0,607098.0,28220.0
2022-01-01,92979.0,495206.0,572362.0,613228.0,67027.0,66275.0,718464.0,68432.0,8019.0,144260.0,118540.0,126029.0,335506.0,13436720.0,187213.0,398346.0,695476.0,13454101.0,618444.0,822178.0,239899.0,42035.0,116058.0,35733.0,594087.0,342670.0,1021455.0,148580.0,121508.0,402227.0,31294.0,5341.0,24898.0,1040671.5,115319.0,2272894.0,95775.0,1541357.0,493310.0,514514.0,186982.0,347370.0,168096.0,24788.0,110012.0,427335.0,1264737.0,190158.0,77605.0,20365.0,65312.0,865148.0,47144.0,162143.0,88336.0,347422.0,35461.0,162129.0,26316.0,733502.0,369477.0,392678.0,137044.0,90439.0,34610.0,75828.0,20270.0,8933.0,58670.0,38113.0,26293.0,11181207.0,1431590.0,161848.0,21747.0,161916.0,208324.0,7407.0,46408.0,-17381.0,768446.0,326074.0,167455.0,1678807.0,30924.0,13023.0,29034.0,514507.0,133131.0,96565.0,109980.0,40866.0,8363.0,666995.0,31365.0
2023-01-01,102291.0,539745.0,584803.0,630394.0,71495.0,79083.0,765615.0,75943.0,7939.0,158184.0,122036.0,130894.0,363904.0,14190188.0,197451.0,417850.0,744011.0,14209569.0,655032.5,863085.0,252694.0,44972.0,122779.0,37618.0,634932.0,349473.0,1062182.0,152510.0,132756.0,437453.0,33877.0,6146.0,24647.0,1103356.5,117621.0,2408949.0,101118.0,1650879.0,525013.0,540316.0,203282.0,368999.0,176101.0,27116.0,116527.0,444212.0,1324936.0,200808.0,87258.0,22346.0,67539.0,922167.0,39810.0,167538.0,93737.0,360791.0,37609.0,175323.0,29025.0,778915.0,386829.0,411400.0,142144.0,99450.0,35559.0,82241.0,21465.0,9996.0,60593.0,40164.0,26732.0,11800620.0,1516118.0,175187.0,23335.0,164568.0,214664.0,7735.0,50096.0,-19381.0,804744.0,337565.0,184927.0,1774017.0,35886.0,12619.0,33610.0,543297.0,134032.0,97380.0,111880.0,45590.0,9218.0,706712.0,31750.0
