Date,"Agricultural services, forestry, and fishing","Agriculture, forestry, and fishing",Amusement and recreation services,Apparel and other textile products,"Auto repair, services, and parking",Banking,Business services,Chemicals and allied products,Civilian,Coal mining,Communication,Construction,Credit agencies other than banks,Domestic industries,Durable goods,Education,Educational services,Electric and electronic equipment,"Electric, gas, and sanitary services",Fabricated metal products,Farms,Federal,"Finance, insurance, and real estate",Food and kindred products,Full-time equivalent employees,Furniture and fixtures,General government,Government,Government enterprises,Health services,Holding and other investment offices,Hotels and other lodging places,Instruments and related products,"Insurance agents, brokers, and service",Insurance carriers,Leather and leather products,Legal services,Local and interurban passenger transit,Lumber and wood products,"Machinery, except electrical",Manufacturing,Membership organizations,Metal mining,Military,Mining,Miscellaneous manufacturing industries,Miscellaneous professional services,Miscellaneous repair services,Motion pictures,Motor vehicles and equipment,Nondurable goods,"Nonmetallic minerals, except fuels",Oil and gas extraction,Other,Other transportation equipment,Paper and allied products,Personal services,Petroleum and coal products,"Pipelines, except natural gas",Primary metal industries,Printing and publishing,Private households,Private industries,Radio and television,Railroad transportation,Real estate,Rest of the world,Retail trade,Rubber and miscellaneous plastics products,Security and commodity brokers,Services,Social services,Social services and membership organizations,State and local,"Stone, clay, and glass products",Telephone and telegraph,Textile mill products,Tobacco manufactures,Transportation,Transportation and public utilities,Transportation by air,Transportation services,Trucking and warehousing,Water transportation,Wholesale trade
1948-01-01,132.0,2072.0,240.0,1196.0,223.0,406.0,306.0,633.0,1378.0,533.0,739.0,2321.0,100.0,48022.0,8343.0,1350.0,409.0,975.0,528.0,1085.0,1940.0,3460.0,1635.0,1783.0,48029.0,334.0,2997.5,6744.0,374.5,825.0,12.0,451.0,271.0,106.0,495.0,406.0,102.0,388.0,862.0,1384.0,15521.0,,100.0,1544.0,993.0,416.0,176.0,126.0,221.0,757.0,7178.0,97.0,263.0,1723.0,472.0,470.0,855.0,220.0,30.0,1231.0,720.0,1574.0,41278.0,47.0,1503.0,463.0,7.0,5852.0,322.0,53.0,6177.0,,669.0,3284.0,556.0,692.0,1329.0,99.0,2854.0,4121.0,89.0,75.0,515.0,254.0,2586.0
1949-01-01,131.0,2000.0,235.0,1167.0,208.0,410.0,307.0,599.0,1397.0,475.0,736.0,2194.0,107.0,46784.0,7494.0,1420.0,416.0,839.0,541.0,983.0,1869.0,3684.0,1663.0,1753.0,46769.0,310.0,3208.0,7207.0,395.5,846.0,12.0,434.0,248.0,115.0,519.0,389.0,104.0,373.0,752.0,1189.0,14368.0,,94.0,1717.0,923.0,381.0,170.0,114.0,218.0,733.0,6874.0,97.0,257.0,1882.0,458.0,451.0,826.0,214.0,29.0,1084.0,717.0,1571.0,39577.0,50.0,1349.0,449.0,-15.0,5805.0,297.0,51.0,6157.0,,708.0,3523.0,517.0,686.0,1186.0,101.0,2662.0,3939.0,87.0,71.0,518.0,235.0,2528.0
1950-01-01,134.0,2067.0,233.0,1183.0,196.0,418.0,322.0,617.0,1417.0,469.0,717.0,2411.0,121.0,48531.0,8087.0,1463.0,421.0,961.0,545.0,1083.0,1933.0,3783.0,1742.0,1751.0,48527.0,357.0,3322.5,7432.0,393.5,905.0,11.0,428.0,271.0,123.0,546.0,392.0,112.0,354.0,817.0,1215.0,15110.0,,96.0,1813.0,924.0,400.0,175.0,111.0,213.0,797.0,7023.0,99.0,260.0,1952.0,452.0,482.0,818.0,216.0,27.0,1185.0,723.0,1710.0,41099.0,53.0,1373.0,467.0,-4.0,5942.0,320.0,56.0,6372.0,,728.0,3649.0,549.0,664.0,1243.0,96.0,2710.0,3972.0,86.0,70.0,575.0,225.0,2559.0
1951-01-01,143.0,1999.0,230.0,1182.0,191.0,447.0,350.0,687.0,1753.0,441.0,747.0,2668.0,131.0,52592.0,9090.0,1506.0,417.0,1085.0,555.0,1191.0,1856.0,5535.0,1826.0,1781.0,52537.0,348.0,4221.5,9267.0,412.0,958.0,12.0,438.0,320.0,135.0,572.0,375.0,117.0,350.0,866.0,1468.0,16252.0,,102.0,3204.0,937.0,400.0,203.0,122.0,208.0,835.0,7162.0,107.0,287.0,1980.0,696.0,504.0,825.0,227.0,28.0,1295.0,737.0,1667.0,43325.0,58.0,1432.0,469.0,-55.0,6275.0,345.0,60.0,6483.0,,757.0,3732.0,586.0,689.0,1220.0,104.0,2868.0,4170.0,95.0,77.0,635.0,251.0,2715.0
1952-01-01,147.0,1933.0,225.0,1187.0,194.0,472.0,379.0,708.0,1843.0,397.0,773.0,2683.0,143.0,53741.0,9391.0,1576.0,416.0,1169.0,560.0,1215.0,1786.0,6175.0,1902.0,1765.0,53673.0,349.0,4569.5,10043.0,452.0,989.0,14.0,444.0,349.0,143.0,603.0,376.0,118.0,344.0,807.0,1545.0,16482.0,,103.0,3712.0,914.0,391.0,231.0,126.0,200.0,778.0,7091.0,109.0,305.0,2008.0,998.0,497.0,815.0,231.0,29.0,1225.0,739.0,1524.0,43698.0,60.0,1382.0,464.0,-68.0,6384.0,346.0,63.0,6434.0,,773.0,3868.0,565.0,713.0,1139.0,103.0,2849.0,4182.0,108.0,80.0,661.0,245.0,2784.0
1953-01-01,140.0,1882.0,229.0,1205.0,193.0,496.0,411.0,746.0,1760.0,342.0,801.0,2643.0,155.0,54690.0,10047.0,1650.0,422.0,1300.0,571.0,1321.0,1742.0,5989.0,1986.0,1756.0,54612.0,356.0,4561.0,10013.0,445.5,1035.0,14.0,451.0,381.0,150.0,645.0,376.0,124.0,335.0,778.0,1567.0,17241.0,,107.0,3630.0,872.0,420.0,245.0,120.0,190.0,899.0,7194.0,111.0,312.0,2082.0,1143.0,523.0,805.0,235.0,28.0,1306.0,754.0,1483.0,44677.0,64.0,1359.0,462.0,-78.0,6482.0,366.0,64.0,6513.0,,805.0,4024.0,576.0,737.0,1130.0,103.0,2856.0,4228.0,114.0,81.0,701.0,238.0,2830.0
1954-01-01,140.0,1902.0,228.0,1138.0,189.0,511.0,426.0,729.0,1643.0,267.0,799.0,2611.0,166.0,52909.0,9088.0,1726.0,430.0,1169.0,572.0,1199.0,1762.0,5669.0,2060.0,1720.0,52782.0,329.0,4481.5,9855.0,446.0,1084.0,16.0,440.0,360.0,157.0,675.0,357.0,126.0,314.0,710.0,1413.0,15999.0,,101.0,3427.0,794.0,397.0,243.0,110.0,184.0,765.0,6911.0,110.0,316.0,2167.0,1034.0,522.0,787.0,232.0,27.0,1164.0,758.0,1361.0,43054.0,70.0,1205.0,468.0,-127.0,6405.0,337.0,67.0,6437.0,,829.0,4186.0,548.0,729.0,1017.0,101.0,2654.0,4025.0,116.0,76.0,695.0,221.0,2821.0
1955-01-01,140.0,1847.0,233.0,1162.0,198.0,529.0,464.0,745.0,1651.0,249.0,811.0,2734.0,184.0,54126.0,9487.0,1824.0,446.0,1214.0,577.0,1261.0,1707.0,5393.0,2163.0,1707.0,53988.0,354.0,4424.0,9745.0,448.5,1132.0,17.0,442.0,365.0,163.0,702.0,367.0,128.0,295.0,750.0,1439.0,16490.0,,105.0,3145.0,798.0,399.0,259.0,114.0,179.0,874.0,7003.0,115.0,329.0,2228.0,987.0,537.0,783.0,231.0,26.0,1266.0,768.0,1548.0,44381.0,72.0,1196.0,490.0,-138.0,6570.0,365.0,78.0,6801.0,,875.0,4352.0,578.0,739.0,1022.0,99.0,2699.0,4087.0,125.0,78.0,748.0,231.0,2891.0
1956-01-01,143.0,1769.0,238.0,1157.0,211.0,554.0,521.0,773.0,1678.0,261.0,857.0,2853.0,205.0,55445.0,9741.0,1925.0,456.0,1286.0,583.0,1283.0,1626.0,5270.0,2268.0,1711.0,55303.0,362.0,4467.5,9840.0,452.5,1191.0,18.0,449.0,388.0,173.0,734.0,362.0,128.0,288.0,742.0,1550.0,16774.0,,112.0,2989.0,837.0,403.0,301.0,119.0,172.0,784.0,7033.0,122.0,342.0,2343.0,1051.0,554.0,788.0,229.0,26.0,1300.0,782.0,1607.0,45605.0,75.0,1183.0,499.0,-142.0,6781.0,373.0,85.0,7097.0,,916.0,4570.0,592.0,782.0,997.0,95.0,2755.0,4195.0,144.0,78.0,796.0,240.0,3031.0
1957-01-01,143.0,1747.0,240.0,1145.0,219.0,586.0,572.0,793.0,1674.0,255.0,876.0,2801.0,212.0,55857.0,9731.0,2027.0,490.0,1309.0,589.0,1298.0,1604.0,5263.0,2339.0,1704.0,55724.0,361.0,4554.0,10035.0,463.5,1264.0,20.0,459.0,401.0,180.0,778.0,359.0,131.0,287.0,669.0,1555.0,16745.0,,113.0,2967.0,833.0,385.0,323.0,125.0,165.0,755.0,7014.0,121.0,344.0,2440.0,1122.0,555.0,792.0,232.0,26.0,1294.0,803.0,1589.0,45822.0,78.0,1117.0,478.0,-133.0,6811.0,377.0,85.0,7323.0,,954.0,4772.0,582.0,798.0,954.0,92.0,2717.0,4182.0,160.0,76.0,802.0,249.0,3041.0
1958-01-01,141.0,1780.0,243.0,1086.0,226.0,596.0,599.0,758.0,1632.0,215.0,826.0,2705.0,214.0,54047.0,8588.0,2131.0,512.0,1185.0,601.0,1146.0,1639.0,5062.0,2377.0,1639.0,53919.0,337.0,4562.0,10077.0,476.5,1331.0,19.0,450.0,375.0,188.0,800.0,341.0,135.0,273.0,623.0,1328.0,15291.0,,92.0,2797.0,742.0,360.0,310.0,115.0,151.0,596.0,6703.0,117.0,318.0,2564.0,1009.0,542.0,775.0,219.0,25.0,1082.0,791.0,1614.0,43970.0,79.0,952.0,469.0,-128.0,6698.0,351.0,91.0,7452.0,,991.0,5015.0,547.0,747.0,886.0,90.0,2481.0,3908.0,160.0,72.0,781.0,218.0,3017.0
1959-01-01,140.0,1771.0,252.0,1144.0,243.0,613.0,661.0,778.0,1656.0,190.0,799.0,2838.0,226.0,55708.0,9160.0,2384.0,518.0,1346.0,594.0,1206.0,1631.0,5010.0,2426.0,1653.0,55574.0,358.0,4662.5,10343.0,509.0,1379.0,20.0,459.0,395.0,190.0,795.0,356.0,141.0,266.0,667.0,1433.0,16060.0,,83.0,2711.0,710.0,375.0,314.0,124.0,146.0,666.0,6900.0,119.0,318.0,2574.0,1014.0,567.0,771.0,209.0,24.0,1113.0,807.0,1592.0,45365.0,81.0,917.0,480.0,-134.0,6900.0,382.0,102.0,7694.0,,1094.0,5333.0,587.0,718.0,914.0,90.0,2504.0,3897.0,167.0,76.0,832.0,222.0,3069.0
1960-01-01,151.0,1755.0,267.0,1156.0,258.0,645.0,721.0,793.0,1704.0,177.0,807.0,2805.0,245.0,56724.0,9246.0,2530.0,544.0,1419.0,600.0,1218.0,1604.0,5055.0,2511.0,1673.0,56581.0,357.0,4786.0,10621.0,524.5,1418.0,24.0,474.0,402.0,199.0,807.0,345.0,150.0,268.0,647.0,1448.0,16189.0,,95.0,2690.0,692.0,378.0,319.0,131.0,142.0,699.0,6943.0,117.0,303.0,2648.0,936.0,576.0,780.0,202.0,23.0,1150.0,833.0,1597.0,46103.0,84.0,881.0,480.0,-143.0,7100.0,384.0,111.0,8005.0,,1204.0,5566.0,592.0,723.0,891.0,90.0,2507.0,3914.0,183.0,79.0,851.0,222.0,3132.0
1961-01-01,161.0,1763.0,272.0,1134.0,260.0,661.0,767.0,792.0,1705.0,157.0,796.0,2777.0,257.0,56604.0,8908.0,2650.0,573.0,1429.0,600.0,1180.0,1602.0,5157.0,2541.0,1656.0,56479.0,341.0,4955.5,10983.0,536.0,1439.0,26.0,472.0,394.0,203.0,804.0,341.0,151.0,264.0,601.0,1399.0,15772.0,,89.0,2774.0,657.0,369.0,320.0,130.0,139.0,628.0,6864.0,115.0,296.0,2782.0,920.0,582.0,774.0,194.0,22.0,1077.0,840.0,1564.0,45621.0,86.0,807.0,468.0,-125.0,7040.0,377.0,122.0,8133.0,,1272.0,5826.0,570.0,710.0,861.0,87.0,2412.0,3808.0,186.0,79.0,839.0,215.0,3130.0
1962-01-01,172.0,1723.0,282.0,1184.0,265.0,679.0,833.0,804.0,1764.0,150.0,792.0,2855.0,268.0,58125.0,9358.0,2743.0,609.0,1531.0,597.0,1242.0,1551.0,5409.0,2592.0,1649.0,58034.0,361.0,5151.5,11391.0,544.0,1486.0,27.0,484.0,405.0,209.0,802.0,342.0,157.0,260.0,612.0,1477.0,16360.0,,84.0,2957.0,640.0,383.0,332.0,133.0,132.0,686.0,7002.0,114.0,292.0,2839.0,980.0,598.0,780.0,189.0,21.0,1101.0,853.0,1558.0,46734.0,87.0,788.0,480.0,-91.0,7198.0,422.0,127.0,8398.0,,1347.0,5982.0,580.0,705.0,874.0,87.0,2418.0,3807.0,188.0,80.0,869.0,212.0,3161.0
1963-01-01,179.0,1677.0,294.0,1197.0,277.0,704.0,884.0,819.0,1782.0,145.0,791.0,2939.0,287.0,58979.0,9473.0,2930.0,638.0,1505.0,597.0,1260.0,1498.0,5351.0,2666.0,1637.0,58907.0,364.0,5250.0,11599.0,549.5,1554.0,27.0,509.0,409.0,213.0,823.0,334.0,162.0,257.0,619.0,1515.0,16484.0,,81.0,2878.0,623.0,382.0,352.0,136.0,131.0,729.0,7011.0,114.0,283.0,2910.0,990.0,605.0,793.0,185.0,20.0,1110.0,856.0,1532.0,47380.0,89.0,763.0,493.0,-72.0,7364.0,431.0,119.0,8639.0,,1377.0,6248.0,590.0,702.0,861.0,86.0,2407.0,3795.0,192.0,82.0,883.0,210.0,3193.0
1964-01-01,191.0,1552.0,301.0,1214.0,291.0,724.0,960.0,831.0,1767.0,142.0,808.0,3049.0,299.0,60271.0,9650.0,3125.0,655.0,1480.0,598.0,1291.0,1361.0,5360.0,2729.0,1640.0,60208.0,379.0,5409.0,11939.0,560.5,1630.0,27.0,538.0,407.0,221.0,839.0,332.0,172.0,254.0,641.0,1588.0,16722.0,,81.0,2896.0,619.0,389.0,369.0,139.0,131.0,748.0,7072.0,114.0,282.0,3030.0,965.0,607.0,809.0,180.0,19.0,1159.0,874.0,1513.0,48332.0,92.0,746.0,498.0,-63.0,7643.0,444.0,121.0,8923.0,,1415.0,6579.0,603.0,716.0,862.0,88.0,2421.0,3827.0,202.0,86.0,898.0,216.0,3268.0
1965-01-01,206.0,1476.0,308.0,1274.0,306.0,750.0,1050.0,870.0,1787.0,140.0,844.0,3221.0,314.0,62654.0,10289.0,3339.0,706.0,1590.0,610.0,1376.0,1270.0,5389.0,2837.0,1666.0,62633.0,404.0,5583.0,12316.0,575.0,1735.0,31.0,569.0,436.0,232.0,866.0,341.0,181.0,257.0,658.0,1732.0,17624.0,,85.0,2888.0,624.0,411.0,395.0,147.0,136.0,828.0,7335.0,119.0,280.0,3152.0,998.0,628.0,846.0,178.0,19.0,1234.0,907.0,1476.0,50338.0,97.0,730.0,520.0,-21.0,7941.0,483.0,124.0,9317.0,,1462.0,6927.0,622.0,747.0,902.0,86.0,2472.0,3926.0,218.0,88.0,946.0,214.0,3372.0
1966-01-01,214.0,1382.0,316.0,1329.0,320.0,782.0,1170.0,926.0,1889.0,137.0,890.0,3327.0,322.0,66086.0,11224.0,3573.0,750.0,1836.0,617.0,1498.0,1168.0,5988.0,2924.0,1688.0,66071.0,437.0,6033.0,13293.0,613.5,1882.0,34.0,604.0,491.0,237.0,876.0,352.0,188.0,262.0,670.0,1912.0,18852.0,,88.0,3317.0,621.0,429.0,432.0,158.0,141.0,863.0,7628.0,120.0,276.0,3287.0,1170.0,656.0,877.0,179.0,18.0,1278.0,946.0,1426.0,52793.0,102.0,719.0,537.0,-15.0,8301.0,527.0,136.0,9822.0,,1558.0,7305.0,640.0,788.0,942.0,83.0,2556.0,4063.0,244.0,95.0,991.0,227.0,3501.0
1967-01-01,226.0,1314.0,336.0,1327.0,331.0,839.0,1278.0,966.0,2023.0,137.0,924.0,3301.0,331.0,68007.0,11332.0,3729.0,797.0,1887.0,628.0,1542.0,1088.0,6450.0,3074.0,1707.0,67992.0,429.0,6368.5,14006.0,634.5,2056.0,35.0,635.0,511.0,245.0,923.0,344.0,200.0,269.0,653.0,1957.0,19068.0,,80.0,3607.0,604.0,424.0,469.0,168.0,147.0,816.0,7736.0,117.0,270.0,3378.0,1238.0,672.0,905.0,179.0,18.0,1250.0,979.0,1392.0,54001.0,108.0,689.0,549.0,-15.0,8541.0,534.0,152.0,10369.0,,1655.0,7556.0,625.0,816.0,944.0,84.0,2593.0,4145.0,285.0,102.0,1001.0,229.0,3585.0
1968-01-01,235.0,1298.0,344.0,1339.0,340.0,888.0,1359.0,994.0,2039.0,131.0,936.0,3418.0,337.0,69875.0,11510.0,3928.0,836.0,1903.0,640.0,1592.0,1063.0,6531.0,3233.0,1705.0,69859.0,444.0,6577.5,14456.0,650.5,2220.0,41.0,659.0,529.0,249.0,954.0,348.0,208.0,272.0,669.0,1949.0,19386.0,,83.0,3661.0,599.0,428.0,505.0,170.0,148.0,870.0,7876.0,115.0,270.0,3527.0,1247.0,681.0,908.0,183.0,18.0,1248.0,996.0,1327.0,55419.0,112.0,661.0,576.0,-16.0,8867.0,573.0,188.0,10741.0,,1717.0,7925.0,631.0,824.0,975.0,82.0,2633.0,4209.0,316.0,103.0,1035.0,228.0,3668.0
1969-01-01,242.0,1274.0,358.0,1347.0,353.0,955.0,1483.0,1023.0,2019.0,133.0,1002.0,3562.0,347.0,71740.0,11786.0,4112.0,864.0,1955.0,651.0,1651.0,1032.0,6484.0,3387.0,1718.0,71718.0,453.0,6692.5,14716.0,665.5,2394.0,47.0,691.0,545.0,258.0,956.0,331.0,217.0,268.0,686.0,2009.0,19789.0,,91.0,3621.0,611.0,434.0,548.0,174.0,154.0,906.0,8003.0,113.0,274.0,3633.0,1211.0,705.0,900.0,186.0,18.0,1283.0,1016.0,1235.0,57024.0,117.0,637.0,603.0,-22.0,9180.0,613.0,221.0,11136.0,,1765.0,8232.0,653.0,885.0,985.0,79.0,2650.0,4303.0,337.0,109.0,1068.0,213.0,3782.0
1970-01-01,239.0,1280.0,359.0,1292.0,365.0,1009.0,1525.0,1010.0,1959.0,143.0,1066.0,3481.0,348.0,71245.0,11064.0,4290.0,900.0,1843.0,667.0,1533.0,1041.0,6094.0,3491.0,1713.0,71225.0,422.0,6659.5,14691.0,686.0,2520.0,52.0,706.0,524.0,268.0,986.0,307.0,227.0,267.0,672.0,1956.0,18906.0,,95.0,3273.0,615.0,414.0,561.0,176.0,153.0,797.0,7842.0,113.0,264.0,3797.0,1027.0,694.0,858.0,187.0,17.0,1243.0,1021.0,1154.0,56554.0,118.0,620.0,629.0,-20.0,9329.0,593.0,199.0,11247.0,,1743.0,8597.0,633.0,948.0,946.0,79.0,2608.0,4341.0,335.0,112.0,1052.0,205.0,3864.0
1971-01-01,242.0,1276.0,365.0,1268.0,379.0,1037.0,1519.0,975.0,1947.0,145.0,1065.0,3538.0,354.0,70865.0,10445.0,4477.0,921.0,1705.0,678.0,1443.0,1034.0,5715.0,3564.0,1675.0,70846.0,420.0,6633.0,14659.0,696.5,2746.0,55.0,722.0,489.0,275.0,986.0,286.0,241.0,265.0,695.0,1785.0,18087.0,,89.0,2902.0,602.0,408.0,570.0,172.0,152.0,831.0,7642.0,112.0,256.0,3940.0,893.0,669.0,816.0,186.0,17.0,1154.0,982.0,1080.0,56206.0,122.0,589.0,666.0,-19.0,9524.0,592.0,191.0,11428.0,,1745.0,8944.0,622.0,943.0,935.0,74.0,2553.0,4296.0,324.0,112.0,1059.0,187.0,3891.0
1972-01-01,261.0,1293.0,404.0,1312.0,397.0,1072.0,1634.0,964.0,1952.0,158.0,1080.0,3739.0,375.0,72695.0,10824.0,4653.0,943.0,1757.0,693.0,1493.0,1032.0,5344.0,3692.0,1652.0,72674.0,460.0,6648.0,14677.0,690.5,3050.0,59.0,750.0,515.0,281.0,1005.0,288.0,261.0,258.0,719.0,1866.0,18571.0,,86.0,2553.0,612.0,419.0,619.0,182.0,152.0,870.0,7747.0,110.0,258.0,4138.0,914.0,674.0,771.0,183.0,17.0,1165.0,988.0,1021.0,58018.0,127.0,567.0,703.0,-21.0,9764.0,642.0,197.0,12003.0,,1819.0,9333.0,646.0,953.0,970.0,74.0,2566.0,4339.0,328.0,113.0,1094.0,189.0,4005.0
1973-01-01,298.0,1368.0,437.0,1351.0,433.0,1135.0,1805.0,992.0,1921.0,158.0,1105.0,4011.0,399.0,76058.0,11666.0,4832.0,968.0,1940.0,711.0,1608.0,1070.0,5194.0,3896.0,1648.0,76034.0,490.0,6743.5,14886.0,699.5,3308.0,73.0,807.0,556.0,301.0,1022.0,286.0,296.0,255.0,744.0,2056.0,19605.0,,88.0,2439.0,626.0,440.0,691.0,200.0,157.0,953.0,7939.0,114.0,266.0,4295.0,947.0,689.0,773.0,184.0,16.0,1250.0,1016.0,982.0,61172.0,131.0,565.0,777.0,-24.0,10281.0,693.0,189.0,12680.0,,1823.0,9692.0,682.0,974.0,1004.0,76.0,2659.0,4475.0,348.0,122.0,1162.0,191.0,4230.0
1974-01-01,312.0,1458.0,459.0,1274.0,440.0,1202.0,1901.0,1015.0,1966.0,176.0,1119.0,3928.0,414.0,77163.0,11729.0,4981.0,1000.0,1950.0,721.0,1598.0,1146.0,5161.0,4020.0,1638.0,77142.0,470.0,6855.5,15158.0,723.5,3537.0,84.0,828.0,579.0,317.0,1052.0,267.0,320.0,256.0,702.0,2196.0,19538.0,,96.0,2345.0,685.0,442.0,732.0,213.0,157.0,897.0,7809.0,117.0,296.0,4419.0,952.0,688.0,750.0,189.0,16.0,1271.0,1020.0,858.0,62005.0,136.0,574.0,779.0,-21.0,10465.0,689.0,172.0,13045.0,,1850.0,9997.0,672.0,983.0,952.0,77.0,2684.0,4524.0,349.0,128.0,1168.0,193.0,4342.0
1975-01-01,288.0,1440.0,466.0,1168.0,444.0,1225.0,1845.0,1009.0,1988.0,211.0,1099.0,3442.0,425.0,75401.0,10488.0,5100.0,1032.0,1677.0,711.0,1430.0,1152.0,5116.0,4064.0,1592.0,75376.0,398.0,6998.0,15464.0,734.0,3775.0,82.0,834.0,539.0,338.0,1053.0,239.0,347.0,251.0,598.0,2026.0,17783.0,1335.0,93.0,2295.0,739.0,403.0,725.0,211.0,158.0,776.0,7295.0,115.0,320.0,4613.0,904.0,628.0,741.0,187.0,17.0,1118.0,991.0,793.0,59937.0,141.0,541.0,773.0,-25.0,10501.0,585.0,168.0,13351.0,645.0,1980.0,10348.0,619.0,958.0,825.0,71.0,2547.0,4357.0,346.0,128.0,1080.0,184.0,4260.0
1976-01-01,326.0,1532.0,502.0,1259.0,474.0,1250.0,1973.0,1040.0,2000.0,225.0,1086.0,3510.0,432.0,77737.0,10916.0,5163.0,1035.0,1754.0,714.0,1490.0,1206.0,5067.0,4178.0,1615.0,77712.0,433.0,7043.5,15542.0,727.5,3962.0,95.0,858.0,565.0,347.0,1071.0,259.0,372.0,247.0,666.0,2051.0,18546.0,1327.0,93.0,2253.0,767.0,420.0,742.0,222.0,159.0,868.0,7630.0,114.0,335.0,4671.0,898.0,662.0,753.0,193.0,18.0,1137.0,1007.0,822.0,62195.0,146.0,524.0,808.0,-25.0,10975.0,637.0,175.0,13906.0,705.0,2032.0,10475.0,634.0,940.0,888.0,70.0,2573.0,4373.0,351.0,137.0,1113.0,183.0,4408.0
1977-01-01,349.0,1490.0,530.0,1258.0,509.0,1295.0,2138.0,1068.0,2000.0,236.0,1103.0,3772.0,457.0,80440.0,11450.0,5244.0,1029.0,1854.0,729.0,1550.0,1141.0,5047.0,4361.0,1636.0,80417.0,453.0,7114.0,15670.0,721.0,4163.0,101.0,877.0,607.0,370.0,1108.0,251.0,401.0,245.0,708.0,2151.0,19245.0,1316.0,92.0,2239.0,811.0,432.0,795.0,235.0,163.0,943.0,7795.0,115.0,368.0,4745.0,923.0,679.0,783.0,198.0,18.0,1175.0,1047.0,854.0,64770.0,154.0,523.0,849.0,-23.0,11481.0,702.0,181.0,14541.0,748.0,2064.0,10623.0,654.0,949.0,888.0,68.0,2663.0,4495.0,365.0,149.0,1179.0,184.0,4574.0
1978-01-01,415.0,1496.0,568.0,1278.0,566.0,1355.0,2378.0,1088.0,2029.0,232.0,1146.0,4206.0,500.0,84540.0,12143.0,5302.0,1068.0,1991.0,757.0,1635.0,1081.0,5065.0,4648.0,1658.0,84512.0,480.0,7264.0,16009.0,740.5,4401.0,105.0,929.0,643.0,401.0,1196.0,254.0,436.0,245.0,746.0,2307.0,20092.0,1324.0,82.0,2220.0,858.0,444.0,885.0,256.0,166.0,1000.0,7949.0,119.0,425.0,4977.0,993.0,690.0,814.0,200.0,20.0,1212.0,1093.0,853.0,68531.0,165.0,519.0,904.0,-28.0,12213.0,738.0,187.0,15496.0,852.0,2176.0,10944.0,692.0,981.0,883.0,67.0,2793.0,4696.0,385.0,167.0,1259.0,198.0,4826.0
1979-01-01,458.0,1546.0,597.0,1245.0,600.0,1430.0,2617.0,1104.0,2031.0,252.0,1207.0,4459.0,532.0,87323.0,12614.0,5280.0,1109.0,2100.0,785.0,1680.0,1088.0,5047.0,4879.0,1664.0,87301.0,481.0,7308.0,16144.0,764.0,4617.0,113.0,970.0,678.0,431.0,1218.0,241.0,473.0,252.0,758.0,2467.0,20611.0,1312.0,89.0,2189.0,930.0,440.0,971.0,278.0,174.0,994.0,7997.0,124.0,465.0,5116.0,1071.0,697.0,832.0,201.0,20.0,1242.0,1145.0,803.0,71179.0,173.0,530.0,955.0,-22.0,12527.0,766.0,200.0,16272.0,919.0,2231.0,11097.0,703.0,1034.0,866.0,68.0,2898.0,4890.0,418.0,181.0,1299.0,198.0,5065.0
1980-01-01,477.0,1593.0,623.0,1208.0,591.0,1496.0,2783.0,1100.0,2069.0,249.0,1241.0,4231.0,545.0,87246.0,12016.0,5250.0,1122.0,2076.0,804.0,1583.0,1116.0,5111.0,5032.0,1630.0,87222.0,450.0,7364.5,16288.0,779.5,4878.0,114.0,997.0,696.0,448.0,1231.0,233.0,513.0,253.0,672.0,2449.0,19813.0,1304.0,88.0,2209.0,1012.0,412.0,1021.0,285.0,174.0,794.0,7797.0,122.0,553.0,5201.0,1095.0,681.0,824.0,197.0,22.0,1135.0,1152.0,755.0,70958.0,182.0,513.0,974.0,-24.0,12425.0,708.0,224.0,16849.0,979.0,2283.0,11177.0,654.0,1059.0,822.0,66.0,2846.0,4891.0,430.0,190.0,1237.0,201.0,5112.0
1981-01-01,506.0,1582.0,635.0,1195.0,598.0,1553.0,2936.0,1102.0,2037.0,234.0,1280.0,4074.0,561.0,88046.0,11956.0,5206.0,1154.0,2078.0,832.0,1562.0,1076.0,5135.0,5161.0,1613.0,87984.0,449.0,7302.5,16165.0,780.0,5151.0,119.0,1033.0,715.0,465.0,1222.0,238.0,553.0,252.0,645.0,2468.0,19749.0,1291.0,93.0,2259.0,1128.0,404.0,1074.0,291.0,174.0,793.0,7793.0,116.0,685.0,5103.0,1099.0,679.0,850.0,204.0,22.0,1110.0,1173.0,740.0,71881.0,192.0,482.0,982.0,-62.0,12541.0,724.0,259.0,17477.0,997.0,2288.0,11030.0,633.0,1088.0,797.0,68.0,2820.0,4932.0,431.0,199.0,1226.0,208.0,5237.0
1982-01-01,441.0,1463.0,646.0,1091.0,610.0,1580.0,3018.0,1076.0,2026.0,237.0,1319.0,3740.0,562.0,85886.0,10844.0,5153.0,1198.0,1989.0,855.0,1398.0,1022.0,5141.0,5204.0,1564.0,85822.0,413.0,7306.0,16171.0,779.5,5314.0,144.0,1015.0,705.0,467.0,1235.0,210.0,539.0,246.0,572.0,2208.0,18249.0,1311.0,74.0,2293.0,1108.0,374.0,1029.0,281.0,185.0,702.0,7405.0,108.0,689.0,5140.0,1023.0,652.0,850.0,190.0,21.0,900.0,1165.0,727.0,69715.0,207.0,413.0,952.0,-64.0,12325.0,676.0,264.0,17679.0,956.0,2267.0,11030.0,560.0,1112.0,715.0,66.0,2670.0,4844.0,421.0,206.0,1164.0,199.0,5103.0
1983-01-01,463.0,1569.0,665.0,1098.0,638.0,1583.0,3236.0,1042.0,2026.0,190.0,1264.0,3797.0,615.0,86423.0,10558.0,5170.0,1236.0,1995.0,862.0,1342.0,1106.0,5130.0,5337.0,1534.0,86353.0,442.0,7264.5,16055.0,763.0,5472.0,146.0,1042.0,685.0,481.0,1229.0,195.0,573.0,249.0,632.0,1996.0,17935.0,1297.0,58.0,2308.0,939.0,361.0,1058.0,279.0,188.0,750.0,7377.0,105.0,586.0,5025.0,980.0,653.0,878.0,185.0,21.0,819.0,1192.0,714.0,70368.0,214.0,349.0,984.0,-70.0,12689.0,694.0,299.0,18278.0,1002.0,2299.0,10925.0,556.0,1050.0,720.0,64.0,2629.0,4755.0,429.0,217.0,1178.0,186.0,5069.0
1984-01-01,493.0,1488.0,688.0,1133.0,699.0,1598.0,3727.0,1043.0,2067.0,196.0,1255.0,4257.0,678.0,90701.0,11340.0,5226.0,1298.0,2181.0,875.0,1438.0,995.0,5230.0,5555.0,1532.0,90628.0,473.0,7343.5,16264.0,788.5,5600.0,160.0,1129.0,700.0,504.0,1247.0,178.0,611.0,260.0,685.0,2167.0,18888.0,1296.0,56.0,2328.0,958.0,373.0,1124.0,306.0,187.0,847.0,7548.0,108.0,598.0,5066.0,1042.0,669.0,930.0,178.0,19.0,849.0,1266.0,752.0,74437.0,220.0,348.0,1041.0,-73.0,13620.0,765.0,327.0,19400.0,1053.0,2349.0,11034.0,585.0,1035.0,722.0,62.0,2794.0,4924.0,461.0,241.0,1277.0,188.0,5347.0
1985-01-01,531.0,1394.0,695.0,1061.0,746.0,1621.0,4066.0,1037.0,2098.0,187.0,1226.0,4514.0,726.0,93050.0,11310.0,5411.0,1329.0,2165.0,890.0,1438.0,863.0,5275.0,5765.0,1523.0,92978.0,475.0,7510.0,16617.0,798.5,5778.0,171.0,1192.0,708.0,532.0,1279.0,160.0,655.0,268.0,673.0,2150.0,18754.0,1296.0,47.0,2344.0,914.0,358.0,1204.0,313.0,193.0,872.0,7444.0,109.0,571.0,5167.0,1095.0,668.0,972.0,170.0,19.0,799.0,1315.0,752.0,76433.0,223.0,324.0,1094.0,-72.0,14326.0,770.0,342.0,20315.0,1124.0,2420.0,11342.0,577.0,1003.0,678.0,62.0,2863.0,4979.0,490.0,260.0,1320.0,182.0,5472.0
1986-01-01,565.0,1381.0,709.0,1045.0,775.0,1649.0,4391.0,1013.0,2088.0,173.0,1201.0,4667.0,803.0,94721.0,11039.0,5609.0,1356.0,2093.0,896.0,1398.0,816.0,5268.0,6051.0,1533.0,94654.0,485.0,7675.0,16955.0,802.5,6000.0,184.0,1229.0,690.0,557.0,1338.0,142.0,704.0,276.0,682.0,2014.0,18463.0,1310.0,43.0,2357.0,765.0,356.0,1254.0,310.0,197.0,863.0,7424.0,108.0,441.0,5296.0,1143.0,665.0,996.0,162.0,18.0,742.0,1345.0,749.0,77766.0,225.0,297.0,1141.0,-67.0,14734.0,776.0,379.0,21183.0,1203.0,2513.0,11687.0,573.0,976.0,686.0,57.0,2913.0,5010.0,527.0,269.0,1352.0,174.0,5512.0
1987-01-01,629.0,1455.0,733.0,1055.0,810.0,1656.0,4780.0,1014.0,2121.0,159.0,1191.0,4755.0,860.0,97369.0,11012.0,5648.0,1421.0,2048.0,902.0,1377.0,826.0,5314.0,6306.0,1550.0,97303.0,501.0,7809.0,17237.0,809.5,6255.0,216.0,1295.0,676.0,583.0,1380.0,139.0,762.0,286.0,723.0,1989.0,18571.0,1377.0,45.0,2368.0,707.0,364.0,1318.0,313.0,197.0,844.0,7559.0,109.0,394.0,5481.0,1180.0,675.0,1046.0,159.0,18.0,735.0,1393.0,731.0,80132.0,222.0,276.0,1183.0,-66.0,15254.0,810.0,428.0,22316.0,1278.0,2655.0,11923.0,575.0,969.0,710.0,54.0,3026.0,5119.0,572.0,283.0,1420.0,171.0,5649.0
