Date,"Agricultural services, forestry, and fishing","Agriculture, forestry, and fishing",Amusement and recreation services,Apparel and other textile products,"Auto repair, services, and parking",Banking,Business services,Chemicals and allied products,Coal mining,Commercial and mutual banks,Communication,Construction,Credit agencies other than banks,Domestic industries,Durable goods,Educational services,Electric and electronic equipment,"Electric, gas, and sanitary services",Fabricated metal products,Farms,Federal Reserve banks,"Finance, insurance, and real estate",Food and kindred products,Furniture and fixtures,Health services,Holding and other investment offices,Hotels and other lodging places,Instruments and related products,"Insurance agents, brokers, and service",Insurance carriers,Leather and leather products,Legal services,Less: Payments to the rest of the world,Local and interurban passenger transit,Lumber and wood products,"Machinery, except electrical",Manufacturing,Metal mining,Mining,Miscellaneous manufacturing industries,Miscellaneous repair services,Motion pictures,Motor vehicles and equipment,Nondurable goods,"Nonmetallic minerals, except fuels",Oil and gas extraction,Other,Other services,Other transportation equipment,Paper and allied products,Personal services,Petroleum and coal products,"Pipelines, except natural gas",Primary metal industries,Printing and publishing,Radio and television,Railroad transportation,Real estate,Receipts from the rest of the world,Rest of the world,Retail trade,Rubber and miscellaneous plastics products,Security and commodity brokers,Services,"Stone, clay, and glass products",Telephone and telegraph,Textile mill products,Tobacco manufactures,Transportation,Transportation and public utilities,Transportation by air,Transportation services,Trucking and warehousing,Undistributed corporate profits,Water transportation,Wholesale trade
1948-01-01,-1.0,44.0,23.0,129.0,11.0,845.0,60.0,683.0,243.0,796.0,53.0,369.0,213.0,16620.0,4373.0,,435.0,181.0,475.0,45.0,49.0,1904.0,543.0,77.0,,-34.0,59.0,84.0,30.0,629.0,40.0,,156.0,13.0,284.0,784.0,9263.0,113.0,932.0,143.0,7.0,82.0,862.0,4891.0,61.0,515.0,,52.0,80.0,355.0,36.0,2009.0,29.0,912.0,275.0,21.0,493.0,219.0,581.0,425.0,1683.0,129.0,2.0,330.0,238.0,33.0,662.0,64.0,690.0,923.0,-1.0,18.0,97.0,17045.0,40.0,1172.0
1949-01-01,-6.0,22.0,7.0,59.0,8.0,818.0,56.0,574.0,58.0,788.0,59.0,336.0,293.0,12308.0,3111.0,,292.0,204.0,261.0,28.0,30.0,2240.0,546.0,53.0,,-8.0,53.0,61.0,29.0,848.0,18.0,,143.0,-8.0,132.0,517.0,6317.0,35.0,619.0,81.0,5.0,113.0,844.0,3207.0,58.0,467.0,,47.0,44.0,229.0,37.0,1186.0,28.0,617.0,254.0,32.0,228.0,245.0,436.0,293.0,1113.0,69.0,14.0,326.0,209.0,27.0,199.0,72.0,417.0,681.0,17.0,15.0,87.0,12601.0,50.0,654.0
1950-01-01,-4.0,35.0,-16.0,133.0,12.0,779.0,66.0,881.0,110.0,799.0,187.0,288.0,356.0,16733.0,4830.0,,548.0,153.0,488.0,39.0,-20.0,1916.0,622.0,95.0,,-56.0,39.0,106.0,27.0,549.0,58.0,,190.0,-3.0,321.0,729.0,9463.0,94.0,812.0,167.0,0.0,73.0,980.0,4633.0,65.0,543.0,,48.0,135.0,400.0,29.0,1558.0,23.0,948.0,248.0,66.0,513.0,246.0,475.0,285.0,1531.0,214.0,15.0,251.0,312.0,120.0,455.0,65.0,764.0,1104.0,43.0,19.0,130.0,17018.0,39.0,1333.0
1951-01-01,0.0,4.0,-12.0,46.0,13.0,937.0,66.0,674.0,91.0,912.0,231.0,244.0,377.0,13669.0,3935.0,,385.0,78.0,424.0,4.0,25.0,2098.0,347.0,67.0,,-8.0,34.0,113.0,26.0,570.0,12.0,,169.0,5.0,238.0,749.0,7609.0,77.0,742.0,119.0,-1.0,-68.0,597.0,3674.0,73.0,501.0,,62.0,101.0,357.0,31.0,1561.0,43.0,893.0,226.0,141.0,303.0,192.0,751.0,582.0,973.0,184.0,4.0,125.0,249.0,90.0,226.0,42.0,567.0,875.0,44.0,21.0,84.0,14251.0,66.0,998.0
1952-01-01,1.0,-25.0,0.0,71.0,15.0,940.0,68.0,531.0,49.0,901.0,302.0,280.0,546.0,12534.0,3510.0,,462.0,94.0,329.0,-26.0,39.0,2470.0,335.0,65.0,,-3.0,32.0,106.0,37.0,762.0,35.0,,134.0,-2.0,170.0,713.0,6650.0,37.0,546.0,91.0,-2.0,-58.0,660.0,3140.0,66.0,394.0,,63.0,148.0,260.0,30.0,1437.0,45.0,579.0,238.0,194.0,310.0,185.0,923.0,789.0,847.0,138.0,4.0,149.0,187.0,108.0,56.0,39.0,491.0,887.0,26.0,19.0,81.0,13323.0,12.0,729.0
1953-01-01,2.0,-40.0,-6.0,56.0,11.0,994.0,75.0,638.0,28.0,959.0,376.0,227.0,478.0,13313.0,3903.0,,467.0,161.0,350.0,-42.0,35.0,2642.0,367.0,50.0,,31.0,25.0,113.0,32.0,866.0,27.0,,163.0,-7.0,151.0,673.0,7526.0,67.0,457.0,89.0,-6.0,-9.0,742.0,3623.0,68.0,294.0,,65.0,204.0,255.0,32.0,1746.0,20.0,836.0,238.0,226.0,198.0,221.0,826.0,663.0,724.0,160.0,20.0,187.0,228.0,149.0,76.0,60.0,353.0,889.0,30.0,14.0,85.0,13976.0,13.0,700.0
1954-01-01,-1.0,-1.0,-23.0,65.0,9.0,864.0,76.0,716.0,6.0,834.0,459.0,252.0,568.0,13347.0,3672.0,,454.0,166.0,328.0,0.0,30.0,2804.0,432.0,47.0,,19.0,22.0,160.0,36.0,986.0,35.0,,162.0,-17.0,168.0,650.0,7709.0,50.0,428.0,95.0,-17.0,13.0,668.0,4037.0,83.0,288.0,,60.0,235.0,275.0,32.0,2058.0,50.0,573.0,252.0,282.0,-149.0,288.0,702.0,540.0,719.0,130.0,42.0,173.0,295.0,177.0,1.0,72.0,5.0,630.0,42.0,19.0,77.0,13887.0,-17.0,634.0
1955-01-01,3.0,-26.0,-19.0,96.0,12.0,1292.0,95.0,971.0,55.0,1266.0,644.0,195.0,686.0,18147.0,5660.0,,508.0,113.0,442.0,-29.0,26.0,3170.0,561.0,97.0,,42.0,1.0,153.0,35.0,856.0,50.0,,187.0,-3.0,274.0,726.0,10794.0,52.0,607.0,117.0,-11.0,83.0,1494.0,5134.0,104.0,396.0,,82.0,265.0,368.0,35.0,2301.0,34.0,1107.0,347.0,374.0,11.0,246.0,962.0,775.0,1049.0,192.0,12.0,279.0,477.0,269.0,148.0,99.0,223.0,980.0,47.0,21.0,99.0,18922.0,14.0,1099.0
1956-01-01,3.0,-22.0,-17.0,96.0,8.0,1604.0,126.0,1033.0,118.0,1557.0,646.0,364.0,779.0,18344.0,5426.0,,693.0,128.0,458.0,-25.0,47.0,3280.0,553.0,102.0,,95.0,12.0,160.0,50.0,604.0,41.0,,167.0,-11.0,198.0,950.0,10731.0,44.0,639.0,107.0,-5.0,-51.0,715.0,5306.0,100.0,377.0,,111.0,465.0,434.0,47.0,2354.0,35.0,1163.0,365.0,435.0,-24.0,135.0,1175.0,1008.0,975.0,179.0,13.0,232.0,416.0,211.0,157.0,93.0,169.0,943.0,18.0,20.0,63.0,19352.0,68.0,1202.0
1957-01-01,5.0,-25.0,-7.0,80.0,-5.0,1514.0,155.0,1007.0,105.0,1452.0,602.0,389.0,808.0,16823.0,5078.0,,818.0,81.0,431.0,-30.0,62.0,3087.0,482.0,73.0,,109.0,11.0,156.0,51.0,438.0,44.0,,157.0,-2.0,102.0,761.0,9748.0,28.0,670.0,102.0,-11.0,-7.0,756.0,4670.0,77.0,460.0,,119.0,477.0,297.0,54.0,2047.0,40.0,1035.0,373.0,415.0,-78.0,158.0,1363.0,1206.0,896.0,135.0,9.0,310.0,366.0,187.0,109.0,97.0,-14.0,668.0,-41.0,19.0,75.0,18029.0,-28.0,1080.0
1958-01-01,25.0,-15.0,-4.0,92.0,6.0,1154.0,148.0,832.0,51.0,1104.0,666.0,379.0,931.0,13711.0,3148.0,,793.0,-48.0,314.0,-40.0,50.0,3036.0,609.0,52.0,,41.0,-6.0,147.0,60.0,641.0,26.0,,156.0,-1.0,170.0,364.0,7242.0,46.0,382.0,86.0,-15.0,-7.0,-18.0,4095.0,43.0,242.0,,109.0,362.0,226.0,61.0,1625.0,15.0,499.0,322.0,368.0,-204.0,202.0,945.0,789.0,890.0,154.0,7.0,291.0,379.0,298.0,102.0,108.0,-134.0,485.0,-15.0,17.0,69.0,14500.0,-15.0,1019.0
1959-01-01,46.0,-15.0,17.0,136.0,26.0,1687.0,161.0,1227.0,27.0,1875.0,766.0,309.0,1002.0,18801.0,5194.0,,951.0,113.0,384.0,-61.0,-188.0,3836.0,725.0,69.0,,36.0,-13.0,219.0,69.0,847.0,60.0,,233.0,23.0,281.0,775.0,10627.0,-110.0,158.0,119.0,-8.0,67.0,1012.0,5433.0,50.0,191.0,,126.0,138.0,356.0,63.0,1898.0,36.0,740.0,454.0,394.0,-133.0,165.0,1089.0,856.0,1220.0,174.0,30.0,440.0,506.0,372.0,286.0,117.0,1.0,881.0,-32.0,6.0,113.0,19657.0,-12.0,1345.0
1960-01-01,48.0,-18.0,3.0,129.0,17.0,1751.0,124.0,1122.0,38.0,1720.0,836.0,114.0,1026.0,16524.0,4008.0,,811.0,330.0,239.0,-66.0,31.0,3958.0,670.0,47.0,,53.0,-37.0,179.0,72.0,916.0,32.0,,176.0,11.0,147.0,535.0,9092.0,-36.0,186.0,77.0,7.0,-33.0,985.0,5084.0,94.0,90.0,,123.0,63.0,303.0,57.0,1895.0,2.0,607.0,440.0,413.0,-200.0,121.0,1357.0,1181.0,867.0,162.0,19.0,261.0,317.0,423.0,208.0,123.0,-211.0,955.0,-81.0,19.0,57.0,17705.0,-19.0,1109.0
1961-01-01,55.0,-14.0,-12.0,140.0,17.0,1560.0,203.0,1054.0,58.0,1492.0,830.0,204.0,1161.0,16192.0,3313.0,,791.0,168.0,293.0,-69.0,68.0,3956.0,678.0,63.0,,127.0,-54.0,192.0,44.0,1001.0,39.0,,240.0,-3.0,159.0,513.0,8209.0,21.0,240.0,67.0,11.0,181.0,698.0,4896.0,64.0,97.0,,126.0,84.0,259.0,53.0,1812.0,22.0,164.0,417.0,348.0,-211.0,29.0,1161.0,921.0,1111.0,191.0,34.0,525.0,288.0,482.0,173.0,133.0,-176.0,822.0,-126.0,5.0,119.0,17113.0,17.0,1140.0
1962-01-01,68.0,27.0,-13.0,186.0,40.0,1553.0,165.0,704.0,38.0,1513.0,984.0,402.0,1243.0,18981.0,5089.0,,916.0,241.0,431.0,-41.0,40.0,4396.0,680.0,91.0,,457.0,-55.0,250.0,79.0,1004.0,51.0,,215.0,10.0,244.0,829.0,9754.0,-22.0,81.0,115.0,15.0,67.0,1234.0,4665.0,49.0,16.0,,163.0,343.0,276.0,48.0,1711.0,33.0,331.0,474.0,341.0,-181.0,70.0,1316.0,1101.0,1372.0,223.0,-10.0,430.0,305.0,644.0,238.0,122.0,10.0,1235.0,-30.0,-11.0,182.0,20082.0,7.0,1284.0
1963-01-01,40.0,-107.0,-12.0,187.0,22.0,1850.0,214.0,1206.0,71.0,1805.0,1116.0,443.0,1072.0,20402.0,5913.0,4.0,952.0,411.0,516.0,-147.0,45.0,3559.0,871.0,114.0,36.0,-106.0,-62.0,273.0,78.0,650.0,52.0,8.0,238.0,9.0,348.0,896.0,11067.0,60.0,191.0,137.0,11.0,205.0,1252.0,5154.0,133.0,-74.0,137.0,185.0,358.0,325.0,64.0,1397.0,7.0,676.0,527.0,354.0,-87.0,-2.0,1645.0,1407.0,1488.0,215.0,17.0,627.0,392.0,762.0,248.0,126.0,167.0,1694.0,43.0,2.0,157.0,21809.0,36.0,1439.0
1964-01-01,30.0,-5.0,2.0,231.0,37.0,1508.0,255.0,1113.0,106.0,1986.0,1038.0,652.0,1152.0,23831.0,7070.0,0.0,949.0,568.0,620.0,-35.0,-478.0,3607.0,885.0,146.0,50.0,93.0,-62.0,312.0,96.0,610.0,73.0,18.0,329.0,21.0,428.0,1398.0,12678.0,103.0,408.0,163.0,29.0,226.0,1153.0,5609.0,174.0,24.0,96.0,164.0,431.0,361.0,112.0,1593.0,-7.0,1011.0,638.0,299.0,-150.0,115.0,1595.0,1266.0,2099.0,254.0,33.0,764.0,458.0,739.0,337.0,124.0,262.0,1869.0,146.0,10.0,181.0,25097.0,61.0,1758.0
1965-01-01,38.0,56.0,-15.0,290.0,52.0,2305.0,315.0,1056.0,97.0,2292.0,1377.0,833.0,1179.0,30465.0,9947.0,3.0,1550.0,547.0,933.0,18.0,13.0,4788.0,966.0,195.0,49.0,404.0,-29.0,460.0,105.0,647.0,90.0,10.0,361.0,40.0,527.0,1701.0,16309.0,46.0,308.0,215.0,32.0,444.0,1847.0,6361.0,119.0,46.0,137.0,199.0,654.0,465.0,150.0,1798.0,-8.0,1413.0,821.0,466.0,-85.0,91.0,1736.0,1375.0,2441.0,287.0,57.0,1148.0,451.0,911.0,474.0,114.0,543.0,2467.0,264.0,10.0,265.0,31840.0,56.0,2116.0
1966-01-01,46.0,87.0,42.0,352.0,47.0,2579.0,408.0,1895.0,92.0,2577.0,1729.0,941.0,1055.0,34147.0,10694.0,2.0,1888.0,618.0,1138.0,41.0,2.0,5580.0,1140.0,189.0,50.0,71.0,14.0,570.0,143.0,1343.0,109.0,19.0,345.0,28.0,428.0,1958.0,18446.0,86.0,133.0,207.0,36.0,405.0,1499.0,7753.0,132.0,-177.0,238.0,310.0,826.0,606.0,149.0,1703.0,-14.0,1600.0,1023.0,738.0,-27.0,307.0,2031.0,1686.0,2357.0,349.0,82.0,1411.0,391.0,991.0,444.0,132.0,584.0,2931.0,235.0,26.0,250.0,35833.0,85.0,2261.0
1967-01-01,20.0,2.0,42.0,362.0,48.0,2418.0,402.0,1476.0,92.0,2407.0,1484.0,1029.0,1082.0,31600.0,9393.0,2.0,1772.0,413.0,1071.0,-18.0,11.0,5273.0,1044.0,178.0,103.0,-25.0,32.0,551.0,120.0,1313.0,124.0,11.0,447.0,9.0,401.0,1806.0,16843.0,-146.0,10.0,226.0,30.0,456.0,988.0,7450.0,161.0,-97.0,338.0,454.0,995.0,497.0,153.0,2210.0,-21.0,1120.0,918.0,487.0,-415.0,206.0,2042.0,1595.0,2853.0,304.0,159.0,1618.0,286.0,996.0,333.0,182.0,-50.0,1847.0,128.0,33.0,159.0,33195.0,56.0,2124.0
1968-01-01,30.0,56.0,39.0,390.0,92.0,3109.0,249.0,1416.0,111.0,3108.0,1248.0,1056.0,1086.0,32475.0,9661.0,19.0,1716.0,213.0,900.0,26.0,1.0,5889.0,936.0,210.0,110.0,-66.0,67.0,555.0,147.0,1165.0,123.0,8.0,495.0,7.0,743.0,1574.0,17079.0,-73.0,-58.0,204.0,30.0,738.0,1536.0,7418.0,119.0,-214.0,281.0,419.0,1147.0,564.0,155.0,2109.0,-34.0,722.0,889.0,368.0,-420.0,225.0,2763.0,2268.0,3103.0,462.0,224.0,1789.0,353.0,880.0,378.0,150.0,-440.0,1021.0,-260.0,-24.0,235.0,34743.0,55.0,2540.0
1969-01-01,53.0,56.0,58.0,314.0,85.0,4118.0,105.0,1346.0,85.0,4101.0,1478.0,859.0,996.0,29677.0,8130.0,28.0,1565.0,203.0,788.0,4.0,17.0,5649.0,922.0,203.0,119.0,-282.0,51.0,606.0,160.0,718.0,58.0,-10.0,439.0,5.0,754.0,1320.0,15089.0,-91.0,-169.0,146.0,44.0,256.0,1267.0,6960.0,137.0,-299.0,322.0,457.0,526.0,639.0,143.0,1806.0,-32.0,577.0,962.0,437.0,-412.0,22.0,3198.0,2759.0,3196.0,426.0,-84.0,1200.0,379.0,1041.0,311.0,175.0,-714.0,967.0,-372.0,-58.0,171.0,32436.0,-15.0,2831.0
1970-01-01,34.0,-50.0,60.0,308.0,32.0,3963.0,45.0,1306.0,284.0,3972.0,1273.0,774.0,992.0,24035.0,4053.0,69.0,973.0,-146.0,463.0,-84.0,-9.0,5785.0,1031.0,161.0,251.0,-509.0,-68.0,432.0,194.0,1610.0,26.0,-38.0,446.0,-22.0,304.0,1097.0,10792.0,-12.0,47.0,111.0,39.0,19.0,103.0,6738.0,77.0,-302.0,243.0,526.0,134.0,414.0,121.0,2082.0,-27.0,15.0,897.0,403.0,-739.0,-159.0,3610.0,3164.0,3160.0,207.0,-306.0,774.0,260.0,870.0,246.0,221.0,-1316.0,-189.0,-532.0,-51.0,87.0,27199.0,-32.0,2941.0
1971-01-01,62.0,15.0,92.0,399.0,41.0,3719.0,255.0,1491.0,163.0,3808.0,1000.0,1018.0,1678.0,32914.0,7641.0,68.0,1283.0,-176.0,635.0,-47.0,-89.0,7421.0,1294.0,178.0,381.0,-852.0,-117.0,440.0,264.0,2744.0,60.0,49.0,551.0,-32.0,594.0,1126.0,15903.0,-160.0,22.0,102.0,32.0,61.0,2401.0,8261.0,138.0,-120.0,225.0,723.0,43.0,401.0,135.0,2538.0,6.0,376.0,1013.0,359.0,-577.0,-100.0,3716.0,3165.0,3778.0,433.0,-33.0,1221.0,464.0,641.0,344.0,289.0,-558.0,266.0,-190.0,-33.0,342.0,36079.0,-74.0,3271.0
1972-01-01,115.0,236.0,3.0,593.0,63.0,4160.0,444.0,2058.0,131.0,4093.0,1226.0,964.0,2060.0,42068.0,11640.0,101.0,2185.0,-336.0,1146.0,120.0,67.0,8225.0,1146.0,261.0,598.0,-1013.0,-19.0,544.0,238.0,3254.0,66.0,55.0,580.0,8.0,862.0,2071.0,21132.0,-118.0,-694.0,272.0,49.0,169.0,2667.0,9492.0,136.0,-842.0,337.0,1091.0,213.0,738.0,168.0,2517.0,7.0,804.0,1137.0,680.0,-512.0,-411.0,5220.0,4640.0,3931.0,572.0,-64.0,1968.0,617.0,546.0,417.0,248.0,-110.0,780.0,20.0,-31.0,452.0,46708.0,-54.0,5526.0
1973-01-01,98.0,509.0,42.0,577.0,131.0,4685.0,762.0,3021.0,243.0,4599.0,1423.0,936.0,2512.0,58153.0,16306.0,196.0,2867.0,-1073.0,1774.0,411.0,86.0,8473.0,1876.0,257.0,921.0,-1293.0,-113.0,677.0,132.0,3056.0,54.0,96.0,921.0,6.0,1486.0,3011.0,32151.0,163.0,-545.0,402.0,60.0,42.0,2878.0,15845.0,284.0,-1235.0,466.0,1679.0,528.0,1260.0,163.0,6074.0,-4.0,1666.0,1409.0,519.0,-487.0,-703.0,9019.0,8098.0,4794.0,765.0,84.0,2766.0,759.0,904.0,574.0,235.0,-54.0,296.0,136.0,-75.0,394.0,66251.0,-23.0,8772.0
1974-01-01,110.0,97.0,121.0,402.0,101.0,5130.0,383.0,3819.0,1243.0,5052.0,1465.0,810.0,2201.0,67819.0,16515.0,227.0,2426.0,-1563.0,2176.0,-13.0,78.0,8027.0,2079.0,212.0,1195.0,-896.0,-182.0,633.0,297.0,2186.0,67.0,112.0,1076.0,26.0,1023.0,3160.0,41569.0,214.0,-2019.0,308.0,104.0,45.0,1014.0,25053.0,355.0,-3831.0,340.0,1874.0,768.0,1631.0,235.0,14263.0,78.0,4096.0,1449.0,712.0,63.0,-898.0,8780.0,7704.0,4562.0,761.0,7.0,2682.0,698.0,753.0,292.0,291.0,812.0,714.0,169.0,-79.0,362.0,75523.0,194.0,11377.0
1975-01-01,85.0,346.0,144.0,658.0,132.0,5803.0,629.0,3251.0,994.0,5630.0,1714.0,520.0,1965.0,62092.0,13936.0,207.0,2734.0,69.0,1825.0,261.0,173.0,8097.0,3136.0,216.0,1155.0,-906.0,-81.0,727.0,284.0,1533.0,140.0,123.0,1209.0,30.0,611.0,3439.0,30832.0,-94.0,3900.0,410.0,97.0,68.0,1126.0,16896.0,261.0,2739.0,135.0,1620.0,725.0,1096.0,250.0,5742.0,73.0,1516.0,1678.0,714.0,-514.0,-758.0,9284.0,8075.0,5526.0,606.0,176.0,2860.0,607.0,1000.0,213.0,375.0,-860.0,923.0,-439.0,-140.0,55.0,70167.0,75.0,9088.0
1976-01-01,172.0,306.0,232.0,695.0,252.0,6370.0,900.0,4246.0,688.0,6425.0,3108.0,1021.0,2944.0,84323.0,20270.0,287.0,3457.0,799.0,2368.0,135.0,-55.0,11189.0,2981.0,323.0,1522.0,-1128.0,68.0,977.0,311.0,3385.0,265.0,169.0,1673.0,55.0,1462.0,3803.0,44207.0,114.0,1782.0,477.0,108.0,753.0,3923.0,23937.0,287.0,693.0,386.0,2364.0,701.0,1460.0,246.0,10645.0,43.0,1720.0,1922.0,1539.0,-318.0,-338.0,9262.0,7589.0,6889.0,715.0,-356.0,4922.0,1058.0,1569.0,572.0,436.0,792.0,4699.0,434.0,-78.0,515.0,91912.0,140.0,9308.0
1977-01-01,137.0,46.0,308.0,830.0,306.0,5705.0,1637.0,3669.0,426.0,5593.0,3816.0,2055.0,4090.0,101249.0,27678.0,311.0,5452.0,1487.0,2912.0,-91.0,112.0,16159.0,2988.0,427.0,1940.0,-1578.0,130.0,1326.0,763.0,7253.0,162.0,208.0,1607.0,68.0,1939.0,5745.0,50750.0,-57.0,49.0,545.0,158.0,580.0,6303.0,23072.0,267.0,-587.0,770.0,3229.0,864.0,1620.0,303.0,9242.0,-12.0,781.0,2427.0,1995.0,40.0,201.0,9641.0,8034.0,8729.0,1001.0,-274.0,6651.0,1386.0,1820.0,639.0,495.0,1432.0,6735.0,740.0,-107.0,560.0,109283.0,142.0,10076.0
1978-01-01,244.0,741.0,324.0,906.0,246.0,6556.0,1823.0,3724.0,96.0,5980.0,5049.0,3312.0,4850.0,123074.0,34148.0,399.0,6083.0,1163.0,3308.0,497.0,576.0,20170.0,3246.0,505.0,2375.0,-587.0,390.0,1621.0,761.0,8088.0,245.0,255.0,2595.0,80.0,2605.0,7201.0,60997.0,-201.0,-972.0,587.0,185.0,544.0,6900.0,26850.0,501.0,-1368.0,867.0,3896.0,930.0,1899.0,344.0,10967.0,141.0,2774.0,2877.0,2205.0,-384.0,395.0,14280.0,11685.0,10202.0,1133.0,107.0,7752.0,1634.0,2844.0,988.0,862.0,1910.0,8121.0,1118.0,-44.0,857.0,134759.0,142.0,12749.0
1979-01-01,246.0,587.0,352.0,858.0,192.0,6682.0,1827.0,4325.0,64.0,6595.0,4735.0,3904.0,3875.0,135052.0,34473.0,314.0,5855.0,22.0,3974.0,341.0,87.0,18865.0,3304.0,505.0,2897.0,-558.0,406.0,1379.0,668.0,8085.0,280.0,343.0,4082.0,119.0,2684.0,8037.0,71223.0,207.0,-888.0,630.0,168.0,1011.0,5307.0,36750.0,619.0,-1778.0,1048.0,4602.0,466.0,2787.0,346.0,19571.0,405.0,3748.0,3102.0,2387.0,272.0,323.0,22652.0,18570.0,9661.0,1095.0,-209.0,8903.0,1887.0,2348.0,673.0,754.0,1875.0,6632.0,3.0,143.0,857.0,153622.0,76.0,16166.0
1980-01-01,123.0,24.0,304.0,829.0,104.0,5506.0,1622.0,2990.0,229.0,5484.0,4195.0,2813.0,-918.0,112118.0,19707.0,465.0,6876.0,591.0,2928.0,-99.0,22.0,12037.0,2887.0,437.0,3651.0,-1360.0,313.0,1422.0,581.0,9074.0,358.0,362.0,3630.0,147.0,797.0,5906.0,59794.0,-79.0,1339.0,281.0,207.0,469.0,-1554.0,40087.0,629.0,561.0,1137.0,5616.0,-553.0,1883.0,375.0,25748.0,410.0,2133.0,3038.0,1501.0,533.0,-897.0,22353.0,18723.0,7316.0,700.0,51.0,9010.0,1036.0,2694.0,759.0,897.0,450.0,5236.0,-880.0,-89.0,277.0,130841.0,53.0,14549.0
1981-01-01,107.0,-381.0,249.0,965.0,157.0,13295.0,1819.0,4101.0,399.0,13001.0,5603.0,952.0,-15488.0,106593.0,18711.0,412.0,6927.0,1295.0,2955.0,-488.0,294.0,5401.0,3188.0,485.0,4455.0,2570.0,27.0,1824.0,618.0,8029.0,333.0,542.0,3112.0,102.0,-828.0,6418.0,63893.0,-186.0,-649.0,501.0,226.0,584.0,1818.0,45181.0,371.0,-1233.0,1510.0,6919.0,-3126.0,1816.0,414.0,29774.0,508.0,1546.0,2703.0,2353.0,-665.0,-3044.0,17346.0,14234.0,6617.0,1108.0,-580.0,10395.0,193.0,3250.0,588.0,603.0,-1457.0,5441.0,-1387.0,-125.0,317.0,120827.0,-209.0,14926.0
1982-01-01,54.0,-342.0,102.0,1034.0,106.0,30786.0,2028.0,1121.0,203.0,30825.0,5199.0,278.0,-32206.0,74247.0,10643.0,406.0,3340.0,3180.0,1246.0,-395.0,-39.0,581.0,2789.0,432.0,4520.0,1591.0,-146.0,1136.0,486.0,5162.0,228.0,803.0,-3385.0,96.0,-651.0,2581.0,46656.0,-655.0,-5520.0,286.0,133.0,337.0,3220.0,36013.0,21.0,-5089.0,889.0,6619.0,5066.0,1602.0,528.0,24860.0,422.0,-4661.0,2203.0,1944.0,-1049.0,-3946.0,12817.0,16202.0,8023.0,1212.0,-1293.0,9707.0,-1351.0,3255.0,432.0,531.0,-3409.0,4970.0,-2020.0,-267.0,-130.0,90449.0,-460.0,9894.0
1983-01-01,-11.0,-573.0,-216.0,1350.0,43.0,9484.0,1528.0,2748.0,-8.0,9212.0,5371.0,-558.0,-1041.0,76302.0,16564.0,381.0,4595.0,1041.0,1374.0,-562.0,272.0,4946.0,2142.0,640.0,4814.0,-2293.0,-278.0,1036.0,313.0,2422.0,194.0,924.0,-1334.0,169.0,1147.0,1565.0,44044.0,-465.0,-6129.0,-424.0,171.0,-76.0,5350.0,27480.0,56.0,-5712.0,959.0,7078.0,5314.0,1230.0,403.0,14281.0,253.0,-4656.0,2822.0,1804.0,-627.0,-3694.0,21577.0,22911.0,9508.0,1432.0,-245.0,8654.0,623.0,3567.0,841.0,440.0,-1199.0,5213.0,-919.0,-150.0,674.0,99213.0,-599.0,11198.0
1984-01-01,161.0,-446.0,-814.0,820.0,-109.0,9359.0,1912.0,3324.0,56.0,9073.0,5263.0,245.0,-1576.0,89845.0,26736.0,413.0,5880.0,2793.0,2306.0,-607.0,286.0,-11.0,2525.0,582.0,4692.0,2615.0,-465.0,1344.0,141.0,-3044.0,201.0,989.0,2177.0,49.0,1395.0,2260.0,51635.0,-620.0,-5047.0,214.0,111.0,-778.0,7018.0,24898.0,347.0,-4831.0,1487.0,7582.0,5933.0,1906.0,523.0,10373.0,77.0,-1788.0,3577.0,2231.0,812.0,-6028.0,26454.0,24277.0,10967.0,1459.0,-1477.0,7962.0,1591.0,3031.0,559.0,155.0,946.0,9001.0,289.0,-287.0,664.0,114122.0,-658.0,15539.0
1985-01-01,91.0,-818.0,-389.0,497.0,-487.0,13950.0,1657.0,889.0,-186.0,15503.0,4725.0,2986.0,-779.0,68622.0,22077.0,286.0,3485.0,-1641.0,2672.0,-909.0,-1553.0,-485.0,2141.0,764.0,4700.0,1469.0,-658.0,352.0,545.0,-7898.0,116.0,948.0,-451.0,53.0,361.0,2156.0,46568.0,-1133.0,-7174.0,237.0,158.0,-892.0,6915.0,24491.0,150.0,-6004.0,1938.0,7873.0,5667.0,1330.0,277.0,12418.0,125.0,-2459.0,3408.0,1530.0,-209.0,-7151.0,25810.0,26261.0,11552.0,2002.0,-622.0,7539.0,1925.0,3196.0,428.0,1263.0,-1579.0,1505.0,-1738.0,-65.0,1055.0,94883.0,-800.0,6948.0
1986-01-01,397.0,471.0,-44.0,540.0,-367.0,16761.0,1736.0,-125.0,-229.0,19159.0,5766.0,3181.0,-771.0,30848.0,16040.0,-8.0,2149.0,-5384.0,2287.0,74.0,-2398.0,1725.0,1340.0,597.0,3644.0,2879.0,-1175.0,-92.0,631.0,-8154.0,109.0,1163.0,-747.0,-14.0,1171.0,-2250.0,12222.0,-984.0,-7761.0,-383.0,250.0,-924.0,3642.0,-3818.0,99.0,-6648.0,1497.0,6296.0,6583.0,1818.0,270.0,-12966.0,-38.0,-189.0,3156.0,511.0,-478.0,-7851.0,20844.0,21591.0,10249.0,1113.0,-1771.0,6041.0,2525.0,5254.0,856.0,342.0,-3216.0,-2834.0,-2377.0,-310.0,755.0,52439.0,-755.0,7555.0
1987-01-01,751.0,1041.0,-366.0,827.0,-617.0,16312.0,1037.0,4847.0,-107.0,17919.0,3582.0,4593.0,3403.0,71746.0,24627.0,98.0,4731.0,-3937.0,3244.0,289.0,-1607.0,15348.0,1556.0,797.0,3406.0,7223.0,-2449.0,798.0,1645.0,-8489.0,281.0,1284.0,-294.0,-76.0,2875.0,1564.0,35019.0,-1437.0,-4940.0,-62.0,358.0,-1370.0,621.0,10392.0,56.0,-3452.0,1674.0,6463.0,6733.0,2981.0,348.0,-7018.0,144.0,1775.0,3863.0,234.0,-560.0,-4400.0,31010.0,31304.0,10915.0,978.0,-345.0,3405.0,1551.0,3349.0,1087.0,990.0,-2731.0,-3086.0,-1061.0,-351.0,-475.0,103050.0,-353.0,9450.0
