Date,Auto output,Autos,Domestic output of new autos,Exports,Final sales of domestic product,Final sales of motor vehicles to domestic purchasers,Gross government investment,Imports,Light trucks (including utility vehicles),Motor vehicle output,Net purchases of used autos and used light trucks,New motor vehicles,Other,Personal consumption expenditures,Private fixed investment,Private fixed investment in new autos and new light trucks,Sales of imported new autos,Truck output,Trucks,Used autos,Used light trucks (including utility vehicles)
1967-01-01,67.683,47.493,74.781,9.963,20.236,18.017,40.052,6.219,1.604,18.838,11.077,17.154,,18.38,15.359,,6.489,6.82,12.55975,27.087000000000003,0.3735
1967-04-01,74.503,50.11,83.451,10.792,21.784,19.386,40.87,6.661,1.643,20.026,11.951,18.7165,,20.223,15.676,,7.765,6.373,12.96425,29.0425,0.4095
1967-07-01,73.808,49.626000000000005,82.866,10.681,21.244,18.982,40.421,7.074,1.701,19.636,12.0395,18.200000000000003,,19.518,15.946,,8.442,5.987,12.86675,29.2915,0.427
1967-10-01,74.27,50.144999999999996,82.133,9.976,20.28,18.314,39.128,8.0,1.621,19.864,11.774000000000001,17.366,,18.875,15.284,,8.46,6.193,11.63275,28.843,0.378
1968-01-01,87.157,54.4294,97.228,11.858,23.342,21.03,37.218,9.023,2.006,23.113,11.269499999999999,20.5635,,21.616,18.086,,9.516,6.946,11.812249999999999,27.36,0.417
1968-04-01,90.289,54.77419999999999,102.038,11.672,23.404,21.311,36.453,10.455,2.124,24.348,11.554499999999999,20.825,,21.875,18.465,,10.136,7.847,12.08125,28.174999999999997,0.383
1968-07-01,87.606,56.6616,98.993,10.921,24.537,22.564,35.901,11.926,2.248,23.545,12.5965,21.954500000000003,,23.26,19.472,,11.344,7.485,11.90975,30.915,0.3595
1968-10-01,90.155,57.0746,100.396,12.225,24.509,22.562,35.626,12.607,2.522,24.434,12.089,22.1875,,22.833,20.424,,12.007,8.034,12.40325,29.509,0.3775
1969-01-01,91.557,56.516,102.397,12.115,25.487,23.102,35.583,10.438,2.615,24.858,12.533000000000001,22.616999999999997,,23.335,21.06,,11.641,8.231,12.49675,30.659499999999998,0.392
1969-04-01,82.471,57.853199999999994,90.537,12.994,24.599,22.77,35.769,13.769,2.553,22.755,12.4085,22.438499999999998,,22.711,21.356,,13.199,8.0,13.38575,30.246000000000002,0.396
1969-07-01,90.397,58.323800000000006,100.611,12.45,24.584,22.911,35.291,14.58,2.547,24.946,12.8505,22.572499999999998,,23.006,21.185,,13.967,8.772,12.95475,31.29,0.41500000000000004
1969-10-01,81.625,57.55160000000001,87.8,12.335,24.183,22.418,35.006,13.596,2.582,22.959,12.9935,22.1045,,22.483,20.76,,15.737,8.608,12.92375,31.5285,0.44699999999999995
1970-01-01,71.596,54.0158,75.538,9.836,21.908,20.46,34.942,12.742,2.243,20.114,12.096499999999999,20.094,,20.634,18.533,,15.069,7.506,12.55625,29.3365,0.41900000000000004
1970-04-01,81.832,57.622,88.575,13.035,22.396,20.824,35.925,13.614,2.173,22.158,13.2085,20.458,,21.232,18.346,,15.362,7.269,12.253,32.009,0.434
1970-07-01,76.601,55.638400000000004,82.737,12.04,22.141,20.566,36.118,12.999,2.29,21.077,12.5135,20.1685,,21.022,17.97,,14.121,7.336,12.7875,30.2605,0.458
1970-10-01,47.795,45.562200000000004,46.113,9.054,16.711,16.051,34.872,13.089,1.893,13.87,10.327,15.028500000000001,,16.253,13.994,,16.04,5.722,12.01275,25.3575,0.359
1971-01-01,95.588,60.36600000000001,104.61,12.846,23.337,21.813,36.43,14.601,2.395,25.438,11.785,21.694000000000003,,22.376,18.987,,16.223,7.783,12.26625,28.451,0.418
1971-04-01,88.066,59.8948,94.582,14.016,24.076,22.525,35.04,15.478,2.909,23.934,11.778500000000001,22.079,,23.071,19.828,,17.387,7.972,12.35975,28.5935,0.462
1971-07-01,88.979,62.4818,95.118,14.348,25.114,23.81,34.885,17.97,3.496,24.422,12.1065,23.4205,,24.19,21.507,,19.285,8.436,12.7585,29.3555,0.495
1971-10-01,93.345,63.273199999999996,99.506,11.458,27.14,25.508,35.242,16.565,4.18,25.586,12.167000000000002,25.2065,,25.924,23.138,,17.928,8.8,12.73075,29.427,0.547
1972-01-01,97.672,63.0654,105.796,12.542,27.255,25.618,35.391,17.008,4.561,27.357,11.77,25.2105,,25.962,23.389,,18.218,10.099,13.30925,28.494999999999997,0.5625
1972-04-01,95.36,64.608,102.566,13.59,28.169,26.372,36.661,17.201,4.957,27.31,11.971,26.1895,,26.708,24.103,,19.244,10.774,14.17525,28.9605,0.524
1972-07-01,89.42,65.0998,94.31,14.716,28.556,26.475,38.797,16.308,4.725,25.292,12.585,26.193,,27.134,23.404,,20.541,9.616,14.662,30.4835,0.524
1972-10-01,107.962,70.38340000000001,117.296,16.531,31.271,29.055,42.687,18.372,5.586,30.588,13.479500000000002,29.0325,,29.507,26.252,,22.775,11.689,16.62875,32.428,0.6074999999999999
1973-01-01,120.869,71.8878,133.041,18.147,34.533,31.692,44.02,18.173,6.826,34.22,13.761499999999998,31.8315,,32.002,29.162,,23.024,13.051,18.05175,32.913,0.727
1973-04-01,110.837,69.8562,119.604,17.815,33.486,30.698,45.978,17.554,6.363,31.978,13.4395,30.8235,,30.708,28.701,,23.761,12.878,18.5285,32.0775,0.7325
1973-07-01,105.209,66.8332,113.745,17.137,32.397,29.635,50.445,16.645,6.564,31.002,13.371,29.5405,,29.296,28.132,,21.789,13.204,19.62475,31.915,0.7515000000000001
1973-10-01,99.79,62.992399999999996,106.252,19.712,30.096,27.632,56.142,17.213,6.899,29.887,12.035499999999999,27.307000000000002,,26.878,26.672,,23.129,13.243,22.14075,28.618499999999997,0.7855000000000001
1974-01-01,85.532,63.69860000000001,87.633,21.674,27.845,25.985,47.983,19.17,6.082,27.05,12.742,25.756999999999998,,24.663,26.63,,23.64,13.478,20.18025,30.241500000000002,0.8049999999999999
1974-04-01,83.654,64.6994,87.597,21.644,27.86,25.922,55.054,18.776,6.362,26.114,13.3195,25.6,,24.483,26.43,,19.788,12.671,22.072499999999998,31.613500000000002,0.8095000000000001
1974-07-01,96.755,67.64059999999999,99.846,22.323,28.998,26.672,58.616,17.964,6.727,29.189,13.8,26.615000000000002,,25.468,26.511,,22.206,13.153,23.23775,32.6475,0.8069999999999999
1974-10-01,82.327,59.415800000000004,89.063,23.393,24.558,22.382,56.335,15.73,5.549,26.262,12.853,21.8295,,20.738,23.215,,19.862,13.29,22.800250000000002,30.4515,0.7965
1975-01-01,68.885,59.09160000000001,68.389,23.637,24.792,21.979,53.285,13.051,5.077,21.374,11.9885,21.7085,,21.807,19.84,,23.141,10.242,21.44125,28.2915,0.762
1975-04-01,79.863,58.904399999999995,82.172,25.92,24.723,21.746,51.239,13.003,5.672,23.427,13.1365,21.301499999999997,,21.679,19.498,,21.621,9.919,21.765,31.16,0.757
1975-07-01,95.131,65.6086,97.681,28.305,28.088,24.85,51.495,15.045,6.875,26.984,14.1465,24.859499999999997,,25.068,22.055,,24.055,10.468,22.0575,33.4735,0.7929999999999999
1975-10-01,92.485,65.9448,94.181,27.883,29.057,25.89,51.788,15.929,7.711,26.606,14.1955,25.8735,,26.348,22.592,,22.605,10.704,21.69975,33.649,0.802
1976-01-01,107.253,69.24,112.483,24.629,31.151,28.339,51.631,17.965,8.885,30.549,14.972,28.355,,29.331,23.967,,21.818,11.987,21.08625,35.4655,0.8945000000000001
1976-04-01,109.058,69.8024,111.785,25.805,31.599,28.731,55.393,18.438,9.404,31.929,15.129999999999999,28.592,,29.376,24.891,,22.962,13.44,23.00725,35.7415,0.987
1976-07-01,101.787,69.9232,105.299,25.363,32.81,29.487,57.167,17.114,10.372,31.144,14.6615,29.3525,,29.565,26.784,,24.557,14.476,23.70925,34.476,1.087
1976-10-01,109.835,72.7594,114.218,26.561,33.016,29.591,59.264,17.211,9.931,32.155,13.9675,29.6425,,29.828,26.416,,25.341,13.544,24.1205,32.681,1.096
1977-01-01,120.675,81.642,126.076,26.64,37.169,33.156,62.232,17.592,11.959,36.05,14.7255,33.312,,32.72,31.34,,27.452,15.908,24.421499999999998,34.519999999999996,1.1355
1977-04-01,118.146,81.9774,124.669,25.4,36.857,33.311,60.17,19.06,11.965,35.458,14.0115,33.856,,32.688,32.009,,31.954,15.805,23.40625,32.6455,1.1404999999999998
1977-07-01,116.686,79.1834,122.927,24.25,36.178,33.076,56.28,20.158,12.047,36.113,14.87,33.2485,,33.069,30.695,,29.35,17.138,22.89275,34.848,1.1675
1977-10-01,116.489,78.6736,119.812,23.303,36.294,33.576,58.486,21.586,13.574,35.977,15.323999999999998,33.807500000000005,,33.187,31.874,,28.682,17.006,24.16825,35.838,1.2245
1978-01-01,113.241,78.5746,115.481,24.831,35.112,32.422,57.762,21.303,13.126,34.487,14.771,32.691,,31.555,31.724,,27.589,15.859,24.55575,34.358999999999995,1.288
1978-04-01,124.289,88.6528,128.482,26.883,40.39,37.015,63.992,22.762,15.292,38.025,15.6555,37.803,,36.277,35.826,,30.69,17.648,27.319,36.074,1.5195
1978-07-01,116.515,87.9356,120.746,26.409,38.926,35.538,62.441,21.529,14.637,36.873,15.625499999999999,36.021499999999996,,34.745,34.516,,30.96,18.23,25.75275,36.062,1.533
1978-10-01,121.451,87.96340000000001,127.378,30.197,39.564,35.895,66.774,22.018,14.176,39.164,15.922,36.3495,,34.403,36.077,,30.583,20.004,29.14225,36.5165,1.6905
1979-01-01,123.676,87.229,130.644,29.249,39.33,35.295,67.102,20.153,12.878,39.891,16.2545,35.8765,,33.667,35.714,,32.287,20.382,28.682000000000002,37.2665,1.6615000000000002
1979-04-01,109.949,81.41,118.497,30.255,35.008,32.107,62.136,22.032,10.678,35.047,15.337,32.4615,,30.206,33.283,,33.115,17.551,27.8275,35.349000000000004,1.476
1979-07-01,102.29,85.87620000000001,106.526,29.608,36.673,33.421,68.275,21.518,11.123,32.355,16.851,33.739999999999995,,31.936,33.421,,32.449,15.983,28.13625,38.4765,1.785
1979-10-01,97.354,79.8452,99.063,32.983,34.067,31.174,68.201,22.304,10.683,30.101,15.9765,31.3675,,30.538,29.4,,33.194,14.256,29.64675,35.7435,2.1235
1980-01-01,95.191,82.7218,97.388,26.847,32.459,30.578,66.395,23.252,7.993,28.158,17.225,30.700499999999998,,30.596,27.595,,37.482,12.199,26.0315,39.044,1.97
1980-04-01,76.303,70.2202,77.031,24.237,24.615,23.999,60.882,22.287,6.485,22.751,14.582,23.676,,23.19,22.795,,29.835,10.031,24.65175,32.7705,1.8679999999999999
1980-07-01,83.711,75.1606,83.512,21.693,27.571,26.76,65.935,22.584,6.764,24.347,15.7685,26.644,,26.362,24.532,,33.912,10.165,26.04125,35.1475,2.1535
1980-10-01,101.917,78.66799999999999,100.429,24.586,28.336,26.998,65.093,21.983,6.225,28.93,15.847999999999999,26.8765,,26.685,24.654,,36.198,11.427,25.599249999999998,35.7035,1.9594999999999998
1981-01-01,101.744,87.1634,98.686,22.627,31.662,29.63,67.378,20.821,6.455,28.472,16.095,29.8955,,29.744,26.372,,37.913,10.876,25.04775,36.277,1.9455
1981-04-01,105.161,77.69340000000001,103.369,21.989,28.36,27.179,64.982,21.72,6.942,29.634,15.535,26.841,,26.361,25.84,,36.19,11.516,25.00775,34.891999999999996,2.0635
1981-07-01,101.132,78.225,100.01,22.977,30.774,29.064,61.927,21.563,7.536,28.246,15.736,29.288000000000004,,28.607,27.243,,36.38,10.743,24.54375,35.3085,2.018
1981-10-01,87.438,69.5746,78.906,18.892,25.461,25.089,57.686,21.831,6.582,25.67,13.851500000000001,24.786,,24.062,24.561,,36.649,10.92,23.404,31.383,1.7069999999999999
1982-01-01,77.668,73.7046,68.018,15.464,28.195,27.944,60.682,22.889,8.88,24.111,14.3445,27.941,,27.609,25.928,,39.811,11.389,23.60625,31.918499999999998,2.0545
1982-04-01,94.453,75.23400000000001,87.684,17.356,27.174,27.205,57.184,23.964,8.287,27.672,14.059000000000001,27.423000000000002,,27.004,25.107,,38.209,11.707,22.1675,31.534,1.8170000000000002
1982-07-01,101.001,77.7798,96.989,15.526,26.794,27.135,55.631,24.271,8.192,27.918,14.8905,27.151000000000003,,27.277,24.419,,40.526,10.362,19.660749999999997,33.9255,1.6515
1982-10-01,87.538,81.7158,77.737,14.142,30.011,29.11,60.06,21.053,8.942,24.695,14.720500000000001,29.4535,,29.994,24.651,,44.359,9.621,20.60025,33.456,1.647
1983-01-01,102.802,77.67819999999999,99.186,14.451,28.926,28.839,50.605,23.612,9.526,28.546,13.901499999999999,29.347,,29.041,26.368,,41.996,10.716,17.989,31.421999999999997,1.7475
1983-04-01,104.657,81.60979999999999,100.873,16.475,33.308,32.937,61.841,26.099,12.383,30.412,14.144,33.6835,,33.816,28.48,,45.959,12.654,22.4025,30.95,2.4095
1983-07-01,123.597,86.6152,118.937,17.914,36.043,34.996,68.483,25.775,14.015,35.424,15.0125,35.5255,,35.064,31.929,,45.432,14.307,24.43575,32.522,2.786
1983-10-01,135.748,91.1136,131.007,19.28,39.022,38.238,72.968,29.22,15.368,39.795,15.994499999999999,39.1035,,37.624,36.497,,52.003,16.861,27.20675,34.384,3.075
1984-01-01,136.866,95.93440000000001,135.603,19.099,39.966,39.789,79.895,32.102,15.899,40.654,17.863500000000002,40.8185,,39.356,37.281,,51.008,17.682,29.0805,38.626,3.2095000000000002
1984-04-01,125.8,100.15240000000001,125.474,18.241,41.356,41.213,95.923,32.83,16.45,38.702,19.2775,41.94,,40.175,39.074,,52.929,17.961,33.70925,42.0135,3.2515
1984-07-01,127.809,99.2132,127.524,19.4,40.329,40.355,81.957,33.232,16.207,39.282,21.3435,41.0605,,39.574,38.521,,50.947,18.2,30.1995,47.242,3.1544999999999996
1984-10-01,144.12,98.5988,141.203,20.03,41.928,41.736,86.056,33.67,17.597,43.738,20.0065,42.8285,,41.294,38.949,,54.155,19.812,32.144,43.536500000000004,3.4065000000000003
1985-01-01,138.587,105.016,138.141,20.563,44.719,44.078,91.397,33.975,21.04,42.262,22.273,45.172,,44.214,39.766,,53.314,19.311,33.11725,48.058499999999995,4.0465
1985-04-01,141.051,100.6808,137.803,21.264,44.807,44.751,93.659,36.54,20.912,44.027,22.8245,45.8125,,44.698,40.751,,57.726,20.95,35.6515,49.372,4.0855
1985-07-01,149.95,103.96959999999999,146.372,23.425,49.601,49.064,86.486,38.539,24.178,46.785,24.9625,51.211999999999996,,50.665,42.036,,64.414,22.245,34.725249999999996,53.0325,4.946
1985-10-01,144.525,95.1276,140.421,23.36,43.033,43.952,81.59,39.75,22.86,45.514,22.426000000000002,44.7225,,44.406,39.52,,61.04,21.978,34.500750000000004,47.277,4.909000000000001
1986-01-01,143.544,103.60419999999999,139.598,23.311,43.697,44.054,76.64,38.03,20.666,43.543,22.339,44.946,,45.359,38.074,,61.897,19.721,30.745,47.021,4.91
1986-04-01,144.304,98.4216,136.722,25.452,45.628,46.154,85.969,40.572,23.147,44.598,23.216,47.4435,,48.115,38.248,,66.05,20.864,36.1135,47.0375,6.1240000000000006
1986-07-01,150.16,106.4872,139.61,22.039,51.24,51.601,92.698,42.55,27.153,45.652,25.145,53.539,,55.592,39.156,,72.575,20.744,37.083,48.8575,7.9165
1986-10-01,147.296,102.0244,132.125,21.839,45.929,46.435,71.8,39.459,23.649,44.517,23.9755,47.7015,,50.307,35.38,,73.777,20.005,30.123,47.213,7.325
1987-01-01,145.818,92.5784,140.439,22.76,39.866,41.404,72.615,39.294,15.7075,44.371,22.2135,42.567,69.947,43.451,34.02,25.199,59.677,20.188,32.0035,43.323499999999996,7.0445
1987-04-01,138.132,99.5454,126.944,25.525,43.999,44.858,72.327,40.639,18.256,43.742,23.9845,46.5275,78.028,47.29,36.806,27.092,64.184,21.339,32.518499999999996,45.793,8.2685
1987-07-01,134.444,100.21799999999999,119.012,22.635,48.237,48.041,90.639,38.916,18.476,43.427,27.476,49.6635,78.807,51.449,36.841,28.547,70.197,21.885,37.6555,53.751000000000005,8.5515
1987-10-01,141.748,97.17639999999999,131.92,29.054,43.481,43.888,66.391,39.868,18.209,45.03,29.557499999999997,45.2915,74.113,47.76,32.957,27.208,66.563,22.076,32.07575,58.5645,8.665
1988-01-01,137.755,112.94480000000001,120.717,27.968,49.729,48.313,87.257,37.572,19.378,44.289,28.0355,49.7325,69.288,51.821,37.092,29.85,73.15,22.148,36.02425,53.8405,9.4725
1988-04-01,156.227,103.6528,135.951,28.398,48.959,47.202,76.527,36.063,19.3585,47.774,27.658,48.832,69.334,50.483,37.092,29.822,71.388,21.921,33.975750000000005,52.5145,9.722
1988-07-01,143.348,104.73200000000001,128.604,31.425,47.039,45.489,83.902,36.39,19.549999999999997,45.56,27.5415,47.478,67.446,48.206,36.112,29.935,67.388,22.368,36.077999999999996,51.878,9.783
1988-10-01,150.493,110.0134,139.109,30.617,48.498,46.934,74.403,37.09,20.055,48.416,27.4395,49.03,74.83,49.776,37.922,30.114,65.698,24.247,33.4495,51.263,10.084
1989-01-01,153.19,110.74100000000001,142.507,38.404,48.576,46.375,92.947,37.428,20.221,50.65,26.593,47.5955,72.725,49.866,34.748,27.219,62.16,26.461,42.150999999999996,49.367999999999995,10.0565
1989-04-01,145.316,116.6892,134.564,29.066,48.727,46.823,96.573,35.66,20.164,47.582,29.417,48.285,74.797,50.013,35.67,29.319,64.895,24.491,37.133,55.721000000000004,10.2105
1989-07-01,135.561,113.1982,118.492,29.385,51.6,48.158,114.919,32.492,21.1665,46.275,28.7215,49.795,67.903,52.37,33.654,28.49,66.752,25.313,43.05925,51.804,11.756
1989-10-01,134.95,97.896,121.085,31.235,45.509,43.177,86.925,32.711,19.546,44.87,29.246000000000002,43.3005,63.202,47.47,30.04,25.545,59.655,23.639,36.2325,53.14,11.9695
1990-01-01,135.69,115.18299999999999,113.808,31.536,49.942,47.111,104.097,34.088,21.27,43.769,30.1495,47.825,58.256,52.097,31.564,27.934,66.016,22.02,40.584999999999994,51.2545,14.776
1990-04-01,137.64,109.91220000000001,123.618,29.975,45.596,44.58,89.7,36.843,19.783,44.407,30.045,45.304,53.831,49.114,30.816,27.922,63.739,22.346,36.2135,50.88249999999999,14.869
1990-07-01,141.698,111.2076,127.466,25.709,45.601,44.639,103.7,35.623,19.0875,44.598,31.5835,45.355999999999995,54.089,48.228,32.057,29.842,63.135,21.568,38.061,53.9315,15.2195
1990-10-01,123.541,122.65599999999999,107.82,23.625,42.182,42.006,101.621,35.315,17.961,38.767,31.928,42.4915,49.527,45.306,30.09,29.149,60.985,18.654,35.573,54.464,15.39
1991-01-01,115.585,110.229,105.407,32.281,40.751,39.578,119.017,33.782,16.684,35.403,32.394000000000005,38.616,44.675,41.633,29.166,28.671,51.299,16.349,43.679249999999996,56.54600000000001,14.8315
1991-04-01,121.867,96.208,105.968,30.622,40.143,38.536,79.345,31.376,17.3,38.287,32.034,39.0395,43.18,41.001,29.613,29.645,56.02,18.463,33.3275,54.6205,15.4095
1991-07-01,131.023,97.7106,117.342,33.466,41.729,40.587,83.124,34.932,18.4125,41.064,35.5005,40.94499999999999,46.03,43.473,30.606,31.378,57.421,19.722,35.42475,60.587999999999994,17.0745
1991-10-01,122.739,94.2634,110.804,30.776,40.478,39.576,74.233,34.032,18.201999999999998,39.128,33.915499999999994,40.138000000000005,48.631,42.517,29.987,30.008,52.905,19.318,33.66975,56.9005,17.0465
1992-01-01,121.773,101.06620000000001,106.676,32.368,42.726,41.381,86.731,34.562,18.947000000000003,39.872,35.242999999999995,41.593999999999994,49.981,45.096,29.476,29.757,55.857,20.506,38.27225,58.3115,18.433
1992-04-01,132.942,110.3258,116.513,34.555,44.308,42.277,92.087,34.01,20.256,42.825,37.864000000000004,42.7595,55.633,45.654,30.766,31.546,57.49,21.492,39.604749999999996,62.623000000000005,19.7185
1992-07-01,132.211,111.957,117.459,37.236,45.159,42.472,78.189,33.226,20.9375,43.454,37.3765,43.2115,62.485,46.259,30.945,30.611,55.06,22.479,35.685249999999996,60.5,20.442
1992-10-01,134.574,114.7334,119.9,38.8,47.609,44.722,116.849,34.71,21.7135,46.232,38.0065,45.055,65.038,47.106,33.881,32.972,57.415,25.442,48.63974999999999,61.8955,20.4695
1993-01-01,133.118,107.147,119.299,35.754,44.827,43.55,77.387,37.328,21.6615,46.025,37.431,43.9265,70.349,46.372,34.178,31.764,54.416,25.535,38.2205,61.5655,19.831
1993-04-01,135.56,111.3298,121.627,36.435,49.503,47.101,99.422,36.87,23.822499999999998,46.732,39.0975,48.134,74.392,48.582,39.4,36.571,59.977,25.824,44.6395,64.791,20.2025
1993-07-01,126.483,108.1116,110.555,33.774,48.593,46.303,88.007,35.794,23.603,45.309,36.595,46.979,78.227,48.098,38.589,33.875,61.659,26.257,40.759,60.48049999999999,19.132
1993-10-01,139.798,105.1434,128.371,40.239,52.169,48.937,76.238,37.022,25.753,50.071,37.0555,50.741,83.383,50.319,42.994,37.148,58.581,29.011,41.7155,60.581500000000005,19.744500000000002
1994-01-01,150.469,110.0936,142.036,40.698,55.396,51.19,72.693,36.016,27.416,53.416,40.601,52.301500000000004,82.074,51.759,47.371,41.419,55.54,30.625,41.35875,69.6565,19.384
1994-04-01,143.569,111.997,132.131,40.386,52.768,50.387,74.476,40.393,27.2145,51.331,39.1255,51.817,81.478,50.711,46.974,40.851,61.017,29.683,42.626000000000005,66.6695,18.9215
1994-07-01,143.36,116.2028,131.477,42.896,53.457,51.142,93.183,41.862,27.2015,52.546,39.120999999999995,51.945499999999996,85.767,50.131,49.603,42.041,60.914,31.274,49.6735,67.8965,18.024500000000003
1994-10-01,148.654,112.0504,139.497,39.926,54.715,53.083,75.672,44.163,29.1455,53.961,40.0095,54.495000000000005,90.19,51.685,53.638,44.854,59.655,31.758,45.727000000000004,68.842,18.8415
1995-01-01,143.097,106.80640000000001,140.679,44.552,52.423,50.85,70.766,44.21,28.276500000000002,53.216,39.6275,51.6245,97.42,49.116,52.456,42.655,56.029,32.181,45.74425,68.149,18.694499999999998
1995-04-01,134.784,116.4636,125.205,40.521,51.718,50.303,81.881,43.036,27.918499999999998,51.767,38.4865,50.9585,92.289,48.915,50.359,41.269,56.598,32.39,45.36425,64.6875,19.2275
1995-07-01,127.68,110.4614,121.745,42.846,54.608,51.399,77.467,39.564,28.384500000000003,51.126,41.8485,51.757999999999996,91.777,50.172,51.412,43.439,57.145,33.317,45.82775,70.7995,20.609
1995-10-01,138.403,121.0384,125.671,41.723,56.184,52.521,92.058,38.745,30.008499999999998,54.323,40.998000000000005,53.3955,93.662,51.029,52.275,43.882,58.961,34.739,47.867,65.87049999999999,22.6535
1996-01-01,117.213,113.6894,114.373,44.068,55.656,52.495,89.814,40.82,31.866999999999997,49.068,43.359,53.488,84.232,51.47,51.276,45.612,55.36,33.269,50.42025,67.7025,25.416
1996-04-01,143.769,104.1846,133.565,41.628,55.47,53.172,73.854,42.937,32.489,55.503,46.564,54.3475,83.845,52.295,52.654,48.179,54.9,34.909,48.828,73.7625,26.5235
1996-07-01,141.584,104.6464,132.055,45.951,56.23,53.8,72.459,44.314,33.9005,55.711,48.1745,54.926,83.446,52.105,55.333,50.908,56.483,35.706,50.81075,76.167,27.532
1996-10-01,126.405,117.1442,117.429,45.434,57.911,54.524,81.316,41.963,36.224000000000004,53.253,45.968999999999994,55.635,79.116,52.461,56.385,51.023,54.585,36.326,51.208,69.268,28.7875
1997-01-01,130.87,108.82180000000001,122.105,44.335,58.742,56.677,82.258,46.841,36.685,55.371,49.536,56.5205,74.16,55.076,57.457,52.988,59.142,37.904,53.92425,78.8875,27.808
1997-04-01,129.752,102.66220000000001,122.182,45.745,56.461,54.77,84.013,47.013,36.813500000000005,55.032,48.323499999999996,55.077,73.344,52.92,55.939,52.017,57.201,37.746,55.283249999999995,73.209,29.869999999999997
1997-07-01,135.854,103.33720000000001,124.122,48.427,60.294,57.748,89.875,47.476,39.4615,58.685,50.843,58.788,76.99,56.731,56.733,53.734,62.83,40.857,59.7425,74.2305,33.477999999999994
1997-10-01,137.113,106.801,123.563,48.306,62.319,58.817,76.533,45.49,41.4445,61.245,52.657,60.842,83.545,58.433,57.23,54.663,62.985,43.768,55.77275,74.859,36.3685
1998-01-01,134.849,104.16879999999999,122.055,49.458,59.24,56.971,79.173,48.032,40.307,59.997,53.2545,59.290499999999994,87.848,56.442,55.473,53.725,62.856,42.749,57.963,74.71549999999999,37.451499999999996
1998-04-01,130.135,114.67900000000002,115.495,44.557,64.312,61.649,95.333,48.652,45.7005,59.82,57.031,65.327,90.166,61.43,58.607,58.407,68.208,43.663,60.56825,77.99549999999999,41.513999999999996
1998-07-01,142.507,105.4286,128.544,39.805,64.336,61.746,86.402,47.463,41.5425,60.123,57.602000000000004,61.086,98.848,62.568,56.9,52.821,63.596,41.066,55.699250000000006,81.638,39.9135
1998-10-01,151.197,113.97940000000001,134.41,43.731,71.421,69.038,95.994,54.251,47.216499999999996,68.182,64.5665,68.523,106.351,69.055,65.715,61.39,71.366,49.07,62.726749999999996,90.179,45.549499999999995
1999-01-01,140.067,113.20840000000001,127.403,42.341,65.839,65.823,89.024,58.121,48.242999999999995,66.416,61.4335,68.388,105.53,65.248,64.155,61.463,73.522,49.516,62.41425,80.4745,47.382
1999-04-01,144.377,113.4548,125.428,43.475,70.325,69.714,82.316,59.512,48.829,66.882,64.354,70.473,104.63,70.366,65.859,62.236,79.286,49.076,61.732,85.0265,49.0975
1999-07-01,142.874,116.4922,127.246,41.959,71.324,71.358,95.538,61.937,51.325500000000005,68.911,65.314,72.80799999999999,107.932,70.461,70.261,66.206,80.607,51.948,66.60625,84.32,51.382999999999996
1999-10-01,152.061,124.1944,129.712,43.292,68.935,69.581,108.889,62.798,51.069,70.304,61.5865,73.283,109.341,68.006,69.108,65.467,86.214,51.517,70.22075000000001,77.00649999999999,50.194500000000005
2000-01-01,155.526,118.1736,136.081,45.996,73.74,74.286,100.691,66.589,53.612,71.344,67.519,76.7045,104.469,74.512,70.398,68.257,87.82,51.994,71.77625,87.125,53.078500000000005
2000-04-01,148.062,116.2424,132.867,44.404,67.268,68.882,98.155,65.29,50.521,68.645,61.0575,72.5355,98.547,68.608,66.089,64.065,84.521,50.398,68.6165,75.7115,50.2185
2000-07-01,144.027,122.47620000000002,127.282,41.11,66.739,69.04,96.173,66.213,52.1925,65.51,62.3815,72.52199999999999,88.218,69.946,63.654,63.982,84.994,47.456,65.5675,76.9005,51.6245
2000-10-01,139.047,114.489,119.186,40.736,65.862,68.135,97.408,65.392,48.6485,63.357,62.588,68.425,74.918,70.387,59.474,60.234,85.244,45.952,64.69575,81.86850000000001,48.5105
2001-01-01,133.277,112.28620000000001,114.362,37.384,68.332,70.21,108.025,64.694,52.407,60.583,63.957499999999996,72.327,72.287,72.859,59.991,63.002,85.795,43.861,66.57650000000001,79.12,52.824
2001-04-01,140.803,119.7426,121.103,41.822,66.916,68.616,99.919,64.508,52.1415,64.984,61.0555,71.0215,67.113,71.336,58.702,61.41,84.42,47.557,63.9095,77.332,49.096999999999994
2001-07-01,138.475,121.172,114.739,43.776,66.41,68.148,97.522,64.89,52.2305,64.239,63.086,69.29599999999999,61.691,72.423,54.685,59.244,84.713,47.185,62.794000000000004,76.63050000000001,53.180499999999995
2001-10-01,142.594,121.72079999999998,116.525,42.863,77.422,76.523,96.069,63.372,62.256,66.528,58.858000000000004,80.0855,59.543,84.581,54.614,57.591,91.621,49.062,62.71225,68.3825,51.89
2002-01-01,151.908,108.874,127.934,43.454,70.207,71.255,93.898,65.095,57.667500000000004,68.384,59.703,74.3255,55.938,78.413,51.396,56.517,88.038,49.191,63.513000000000005,72.042,50.628
2002-04-01,146.409,115.008,130.159,46.664,71.202,72.346,101.202,67.103,56.188500000000005,71.553,67.131,74.20750000000001,64.735,78.056,55.446,61.576,87.91,54.432,65.97025,79.9745,57.6465
2002-07-01,146.24,123.71759999999999,129.383,47.267,76.828,77.275,112.06,68.837,62.084999999999994,75.702,66.332,79.8675,71.618,83.625,58.372,62.423,91.688,59.604,70.038,77.6005,58.0475
2002-10-01,136.499,118.75139999999999,119.815,49.07,70.489,72.356,101.312,69.766,59.042,69.782,61.4105,75.76950000000001,69.152,79.169,52.876,57.149,87.598,54.536,68.60325,71.1505,54.2885
2003-01-01,141.468,116.4078,119.025,50.163,71.119,71.701,117.266,66.321,57.0085,71.555,60.013999999999996,73.3085,54.864,78.504,51.142,55.938,88.931,55.581,71.6485,72.25450000000001,50.9685
2003-04-01,136.672,114.5308,114.364,53.108,74.092,74.674,105.693,69.274,62.2435,71.908,58.4195,76.5395,61.598,81.872,54.096,56.01,86.982,57.14,72.48,70.328,49.593
2003-07-01,131.2,114.4194,113.046,47.919,77.904,76.85,114.002,64.973,65.8195,74.077,62.791000000000004,80.0075,65.839,84.378,55.085,59.318,87.818,61.1,71.85725,73.561,54.897999999999996
2003-10-01,126.803,112.6692,113.394,53.968,74.443,74.991,97.996,69.638,65.5895,74.575,64.648,79.124,70.218,83.212,52.771,58.53,84.378,62.739,71.40675,75.3395,56.8785
2004-01-01,129.97,113.6778,110.99,50.68,75.555,76.134,110.378,69.446,64.64099999999999,74.407,62.3125,79.245,76.969,83.706,54.575,57.225,87.584,61.795,74.99125,74.4735,53.3485
2004-04-01,133.633,114.31400000000001,110.498,54.562,74.696,75.966,108.348,72.286,64.50200000000001,72.593,66.0915,79.367,80.129,81.734,58.344,61.934,90.965,58.688,78.7255,79.813,55.903
2004-07-01,129.438,113.0914,111.786,60.532,80.094,79.403,111.394,71.656,68.7765,76.544,67.4765,82.6905,87.764,84.284,63.543,65.281,87.854,64.573,82.91025,80.364,57.972500000000004
2004-10-01,138.234,121.57179999999998,115.735,61.529,83.968,81.902,102.992,70.276,68.348,78.165,66.8425,84.196,93.445,85.873,68.587,67.02,93.886,64.513,79.8215,81.07050000000001,56.2975
2005-01-01,149.328,126.2664,122.998,66.25,81.184,78.929,112.058,69.286,63.70399999999999,76.894,65.1445,80.6245,99.498,82.096,66.66,64.027,87.426,60.339,82.44775,79.4575,54.4855
2005-04-01,145.916,122.0228,124.237,65.567,83.716,81.275,108.884,70.199,69.7045,78.314,64.601,85.8125,99.292,84.477,69.172,67.498,88.314,62.895,84.0825,75.9045,56.269999999999996
2005-07-01,148.641,129.05599999999998,124.608,66.748,88.39,85.18,128.525,71.334,73.233,82.294,64.641,89.406,99.594,87.073,74.697,71.456,94.337,67.203,90.4165,76.47800000000001,55.882
2005-10-01,150.751,122.9328,130.329,71.052,75.654,76.18,111.596,75.812,60.981,77.361,63.233000000000004,79.3665,99.652,74.635,74.03,70.666,94.219,60.536,88.22800000000001,76.85650000000001,52.999
2006-01-01,161.152,128.575,133.894,74.602,79.115,79.396,112.08,78.538,65.54299999999999,77.93,66.304,84.444,106.604,77.303,78.488,75.766,99.12,58.734,91.9935,77.2025,58.204499999999996
2006-04-01,156.984,136.0854,128.318,72.72,79.606,79.792,123.173,77.972,64.77199999999999,79.385,64.10300000000001,82.81700000000001,106.843,77.858,77.795,72.653,97.857,61.581,92.56725,73.9565,56.85
2006-07-01,146.937,138.988,123.429,75.97,82.596,81.192,135.573,76.051,65.8775,78.146,62.6725,83.86,106.017,79.302,78.277,72.161,101.12,62.468,93.89675,72.607,55.3025
2006-10-01,147.717,136.5516,121.11,75.684,81.311,81.423,136.857,79.823,66.556,75.461,65.594,84.239,106.554,79.186,79.117,74.422,103.699,58.899,95.122,74.73150000000001,58.7675
2007-01-01,153.257,136.6586,121.631,81.89,82.967,80.754,119.245,75.679,68.4605,77.633,65.5975,85.245,98.397,80.051,76.308,74.327,104.949,60.275,92.01375,72.286,60.652
2007-04-01,150.664,144.45420000000001,122.233,92.177,82.334,79.009,117.911,75.079,66.644,78.543,68.0915,82.55799999999999,79.657,80.091,70.863,73.357,105.037,62.065,91.81575,74.0375,63.716
2007-07-01,148.061,134.473,122.324,93.744,80.386,78.476,148.121,78.654,67.407,77.611,71.61250000000001,81.46000000000001,70.529,79.572,68.315,74.596,102.534,61.532,101.06975,75.684,68.728
2007-10-01,153.636,143.55419999999998,125.368,99.176,82.353,78.168,139.334,74.723,66.3075,78.02,72.8395,81.993,68.078,80.272,66.588,74.569,104.746,60.681,97.29375,77.5095,69.521
2008-01-01,152.49,142.1368,126.359,96.907,76.228,73.802,137.341,75.193,61.810500000000005,72.983,70.53999999999999,76.87950000000001,65.945,75.688,62.844,70.658,96.853,54.62,93.89,73.375,68.755
2008-04-01,152.938,135.7352,117.921,102.011,71.656,69.208,134.601,73.628,51.6435,68.263,70.5095,71.07900000000001,66.933,72.443,55.334,64.178,108.246,48.536,92.561,78.79599999999999,64.44749999999999
2008-07-01,148.495,130.1268,125.562,106.992,68.981,63.747,145.219,65.112,48.821,63.937,71.1245,65.643,61.661,68.423,45.746,58.631,93.174,44.151,90.25925,81.7705,63.1075
2008-10-01,114.043,112.2784,98.518,84.404,55.886,52.58,106.593,54.731,38.9555,52.691,65.117,52.8885,60.696,59.401,32.439,44.39,75.426,38.439,67.1435,72.078,59.833
2009-01-01,75.835,93.75699999999999,48.123,50.693,54.822,48.801,122.488,35.277,37.035,41.95,68.39500000000001,47.419,44.972,61.409,16.469,33.848,69.568,34.378,58.93475,66.007,70.4375
2009-04-01,88.999,86.82939999999999,57.642,48.883,53.95,48.38,110.106,35.416,37.667,43.802,75.07050000000001,49.278,42.231,62.134,14.721,37.371,71.89,33.389,55.578250000000004,77.055,73.635
2009-07-01,100.193,101.8006,79.656,63.161,57.959,54.304,118.499,48.387,41.078,54.014,77.97749999999999,57.643499999999996,46.588,70.583,15.349,39.709,87.632,43.452,65.7455,80.45949999999999,76.15700000000001
2009-10-01,108.993,100.644,90.801,74.772,53.562,52.528,117.36,57.014,41.8685,56.863,76.484,56.1045,55.722,62.934,24.806,46.69,79.631,44.874,73.2605,80.72200000000001,73.32249999999999
2010-01-01,114.251,96.714,89.433,78.386,58.185,55.329,118.941,55.801,45.359,61.161,70.483,57.7615,55.909,61.954,35.761,51.299,80.601,49.042,78.0,73.04050000000001,68.658
2010-04-01,117.912,104.2748,91.648,79.624,61.482,60.227,108.524,63.297,49.819,64.092,68.14150000000001,62.2265,56.934,65.882,43.904,55.079,85.614,51.863,77.43825,72.1225,65.195
2010-07-01,113.092,100.2896,89.597,80.241,66.093,63.718,116.344,63.254,51.0155,67.418,65.379,64.118,62.404,67.543,51.055,56.861,92.839,57.215,79.55825,70.186,61.8475
2010-10-01,108.738,101.87559999999999,86.541,85.405,70.96,67.226,106.581,64.092,56.1185,68.258,63.57,67.645,63.304,70.979,55.681,58.65,92.759,59.313,78.7525,68.906,59.698
2011-01-01,114.223,105.1788,89.9,90.855,71.692,68.137,111.078,66.836,56.562,70.13,62.184,69.9825,71.632,70.381,59.62,60.788,100.195,60.325,83.63575,69.3315,56.921499999999995
2011-04-01,120.424,101.6708,92.299,95.834,72.276,64.998,101.111,57.508,52.913,67.789,57.5315,67.16,75.815,66.43,58.781,57.585,95.073,55.898,80.63024999999999,68.1145,49.566
2011-07-01,112.203,99.3578,95.745,99.278,70.614,67.032,101.587,68.739,58.623000000000005,69.864,57.926500000000004,70.4105,80.248,66.439,65.371,62.958,91.27,60.466,87.1705,65.248,52.4785
2011-10-01,124.873,100.5336,108.828,99.446,73.755,70.212,83.284,71.031,61.5575,74.415,57.822,75.07,88.368,70.253,68.703,64.474,94.761,63.119,81.53525,63.7465,53.4725
2012-01-01,145.358,107.7714,125.016,105.791,75.647,73.337,82.7,78.176,59.4015,79.39,58.3475,78.34899999999999,90.812,72.983,72.946,67.321,108.034,64.45,84.44075,67.305,51.628
2012-04-01,142.155,102.5026,126.401,105.067,77.377,74.181,90.553,76.385,61.5045,79.861,56.8395,78.432,92.691,72.879,75.344,67.582,100.447,65.799,86.90525,62.714,52.4995
2012-07-01,144.632,100.53099999999999,129.524,101.464,77.851,75.669,104.444,78.638,62.197,79.23,56.682500000000005,78.631,88.401,73.63,77.52,68.945,99.893,64.435,91.45475,61.0315,53.513
2012-10-01,146.366,103.46600000000001,131.671,104.916,81.539,78.225,90.17,78.755,65.40899999999999,80.573,59.8045,82.313,86.565,76.619,80.356,73.271,106.944,65.698,86.42099999999999,65.9125,55.2745
2013-01-01,152.786,103.3616,137.824,110.713,85.97,80.44,77.444,76.768,67.7955,83.921,62.994,84.7225,89.328,78.315,84.777,77.526,106.574,68.347,84.684,69.51849999999999,58.16
2013-04-01,145.038,104.0442,134.362,110.501,84.747,81.098,84.599,81.672,69.34899999999999,84.861,62.120999999999995,85.25450000000001,93.312,78.483,86.014,77.38,105.77,71.323,87.52425,68.72749999999999,57.2405
2013-07-01,135.502,104.0154,128.92,105.482,81.819,80.347,87.497,84.846,68.477,81.258,61.589,84.5985,90.96,77.688,85.095,77.009,108.375,69.083,87.8305,69.732,55.531499999999994
2013-10-01,145.098,106.14320000000001,133.855,106.485,82.943,81.023,88.797,84.534,69.6,86.229,61.6315,85.5115,95.719,77.392,87.831,78.581,108.241,73.007,87.93075,68.622,56.492000000000004
2014-01-01,146.552,105.05160000000001,131.306,105.269,86.233,82.558,77.205,80.873,73.5355,86.779,62.843500000000006,87.40799999999999,96.111,79.479,89.126,79.95,105.028,73.354,84.1635,69.7895,57.7515
2014-04-01,138.662,111.8448,130.654,113.722,91.255,87.625,93.477,87.169,78.2475,90.221,67.9545,92.2625,103.79,83.559,95.461,85.78,111.652,79.399,92.9345,76.4575,61.6825
2014-07-01,149.592,113.2438,136.517,116.733,94.146,89.324,92.072,86.356,78.2645,93.556,68.763,92.79849999999999,110.917,84.783,98.401,86.183,111.357,81.005,93.81775,77.88650000000001,62.0355
2014-10-01,146.669,109.3942,136.522,110.762,94.071,90.421,99.83,88.016,77.6385,92.946,70.9105,92.2585,110.784,86.462,97.76,85.449,108.065,80.923,94.4585,81.363,63.174
2015-01-01,135.162,103.00039999999998,128.445,96.237,95.926,93.803,95.033,89.208,83.275,93.891,74.41900000000001,95.82,118.523,89.328,102.842,89.556,107.995,84.712,90.41550000000001,84.3805,67.08500000000001
2015-04-01,134.379,104.5326,132.833,100.782,98.152,96.487,87.228,93.672,86.37299999999999,97.93,77.64150000000001,98.6905,124.549,91.875,106.585,92.765,107.12,89.854,91.04,88.3725,69.73400000000001
2015-07-01,130.016,105.2316,136.779,103.249,100.063,98.611,98.535,96.451,90.5865,102.112,78.9305,101.1765,123.676,91.886,112.501,98.569,106.04,95.972,95.484,88.447,71.971
2015-10-01,114.653,102.6892,121.704,99.609,98.099,97.463,102.386,96.545,90.89500000000001,96.379,80.58000000000001,99.03,110.93,90.643,111.164,99.867,105.027,92.384,97.09174999999999,88.9725,74.45400000000001
2016-01-01,116.955,100.48440000000001,123.761,93.609,98.33,98.149,112.18,96.133,91.875,98.663,84.43299999999999,98.3295,108.177,91.252,111.296,101.341,99.504,94.659,98.43775,93.1685,77.9985
2016-04-01,114.298,101.6516,123.243,100.195,98.246,96.786,116.114,94.202,92.83949999999999,98.872,83.56700000000001,97.55000000000001,97.084,91.435,106.291,99.388,98.134,95.501,99.66075000000001,90.8935,78.16550000000001
2016-07-01,118.254,107.1126,128.074,101.366,100.219,98.785,113.297,95.985,95.774,99.679,88.582,99.852,86.944,95.226,104.904,102.186,104.027,95.61,97.33,94.87049999999999,83.90350000000001
2016-10-01,114.413,104.16660000000002,118.151,95.656,99.856,99.29,105.315,96.591,97.277,99.984,93.309,99.392,85.253,97.483,102.445,101.656,100.242,96.832,95.18225,96.5255,90.9515
2017-01-01,99.266,101.0396,106.939,100.008,96.648,97.64,107.937,101.008,97.48,97.406,94.2645,97.328,87.109,96.815,98.509,98.516,96.694,97.01,100.398,94.2815,94.3385
2017-04-01,104.782,99.2526,106.283,98.985,96.424,97.177,100.194,99.727,95.7835,99.018,95.5925,96.441,98.687,96.811,97.68,96.102,94.194,97.776,98.35675,95.696,95.56899999999999
2017-07-01,97.087,97.3798,91.861,97.994,100.286,100.199,94.889,99.215,99.6805,97.79,102.6825,100.1915,102.56,100.89,99.221,100.018,102.063,97.941,100.47975,103.372,102.12
2017-10-01,98.865,102.32860000000001,94.917,103.014,106.642,104.984,96.98,100.05,107.055,105.786,107.46000000000001,106.0385,111.645,105.483,104.589,105.364,107.049,107.274,100.766,106.6505,107.973
2018-01-01,84.313,93.7806,96.079,104.812,104.18,103.376,93.015,101.796,106.832,104.766,107.81700000000001,103.0745,115.529,103.028,104.856,104.226,92.161,109.163,101.83225,101.48249999999999,112.568
2018-04-01,91.589,92.91,92.942,99.445,107.542,105.444,94.162,97.98,110.5395,108.2,107.45949999999999,105.434,122.594,103.738,109.72,106.883,88.292,111.782,103.48975,98.38300000000001,114.2305
2018-07-01,74.092,93.2082,83.087,93.418,106.871,106.735,107.272,101.771,111.58850000000001,108.11,106.67099999999999,105.71600000000001,130.344,105.193,109.789,104.53,83.983,115.462,107.986,96.681,113.996
2018-10-01,76.308,94.87780000000001,93.613,90.987,106.532,107.594,109.918,104.596,113.838,108.184,106.769,107.7875,131.374,105.239,112.159,107.293,81.493,115.082,107.7865,97.39349999999999,113.47
2019-01-01,69.578,97.803,92.543,107.096,104.57,105.277,105.195,107.842,110.939,105.318,102.67,104.392,129.613,99.469,117.03,109.199,83.262,113.071,110.63675,87.4025,113.8735
2019-04-01,71.793,96.862,90.093,104.503,106.265,107.511,109.368,109.8,115.93299999999999,107.541,104.136,107.60400000000001,131.683,101.867,118.755,111.499,82.92,115.286,114.54575,84.6915,118.498
2019-07-01,67.024,94.1562,89.541,110.012,109.376,107.676,115.948,104.107,120.197,109.619,105.58250000000001,109.74950000000001,132.779,103.041,116.33,111.658,77.546,118.847,116.43950000000001,83.6105,121.7855
2019-10-01,57.359,89.77759999999999,88.062,106.719,108.068,105.422,100.773,98.977,120.499,102.061,110.60849999999999,108.83250000000001,121.858,103.834,108.851,110.711,75.732,111.733,106.201,85.012,129.477
2020-01-01,51.196,82.0644,86.143,104.361,89.797,90.601,95.512,97.452,106.962,95.306,105.072,95.07300000000001,98.745,91.666,87.809,97.614,62.414,104.819,102.3865,77.56099999999999,125.446
2020-04-01,35.92,57.0056,31.01,37.166,88.397,79.695,87.757,42.374,86.5495,58.781,79.937,75.885,70.495,90.242,57.679,60.02,46.276,63.71,59.16925,51.336,100.9195
2020-07-01,65.43,74.80839999999999,88.63,100.24,101.672,97.951,103.712,89.023,117.6585,110.999,119.97550000000001,102.6285,90.285,110.461,71.895,92.004,60.675,120.87,100.35325,79.594,149.899
2020-10-01,33.919,83.8846,82.235,100.944,97.591,99.247,108.806,104.179,124.17,100.717,118.3595,108.4965,99.41,109.397,77.743,98.148,65.69,115.418,105.21375,77.80000000000001,148.54500000000002
2021-01-01,43.81,80.9682,75.559,107.694,113.292,108.222,90.175,94.671,131.4975,105.437,129.1105,114.408,111.397,121.655,81.562,100.474,70.622,119.036,102.06875,77.5565,167.454
2021-04-01,52.835,77.3064,71.046,100.641,120.601,112.805,83.27,87.849,134.7225,102.399,124.29599999999999,117.615,109.338,126.146,87.373,100.589,75.22,113.208,98.299,73.783,161.767
2021-07-01,45.736,69.8244,59.868,96.62,102.025,95.53,74.954,78.564,106.96350000000001,89.43,104.41499999999999,94.9135,99.251,105.332,77.472,82.488,67.908,98.882,88.58975,61.878,135.793
2021-10-01,41.932,67.66279999999999,68.469,103.844,99.46,94.646,69.353,85.278,104.5865,95.969,102.089,91.99549999999999,103.725,107.272,69.22,73.122,53.015,107.829,90.339,57.1355,135.3725
2022-01-01,23.352,81.1212,80.427,100.119,97.225,95.825,73.41,94.921,112.714,94.653,96.765,98.99799999999999,106.607,108.281,70.781,74.857,58.994,111.265,75.97800000000001,53.369,129.135
2022-04-01,25.412,81.811,85.351,109.419,98.26,95.91,82.679,95.198,108.893,95.267,96.181,96.28,113.003,107.175,73.426,73.164,56.102,111.306,80.82525,55.816,126.1335
2022-07-01,21.854,81.63719999999999,89.195,111.443,97.701,96.0,81.14,97.869,109.8315,97.987,94.7265,96.334,117.037,105.545,78.291,74.921,50.591,115.683,82.425,52.8575,125.8355
2022-10-01,20.674,85.423,93.704,120.121,98.743,97.28,93.537,102.427,111.4265,97.986,96.1565,98.146,121.339,105.147,82.989,78.85,55.075,116.011,87.974,53.4195,127.9265
2023-01-01,23.098,86.70660000000001,92.866,113.521,104.262,105.144,103.125,112.669,121.124,103.527,104.304,105.8315,124.797,113.618,89.645,86.256,58.276,122.251,96.25725,56.1885,140.1935
2023-04-01,23.686,89.8656,97.985,117.68,105.874,107.139,120.059,116.647,126.81200000000001,106.807,102.00800000000001,109.72800000000001,126.442,110.849,101.862,95.443,59.965,126.189,104.57275,52.189,139.3275
2023-07-01,20.874,95.49100000000001,100.338,127.362,103.984,105.798,119.683,120.744,124.89349999999999,104.546,97.996,107.583,119.416,108.276,103.357,95.141,60.941,124.157,106.272,50.521,133.4895
2023-10-01,19.483,89.61760000000001,90.73,112.704,99.089,103.479,99.846,121.923,123.9215,99.193,96.144,105.6565,109.169,106.173,101.901,95.029,57.779,117.891,102.67375,49.351,131.1405
2024-01-01,13.537,87.1084,85.015,108.604,96.918,102.596,119.148,123.767,123.871,100.031,96.697,104.84100000000001,110.464,103.769,102.821,96.483,55.526,120.476,108.72175,48.3525,132.901
2024-04-01,22.133,89.95439999999999,84.726,112.476,99.635,104.579,130.201,124.284,127.6225,104.73,98.6955,107.036,105.496,105.688,104.281,99.545,57.042,124.267,115.8505,49.192499999999995,135.733
2024-07-01,25.409,86.7946,81.221,109.477,101.649,104.722,131.08,117.916,124.99699999999999,99.558,103.814,106.2265,106.026,108.487,98.471,96.682,59.942,117.167,113.42425,53.8005,141.094
2024-10-01,28.97,85.6058,76.498,99.481,107.328,109.489,130.732,115.025,133.4225,100.64,109.196,111.5315,98.633,114.207,101.751,102.767,61.845,117.697,111.41675,55.431,149.33100000000002
