Date,Business current transfer payments (net),"Compensation of employees, paid",Consumption of fixed capital,"Corporate profits with inventory valuation and capital consumption adjustments, domestic industries",Current surplus of government enterprises,Government,Gross domestic income,Less: Subsidies,Net dividends,"Net interest and miscellaneous payments, domestic industries",Net operating surplus,Private,Private enterprises,Profits after tax with inventory valuation and capital consumption adjustments,Proprietors' income with inventory valuation and capital consumption adjustments,Rental income of persons with capital consumption adjustment,Supplements to wages and salaries,Taxes on corporate income,Taxes on production and imports,To the rest of the world,Undistributed corporate profits with inventory valuation and capital consumption adjustments,Wages and salaries
2002-01-01,21981.0,1530472.0,409382.0,168587.0,1146.0,73141.0,2703004.0,10643.0,93377.0,135016.0,588094.0,336241.0,586949.0,133678.0,209536.0,51829.0,279813.0,34909.0,185698.0,2956.0,40301.0,1250659.0
2002-04-01,20388.0,1504719.0,412313.0,207483.0,1353.0,73724.0,2733296.0,9955.0,95476.0,138188.0,638725.0,338589.0,637372.0,164995.0,219100.0,52214.0,280656.0,42488.0,187495.0,3225.0,69519.0,1224064.0
2002-07-01,19387.0,1493939.0,416101.0,201819.0,2627.0,74344.0,2724615.0,10333.0,90149.0,137630.0,632229.0,341757.0,629602.0,158159.0,218846.0,51919.0,283197.0,43660.0,192680.0,3322.0,68010.0,1210742.0
2002-10-01,19000.0,1614237.0,420185.0,195700.0,2447.0,74952.0,2849862.0,10464.0,100442.0,139462.0,631746.0,345233.0,629299.0,156084.0,222650.0,52486.0,295605.0,39616.0,194158.0,3320.0,55642.0,1318632.0
2003-01-01,19480.0,1570742.0,423757.0,188756.0,1757.0,75683.0,2792726.0,11780.0,88307.0,137064.0,613168.0,348074.0,611411.0,141821.0,211436.0,54675.0,297852.0,46935.0,196839.0,3169.0,53515.0,1272890.0
2003-04-01,18892.0,1551203.0,427199.0,226053.0,1402.0,76343.0,2824605.0,14285.0,111230.0,132799.0,660820.0,350856.0,659418.0,177784.0,225875.0,55799.0,299447.0,48269.0,199668.0,3357.0,66554.0,1251756.0
2003-07-01,18947.0,1550977.0,431428.0,240574.0,1075.0,77131.0,2847122.0,11481.0,104473.0,127281.0,672394.0,354297.0,671320.0,187261.0,227640.0,56878.0,303106.0,53313.0,203803.0,3401.0,82789.0,1247872.0
2003-10-01,18728.0,1689374.0,436714.0,262761.0,887.0,77976.0,3016191.0,11512.0,118944.0,121629.0,696309.0,358739.0,695422.0,197515.0,232559.0,59745.0,314932.0,65246.0,205306.0,3434.0,78571.0,1374441.0
2004-01-01,20102.0,1649406.0,443497.0,246263.0,472.0,78972.0,2963513.0,11060.0,120914.0,112827.0,670164.0,364524.0,669691.0,187822.0,229749.0,60750.0,317695.0,58441.0,211507.0,3388.0,66908.0,1331711.0
2004-04-01,19905.0,1625616.0,450902.0,287717.0,282.0,80294.0,3006661.0,10915.0,121153.0,113789.0,726421.0,370608.0,726139.0,214753.0,243873.0,60855.0,318734.0,72964.0,214637.0,3760.0,93600.0,1306882.0
2004-07-01,19622.0,1639224.0,458786.0,282483.0,-103.0,81859.0,3022444.0,11345.0,120262.0,113881.0,717397.0,376927.0,717500.0,216144.0,241064.0,60450.0,323723.0,66339.0,218381.0,3691.0,95882.0,1315501.0
2004-10-01,22333.0,1815055.0,468653.0,308949.0,-296.0,83591.0,3252680.0,13066.0,155190.0,118541.0,758465.0,385062.0,758761.0,228181.0,248211.0,60728.0,338323.0,80767.0,223572.0,3708.0,72991.0,1476732.0
2005-01-01,21080.0,1721997.0,477900.0,293107.0,-569.0,84797.0,3144339.0,14182.0,116486.0,127535.0,730200.0,393104.0,730769.0,204294.0,230625.0,58422.0,337219.0,88813.0,228423.0,3858.0,87807.0,1384779.0
2005-04-01,24105.0,1715998.0,487242.0,327313.0,-726.0,86274.0,3217536.0,15173.0,97394.0,140968.0,795486.0,400968.0,796212.0,232580.0,246038.0,57789.0,339104.0,94733.0,233984.0,4201.0,135186.0,1376894.0
2005-07-01,22996.0,1760806.0,497419.0,325598.0,-1075.0,87941.0,3279517.0,15496.0,59431.0,149005.0,798224.0,409478.0,799299.0,233349.0,248311.0,53388.0,345076.0,92249.0,238565.0,4188.0,173919.0,1415729.0
2005-10-01,22460.0,1878921.0,508490.0,358311.0,-1080.0,89409.0,3454806.0,16058.0,45081.0,156622.0,841987.0,419081.0,843067.0,254357.0,254167.0,51507.0,353329.0,103954.0,241466.0,4163.0,209276.0,1525591.0
2006-01-01,19246.0,1885470.0,517607.0,344146.0,-644.0,90582.0,3460409.0,13932.0,143544.0,161026.0,826159.0,427025.0,826803.0,248008.0,253757.0,48627.0,354869.0,96138.0,245105.0,3974.0,104464.0,1530602.0
2006-04-01,19045.0,1814190.0,526774.0,368528.0,-1175.0,92325.0,3456111.0,12886.0,146368.0,181720.0,880478.0,434448.0,881653.0,263082.0,266501.0,45859.0,350740.0,105446.0,247556.0,4310.0,116714.0,1463450.0
2006-07-01,20640.0,1809308.0,535277.0,388008.0,-1741.0,93797.0,3480257.0,12472.0,159383.0,181988.0,896586.0,441480.0,898326.0,277311.0,263243.0,44448.0,352029.0,110696.0,251557.0,4158.0,117928.0,1457279.0
2006-10-01,20887.0,1982286.0,544508.0,355704.0,-2345.0,95620.0,3628599.0,12177.0,188643.0,177361.0,861160.0,448888.0,863505.0,237837.0,267368.0,42185.0,365300.0,117867.0,252822.0,4206.0,49193.0,1616987.0
2007-01-01,24536.0,1997221.0,553669.0,324579.0,-3044.0,97739.0,3618104.0,12375.0,165197.0,184015.0,823499.0,455929.0,826543.0,226629.0,252794.0,40619.0,368527.0,97950.0,256089.0,3796.0,61432.0,1628694.0
2007-04-01,23731.0,1910730.0,560232.0,367813.0,-3047.0,99274.0,3608419.0,14545.0,163176.0,209336.0,894124.0,460958.0,897171.0,260432.0,251228.0,45063.0,365182.0,107380.0,257878.0,4164.0,97256.0,1545548.0
2007-07-01,24569.0,1903240.0,566400.0,320947.0,-2996.0,100830.0,3556768.0,13978.0,171988.0,207806.0,841620.0,465570.0,844615.0,221130.0,242885.0,48408.0,367345.0,99816.0,259487.0,4025.0,49142.0,1535895.0
2007-10-01,24410.0,2078177.0,572449.0,244689.0,-3784.0,102463.0,3678639.0,13686.0,177499.0,212350.0,778323.0,469986.0,782108.0,158054.0,248489.0,52169.0,381029.0,86635.0,263376.0,4128.0,-19445.0,1697148.0
2008-01-01,28123.0,2061064.0,579949.0,237365.0,-4103.0,104243.0,3656737.0,12985.0,163966.0,204544.0,767667.0,475706.0,771770.0,168909.0,239426.0,62312.0,382160.0,68455.0,261042.0,4213.0,4943.0,1678904.0
2008-04-01,26353.0,1963849.0,586800.0,226745.0,-4256.0,105852.0,3569598.0,12915.0,171636.0,211451.0,768614.0,480947.0,772870.0,153087.0,238080.0,70241.0,376992.0,73658.0,263251.0,4294.0,-18549.0,1586857.0
2008-07-01,26334.0,1950649.0,594010.0,242232.0,-4198.0,107586.0,3596977.0,13000.0,162672.0,222954.0,800139.0,486424.0,804338.0,170376.0,236506.0,76312.0,377289.0,71856.0,265179.0,4317.0,7704.0,1573360.0
2008-10-01,31970.0,2093117.0,598204.0,249087.0,-4170.0,109338.0,3755349.0,13656.0,162578.0,212827.0,817417.0,488865.0,821587.0,207137.0,246293.0,81410.0,386288.0,41949.0,260268.0,4394.0,44560.0,1706829.0
2009-01-01,30697.0,1958834.0,596860.0,218705.0,-3961.0,110159.0,3536907.0,13839.0,146815.0,192177.0,741497.0,486701.0,745458.0,178103.0,222248.0,81632.0,378076.0,40602.0,253555.0,3362.0,31288.0,1580759.0
2009-04-01,35010.0,1885474.0,592264.0,279057.0,-3532.0,110389.0,3518419.0,13866.0,132126.0,179386.0,800657.0,481875.0,804190.0,226225.0,226760.0,83977.0,372856.0,52832.0,253891.0,3600.0,94099.0,1512618.0
2009-07-01,29338.0,1863423.0,589745.0,297601.0,-3327.0,110657.0,3508050.0,16767.0,111529.0,167502.0,813876.0,479089.0,817203.0,242994.0,233790.0,88972.0,372512.0,54607.0,257773.0,3650.0,131465.0,1490911.0
2009-10-01,30073.0,2059460.0,592407.0,281525.0,-3736.0,111563.0,3722969.0,13875.0,126112.0,167175.0,823377.0,480844.0,827113.0,225633.0,255328.0,93012.0,386466.0,55892.0,261600.0,3299.0,99521.0,1672994.0
2010-01-01,31608.0,1933879.0,593638.0,301180.0,-4093.0,112576.0,3618735.0,13698.0,121891.0,159980.0,844200.0,481061.0,848293.0,235265.0,254305.0,101220.0,383198.0,65915.0,260717.0,2945.0,113374.0,1550681.0
2010-04-01,30661.0,1929101.0,595681.0,344427.0,-4578.0,113812.0,3687981.0,13873.0,117983.0,158171.0,911988.0,481869.0,916566.0,275506.0,276088.0,107219.0,383815.0,68921.0,265084.0,3450.0,157523.0,1545286.0
2010-07-01,32273.0,1932903.0,597943.0,377481.0,-4848.0,114769.0,3728487.0,14000.0,131073.0,145742.0,943770.0,483175.0,948617.0,307551.0,282469.0,110651.0,385820.0,69930.0,267871.0,3704.0,176479.0,1547084.0
2010-10-01,31785.0,2137086.0,603129.0,365597.0,-5027.0,115995.0,3944324.0,14237.0,143600.0,146366.0,948945.0,487133.0,953972.0,298096.0,295642.0,114581.0,400027.0,67501.0,269402.0,3431.0,154496.0,1737059.0
2011-01-01,36458.0,2047102.0,609308.0,327109.0,-4847.0,117424.0,3827890.0,14719.0,144755.0,144167.0,913791.0,491884.0,918639.0,251415.0,288624.0,122281.0,398597.0,75694.0,272407.0,3099.0,106660.0,1648506.0
2011-04-01,32626.0,2001198.0,615897.0,368022.0,-4535.0,118745.0,3851085.0,14975.0,156138.0,148859.0,973054.0,497152.0,977589.0,299757.0,302743.0,125338.0,395774.0,68265.0,275911.0,3556.0,143619.0,1605424.0
2011-07-01,31959.0,2043275.0,621894.0,375087.0,-4375.0,120042.0,3908793.0,15042.0,157675.0,139695.0,982076.0,501852.0,986450.0,312925.0,312194.0,127515.0,399690.0,62162.0,276590.0,3773.0,155250.0,1643586.0
2011-10-01,29079.0,2142437.0,627264.0,379660.0,-4084.0,120943.0,4036254.0,15271.0,174515.0,142172.0,1003009.0,506321.0,1007093.0,305018.0,324776.0,131407.0,405933.0,74642.0,278815.0,3515.0,130503.0,1736504.0
2012-01-01,27158.0,2165549.0,634567.0,401567.0,-3598.0,122149.0,4093775.0,14599.0,173138.0,149767.0,1026026.0,512418.0,1029624.0,323132.0,319439.0,131694.0,408575.0,78435.0,282232.0,3141.0,149994.0,1756973.0
2012-04-01,24275.0,2070283.0,640973.0,442206.0,-3446.0,123145.0,4065234.0,14514.0,178758.0,164515.0,1085479.0,517828.0,1088926.0,350576.0,324814.0,133116.0,402741.0,91630.0,283013.0,3743.0,171818.0,1667542.0
2012-07-01,21583.0,2064474.0,647537.0,418871.0,-3301.0,123961.0,4016191.0,14076.0,178633.0,145040.0,1034800.0,523576.0,1038101.0,336715.0,318586.0,134020.0,405188.0,82156.0,283457.0,3902.0,158082.0,1659285.0
2012-10-01,22516.0,2275066.0,652477.0,389725.0,-3301.0,124362.0,4232417.0,14848.0,234863.0,150646.0,1032308.0,528116.0,1035609.0,307357.0,337084.0,135639.0,422733.0,82367.0,287413.0,3524.0,72494.0,1852333.0
2013-01-01,24324.0,2225083.0,658303.0,392325.0,-3066.0,124814.0,4177532.0,14847.0,179591.0,136346.0,1015636.0,533489.0,1018702.0,304679.0,325137.0,140570.0,425280.0,87646.0,293357.0,3304.0,125088.0,1799803.0
2013-04-01,25403.0,2144854.0,666088.0,434613.0,-3453.0,125743.0,4174507.0,15027.0,237793.0,141309.0,1084212.0,540345.0,1087665.0,342509.0,342267.0,144074.0,424726.0,92104.0,294379.0,3909.0,104716.0,1720128.0
2013-07-01,25527.0,2144727.0,673693.0,436605.0,-3590.0,126634.0,4186319.0,14991.0,213183.0,138202.0,1084715.0,547059.0,1088304.0,344922.0,340817.0,147153.0,428673.0,91683.0,298176.0,4125.0,131739.0,1716054.0
2013-10-01,32046.0,2328974.0,683519.0,418756.0,-3534.0,127820.0,4372112.0,14855.0,228324.0,136890.0,1074563.0,555699.0,1078098.0,327771.0,343517.0,146890.0,442366.0,90985.0,299911.0,3874.0,99447.0,1886608.0
2014-01-01,28528.0,2339674.0,693682.0,392526.0,-2531.0,128756.0,4355266.0,14674.0,234910.0,139641.0,1033142.0,564925.0,1035673.0,295441.0,326239.0,148739.0,442992.0,97086.0,303442.0,3452.0,60530.0,1896682.0
2014-04-01,29564.0,2228646.0,700449.0,477372.0,-2218.0,129259.0,4373664.0,14619.0,233334.0,149716.0,1150921.0,571190.0,1153139.0,367000.0,346717.0,149771.0,436056.0,110372.0,308266.0,4103.0,133666.0,1792590.0
2014-07-01,44274.0,2240519.0,709507.0,484069.0,-1963.0,129971.0,4417392.0,14546.0,231082.0,147383.0,1169863.0,579536.0,1171826.0,381004.0,346027.0,150073.0,439197.0,103065.0,312048.0,4352.0,149922.0,1801323.0
2014-10-01,33109.0,2450815.0,716048.0,453989.0,-1763.0,130350.0,4602757.0,14251.0,198945.0,149952.0,1136189.0,585698.0,1137952.0,357622.0,350982.0,149920.0,455631.0,96366.0,313956.0,4043.0,158677.0,1995183.0
2015-01-01,31205.0,2435261.0,722801.0,447670.0,-1060.0,130766.0,4560839.0,13999.0,249603.0,156404.0,1102512.0,592036.0,1103572.0,348943.0,321091.0,147203.0,457297.0,98726.0,314263.0,3600.0,99340.0,1977964.0
2015-04-01,33386.0,2336771.0,728216.0,477730.0,-870.0,131141.0,4535788.0,14110.0,237674.0,168824.0,1167816.0,597074.0,1168687.0,368505.0,337977.0,150768.0,453174.0,109225.0,317096.0,4210.0,130831.0,1883597.0
2015-07-01,33719.0,2341420.0,734206.0,463972.0,-558.0,131557.0,4537900.0,14419.0,247703.0,168329.0,1157024.0,602649.0,1157583.0,363535.0,339971.0,151592.0,455959.0,100437.0,319668.0,4562.0,115832.0,1885461.0
2015-10-01,55599.0,2596084.0,737715.0,388556.0,-358.0,131609.0,4753465.0,14664.0,230944.0,167635.0,1111903.0,606106.0,1112261.0,300819.0,348683.0,151788.0,473507.0,87737.0,322427.0,4323.0,69875.0,2122577.0
2016-01-01,40517.0,2474432.0,740358.0,399147.0,-27.0,131660.0,4600657.0,15172.0,263101.0,167385.0,1078439.0,608698.0,1078466.0,310755.0,318420.0,152996.0,465729.0,88392.0,322601.0,3781.0,47654.0,2008703.0
2016-04-01,41493.0,2417538.0,748730.0,468272.0,-597.0,132840.0,4638759.0,15595.0,248598.0,165619.0,1164286.0,615890.0,1164883.0,368420.0,334719.0,154781.0,462411.0,99852.0,323801.0,4404.0,119822.0,1955128.0
2016-07-01,36895.0,2486737.0,755061.0,468302.0,-690.0,133479.0,4725721.0,15749.0,238878.0,164922.0,1168989.0,621582.0,1169678.0,371174.0,344591.0,154969.0,468905.0,97129.0,330684.0,4716.0,132296.0,2017832.0
2016-10-01,43607.0,2598388.0,763960.0,388681.0,-840.0,134549.0,4786867.0,15231.0,203155.0,168799.0,1107709.0,629411.0,1108549.0,298019.0,351484.0,155977.0,477824.0,90661.0,332041.0,4415.0,94864.0,2120564.0
2017-01-01,39133.0,2656667.0,772352.0,418463.0,-951.0,135590.0,4884088.0,14838.0,278669.0,179654.0,1136134.0,636762.0,1137085.0,339762.0,341372.0,158464.0,485146.0,78701.0,333772.0,3602.0,61093.0,2171521.0
2017-04-01,36517.0,2520922.0,782244.0,438083.0,-1098.0,136747.0,4794336.0,14510.0,277381.0,179534.0,1167926.0,645496.0,1169023.0,360365.0,356322.0,158568.0,478965.0,77718.0,337755.0,4241.0,82984.0,2041957.0
2017-07-01,32341.0,2520119.0,792615.0,456103.0,-1141.0,138099.0,4826102.0,15478.0,255859.0,179478.0,1185204.0,654516.0,1186345.0,379716.0,357485.0,160938.0,483455.0,76388.0,343641.0,4680.0,123857.0,2036665.0
2017-10-01,34935.0,2737269.0,801743.0,413695.0,-1063.0,139451.0,5039675.0,15048.0,231583.0,181829.0,1166908.0,662292.0,1167971.0,349344.0,373455.0,164058.0,502397.0,64350.0,348803.0,4431.0,117761.0,2234873.0
2018-01-01,36815.0,2798567.0,812368.0,421488.0,-792.0,141225.0,5120130.0,14676.0,13047.0,186549.0,1168600.0,671143.0,1169392.0,350071.0,358666.0,165874.0,511654.0,71417.0,355271.0,3667.0,337024.0,2286913.0
2018-04-01,36377.0,2650206.0,823798.0,459656.0,-741.0,143227.0,5041012.0,14559.0,110306.0,189695.0,1222174.0,680571.0,1222915.0,383120.0,369928.0,167259.0,506943.0,76536.0,359394.0,4257.0,272814.0,2143263.0
2018-07-01,42968.0,2651201.0,833610.0,489779.0,-1113.0,144662.0,5102037.0,14458.0,208319.0,188379.0,1265197.0,688947.0,1266309.0,414276.0,375238.0,169946.0,511386.0,75502.0,366487.0,4795.0,205958.0,2139815.0
2018-10-01,39651.0,2867714.0,842828.0,473655.0,-1945.0,146188.0,5329898.0,19627.0,87284.0,191773.0,1263041.0,696639.0,1264986.0,399687.0,391499.0,168408.0,527598.0,73968.0,375942.0,4507.0,312403.0,2340117.0
2019-01-01,42837.0,2921747.0,854579.0,443793.0,-3327.0,147567.0,5347896.0,17263.0,245358.0,189426.0,1212934.0,707012.0,1216261.0,377073.0,371595.0,168610.0,532669.0,66721.0,375899.0,4017.0,131714.0,2389078.0
2019-04-01,41113.0,2775919.0,865697.0,478204.0,-3730.0,148952.0,5265531.0,14717.0,229143.0,190767.0,1259376.0,716745.0,1263105.0,398704.0,382321.0,170700.0,524005.0,79500.0,379257.0,4666.0,169561.0,2251915.0
2019-07-01,41796.0,2768628.0,874949.0,529085.0,-3236.0,150143.0,5333485.0,20300.0,236186.0,185703.0,1320546.0,724807.0,1323782.0,453709.0,394640.0,172558.0,524972.0,75376.0,389661.0,5164.0,217523.0,2243656.0
2019-10-01,35649.0,2992177.0,882290.0,487214.0,-1848.0,151150.0,5536029.0,20676.0,227085.0,188625.0,1293424.0,731140.0,1295272.0,411616.0,407219.0,176564.0,539822.0,75598.0,388814.0,5063.0,184531.0,2452355.0
2020-01-01,33807.0,3041806.0,892539.0,420970.0,-242.0,152451.0,5509111.0,20164.0,261287.0,186688.0,1206806.0,740088.0,1207047.0,357404.0,383265.0,182318.0,544246.0,63565.0,388124.0,3472.0,96117.0,2497560.0
2020-04-01,33903.0,2656425.0,900187.0,460816.0,-257.0,153673.0,4874734.0,258106.0,300898.0,192153.0,1222222.0,746514.0,1222480.0,386505.0,352820.0,182788.0,505997.0,74311.0,354005.0,3224.0,85607.0,2150428.0
2020-07-01,38297.0,2753274.0,909144.0,579131.0,-1494.0,155497.0,5174095.0,290984.0,326003.0,189022.0,1416656.0,753646.0,1418150.0,491766.0,425545.0,186155.0,524697.0,87364.0,386005.0,3821.0,165763.0,2228577.0
2020-10-01,40052.0,3152530.0,921632.0,505107.0,-367.0,157546.0,5688534.0,129256.0,283627.0,186465.0,1350498.0,764086.0,1350865.0,418566.0,432389.0,186851.0,555828.0,86541.0,393130.0,3915.0,134939.0,2596701.0
2021-01-01,42780.0,3036889.0,932678.0,567097.0,-2719.0,159872.0,5628196.0,130168.0,351447.0,183886.0,1390361.0,772806.0,1393080.0,472729.0,412928.0,186389.0,553518.0,94368.0,398436.0,3631.0,121282.0,2483371.0
2021-04-01,46656.0,3006809.0,953305.0,692804.0,-3545.0,163361.0,5736919.0,207663.0,373726.0,177064.0,1558916.0,789944.0,1562462.0,574945.0,455538.0,190400.0,551759.0,117859.0,425552.0,4341.0,201219.0,2455050.0
2021-07-01,49965.0,3059470.0,978612.0,754874.0,-2928.0,167083.0,5940162.0,168521.0,391389.0,171540.0,1638726.0,811528.0,1641654.0,632436.0,469985.0,195291.0,555545.0,122438.0,431875.0,5249.0,241047.0,2503925.0
2021-10-01,53015.0,3465038.0,1006771.0,660641.0,-1839.0,171656.0,6374300.0,103515.0,356975.0,172966.0,1561780.0,835116.0,1563618.0,531067.0,476816.0,200179.0,580604.0,129575.0,444225.0,5054.0,174092.0,2884434.0
2022-01-01,54609.0,3359285.0,1038739.0,655551.0,-439.0,176656.0,6351361.0,37868.0,427885.0,183638.0,1539427.0,862083.0,1539866.0,518808.0,442490.0,203578.0,574977.0,136743.0,451777.0,5183.0,90923.0,2784308.0
2022-04-01,64937.0,3240032.0,1069669.0,726401.0,-903.0,182053.0,6393287.0,32490.0,407762.0,188781.0,1653294.0,887616.0,1654197.0,580433.0,459525.0,214553.0,567704.0,145968.0,462781.0,6019.0,172671.0,2672328.0
2022-07-01,61856.0,3351847.0,1094818.0,767313.0,-2153.0,186089.0,6594472.0,29777.0,382306.0,183534.0,1708937.0,908729.0,1711090.0,617966.0,476022.0,222365.0,578042.0,149347.0,468647.0,6879.0,235660.0,2773805.0
2022-10-01,63827.0,3502937.0,1110144.0,722604.0,-4372.0,188809.0,6743359.0,27863.0,321651.0,183753.0,1691099.0,921335.0,1695471.0,575395.0,495518.0,229769.0,592878.0,147209.0,467042.0,6707.0,253743.0,2910059.0
2023-01-01,56504.0,3654550.0,1127641.0,699978.0,-6331.0,191631.0,6872316.0,26121.0,398633.0,184311.0,1647886.0,936010.0,1654217.0,553433.0,472518.0,240907.0,612565.0,146544.0,468360.0,5632.0,154801.0,3041985.0
2023-04-01,56686.0,3428488.0,1139734.0,762305.0,-7896.0,193156.0,6729261.0,25619.0,394033.0,178464.0,1715661.0,946578.0,1723557.0,606961.0,480080.0,246022.0,604271.0,155343.0,470996.0,6679.0,212928.0,2824217.0
2023-07-01,61781.0,3434090.0,1153260.0,811954.0,-8986.0,195089.0,6803498.0,26163.0,412503.0,163343.0,1767105.0,958171.0,1776091.0,649687.0,490267.0,248746.0,612290.0,162267.0,475206.0,7529.0,237184.0,2821801.0
2023-10-01,61226.0,3692440.0,1167113.0,782737.0,-9546.0,196964.0,7071015.0,24904.0,403631.0,163868.0,1757818.0,970148.0,1767365.0,622217.0,506129.0,253404.0,635818.0,160520.0,478548.0,7276.0,218586.0,3056622.0
2024-01-01,78268.0,3847297.0,1178521.0,787954.0,-10120.0,199028.0,7245466.0,24212.0,422300.0,154857.0,1760098.0,979494.0,1770218.0,628739.0,487610.0,261530.0,651929.0,159215.0,483762.0,5783.0,206438.0,3195368.0
2024-04-01,64875.0,3619249.0,1195254.0,874731.0,-10439.0,201018.0,7120824.0,23600.0,383184.0,151276.0,1841673.0,994236.0,1852113.0,695597.0,497879.0,263353.0,641597.0,179134.0,488248.0,6818.0,312412.0,2977652.0
2024-07-01,70480.0,3610613.0,1213473.0,894791.0,-10054.0,203763.0,7166637.0,23199.0,415772.0,146744.0,1870419.0,1009710.0,1880473.0,718044.0,504539.0,263920.0,648044.0,176746.0,495330.0,7952.0,302272.0,2962569.0
2024-10-01,76927.0,3956485.0,1229011.0,850613.0,-9915.0,206209.0,7525837.0,23547.0,398884.0,152165.0,1862433.0,1022802.0,1872348.0,681062.0,524584.0,268059.0,676181.0,169551.0,501456.0,7641.0,282178.0,3280303.0
